[     166ms] [LOG] [Fast Refresh] rebuilding @ http://localhost:3000/_next/static/chunks/node_modules_next_dist_f3530cac._.js:2297
[     449ms] [LOG] [Fast Refresh] done in 406ms @ http://localhost:3000/_next/static/chunks/node_modules_next_dist_f3530cac._.js:2297
[     673ms] [INFO] %cDownload the React DevTools for a better development experience: https://react.dev/link/react-devtools font-weight:bold @ http://localhost:3000/_next/static/chunks/node_modules_next_dist_f3530cac._.js:2297
[     734ms] [LOG] [HMR] connected @ http://localhost:3000/_next/static/chunks/node_modules_next_dist_f3530cac._.js:2297
[    1443ms] [LOG] [Fast Refresh] rebuilding @ http://localhost:3000/_next/static/chunks/node_modules_next_dist_f3530cac._.js:2297
[    1509ms] [LOG] [Fast Refresh] done in 173ms @ http://localhost:3000/_next/static/chunks/node_modules_next_dist_f3530cac._.js:2297
[    2112ms] [WARNING] updating from  114 to  122 @ http://localhost:3000/_next/static/chunks/node_modules_next_dist_f3530cac._.js:2297
[   58027ms] [LOG] [Fast Refresh] rebuilding @ http://localhost:3000/_next/static/chunks/node_modules_next_dist_f3530cac._.js:2297
[   58126ms] [ERROR] ./src/components/ui/background-boxes.tsx:1:2
Parsing ecmascript source code failed
> 1 | o'use client'
    |  ^^^^^^^^^^^^
  2 |
  3 | import React, { useEffect, useRef } from 'react'
  4 | import { cn } from '@/lib/utils'

Expected ';', '}' or <eof>

Import traces:
  Client Component Browser:
    ./src/components/ui/background-boxes.tsx [Client Component Browser]
    ./src/components/sections/Hero.tsx [Client Component Browser]
    ./src/components/sections/Hero.tsx [Server Component]
    ./src/app/page.tsx [Server Component]

  Client Component SSR:
    ./src/components/ui/background-boxes.tsx [Client Component SSR]
    ./src/components/sections/Hero.tsx [Client Component SSR]
    ./src/components/sections/Hero.tsx [Server Component]
    ./src/app/page.tsx [Server Component] @ http://localhost:3000/_next/static/chunks/node_modules_next_dist_f3530cac._.js:3127
[   58268ms] [ERROR] ./src/components/ui/background-boxes.tsx:1:2
Parsing ecmascript source code failed
> 1 | o'use client'
    |  ^^^^^^^^^^^^
  2 |
  3 | import React, { useEffect, useRef } from 'react'
  4 | import { cn } from '@/lib/utils'

Expected ';', '}' or <eof>

Import traces:
  Client Component Browser:
    ./src/components/ui/background-boxes.tsx [Client Component Browser]
    ./src/components/sections/Hero.tsx [Client Component Browser]
    ./src/components/sections/Hero.tsx [Server Component]
    ./src/app/page.tsx [Server Component]

  Client Component SSR:
    ./src/components/ui/background-boxes.tsx [Client Component SSR]
    ./src/components/sections/Hero.tsx [Client Component SSR]
    ./src/components/sections/Hero.tsx [Server Component]
    ./src/app/page.tsx [Server Component] @ http://localhost:3000/_next/static/chunks/node_modules_next_dist_f3530cac._.js:3127
[   58331ms] [ERROR] ./src/components/ui/background-boxes.tsx:1:2
Parsing ecmascript source code failed
> 1 | o'use client'
    |  ^^^^^^^^^^^^
  2 |
  3 | import React, { useEffect, useRef } from 'react'
  4 | import { cn } from '@/lib/utils'

Expected ';', '}' or <eof>

Import traces:
  Client Component Browser:
    ./src/components/ui/background-boxes.tsx [Client Component Browser]
    ./src/components/sections/Hero.tsx [Client Component Browser]
    ./src/components/sections/Hero.tsx [Server Component]
    ./src/app/page.tsx [Server Component]

  Client Component SSR:
    ./src/components/ui/background-boxes.tsx [Client Component SSR]
    ./src/components/sections/Hero.tsx [Client Component SSR]
    ./src/components/sections/Hero.tsx [Server Component]
    ./src/app/page.tsx [Server Component] @ http://localhost:3000/_next/static/chunks/node_modules_next_dist_f3530cac._.js:3127
[   58402ms] [ERROR] ./src/components/ui/background-boxes.tsx:1:2
Parsing ecmascript source code failed
> 1 | o'use client'
    |  ^^^^^^^^^^^^
  2 |
  3 | import React, { useEffect, useRef } from 'react'
  4 | import { cn } from '@/lib/utils'

Expected ';', '}' or <eof>

Import traces:
  Client Component Browser:
    ./src/components/ui/background-boxes.tsx [Client Component Browser]
    ./src/components/sections/Hero.tsx [Client Component Browser]
    ./src/components/sections/Hero.tsx [Server Component]
    ./src/app/page.tsx [Server Component]

  Client Component SSR:
    ./src/components/ui/background-boxes.tsx [Client Component SSR]
    ./src/components/sections/Hero.tsx [Client Component SSR]
    ./src/components/sections/Hero.tsx [Server Component]
    ./src/app/page.tsx [Server Component] @ http://localhost:3000/_next/static/chunks/node_modules_next_dist_f3530cac._.js:3127
[   58527ms] [LOG] [Fast Refresh] rebuilding @ http://localhost:3000/_next/static/chunks/node_modules_next_dist_f3530cac._.js:2297
[   58571ms] [ERROR] ./src/components/ui/background-boxes.tsx:1:2
Parsing ecmascript source code failed
> 1 | o'use client'
    |  ^^^^^^^^^^^^
  2 |
  3 | import React, { useEffect, useRef } from 'react'
  4 | import { cn } from '@/lib/utils'

Expected ';', '}' or <eof>

Import traces:
  Client Component Browser:
    ./src/components/ui/background-boxes.tsx [Client Component Browser]
    ./src/components/sections/Hero.tsx [Client Component Browser]
    ./src/components/sections/Hero.tsx [Server Component]
    ./src/app/page.tsx [Server Component]

  Client Component SSR:
    ./src/components/ui/background-boxes.tsx [Client Component SSR]
    ./src/components/sections/Hero.tsx [Client Component SSR]
    ./src/components/sections/Hero.tsx [Server Component]
    ./src/app/page.tsx [Server Component] @ http://localhost:3000/_next/static/chunks/node_modules_next_dist_f3530cac._.js:3127
[   58592ms] [ERROR] ./src/components/ui/background-boxes.tsx:1:2
Parsing ecmascript source code failed
> 1 | o'use client'
    |  ^^^^^^^^^^^^
  2 |
  3 | import React, { useEffect, useRef } from 'react'
  4 | import { cn } from '@/lib/utils'

Expected ';', '}' or <eof>

Import traces:
  Client Component Browser:
    ./src/components/ui/background-boxes.tsx [Client Component Browser]
    ./src/components/sections/Hero.tsx [Client Component Browser]
    ./src/components/sections/Hero.tsx [Server Component]
    ./src/app/page.tsx [Server Component]

  Client Component SSR:
    ./src/components/ui/background-boxes.tsx [Client Component SSR]
    ./src/components/sections/Hero.tsx [Client Component SSR]
    ./src/components/sections/Hero.tsx [Server Component]
    ./src/app/page.tsx [Server Component] @ http://localhost:3000/_next/static/chunks/node_modules_next_dist_f3530cac._.js:3127
[   58645ms] [ERROR] ./src/components/ui/background-boxes.tsx:1:2
Parsing ecmascript source code failed
> 1 | o'use client'
    |  ^^^^^^^^^^^^
  2 |
  3 | import React, { useEffect, useRef } from 'react'
  4 | import { cn } from '@/lib/utils'

Expected ';', '}' or <eof>

Import traces:
  Client Component Browser:
    ./src/components/ui/background-boxes.tsx [Client Component Browser]
    ./src/components/sections/Hero.tsx [Client Component Browser]
    ./src/components/sections/Hero.tsx [Server Component]
    ./src/app/page.tsx [Server Component]

  Client Component SSR:
    ./src/components/ui/background-boxes.tsx [Client Component SSR]
    ./src/components/sections/Hero.tsx [Client Component SSR]
    ./src/components/sections/Hero.tsx [Server Component]
    ./src/app/page.tsx [Server Component] @ http://localhost:3000/_next/static/chunks/node_modules_next_dist_f3530cac._.js:3127
[   58674ms] [ERROR] ./src/components/ui/background-boxes.tsx:1:2
Parsing ecmascript source code failed
> 1 | o'use client'
    |  ^^^^^^^^^^^^
  2 |
  3 | import React, { useEffect, useRef } from 'react'
  4 | import { cn } from '@/lib/utils'

Expected ';', '}' or <eof>

Import traces:
  Client Component Browser:
    ./src/components/ui/background-boxes.tsx [Client Component Browser]
    ./src/components/sections/Hero.tsx [Client Component Browser]
    ./src/components/sections/Hero.tsx [Server Component]
    ./src/app/page.tsx [Server Component]

  Client Component SSR:
    ./src/components/ui/background-boxes.tsx [Client Component SSR]
    ./src/components/sections/Hero.tsx [Client Component SSR]
    ./src/components/sections/Hero.tsx [Server Component]
    ./src/app/page.tsx [Server Component] @ http://localhost:3000/_next/static/chunks/node_modules_next_dist_f3530cac._.js:3127
[   58704ms] [ERROR] ./src/components/ui/background-boxes.tsx:1:2
Parsing ecmascript source code failed
> 1 | o'use client'
    |  ^^^^^^^^^^^^
  2 |
  3 | import React, { useEffect, useRef } from 'react'
  4 | import { cn } from '@/lib/utils'

Expected ';', '}' or <eof>

Import traces:
  Client Component Browser:
    ./src/components/ui/background-boxes.tsx [Client Component Browser]
    ./src/components/sections/Hero.tsx [Client Component Browser]
    ./src/components/sections/Hero.tsx [Server Component]
    ./src/app/page.tsx [Server Component]

  Client Component SSR:
    ./src/components/ui/background-boxes.tsx [Client Component SSR]
    ./src/components/sections/Hero.tsx [Client Component SSR]
    ./src/components/sections/Hero.tsx [Server Component]
    ./src/app/page.tsx [Server Component] @ http://localhost:3000/_next/static/chunks/node_modules_next_dist_f3530cac._.js:3127
[   58739ms] [ERROR] ./src/components/ui/background-boxes.tsx:1:2
Parsing ecmascript source code failed
> 1 | o'use client'
    |  ^^^^^^^^^^^^
  2 |
  3 | import React, { useEffect, useRef } from 'react'
  4 | import { cn } from '@/lib/utils'

Expected ';', '}' or <eof>

Import traces:
  Client Component Browser:
    ./src/components/ui/background-boxes.tsx [Client Component Browser]
    ./src/components/sections/Hero.tsx [Client Component Browser]
    ./src/components/sections/Hero.tsx [Server Component]
    ./src/app/page.tsx [Server Component]

  Client Component SSR:
    ./src/components/ui/background-boxes.tsx [Client Component SSR]
    ./src/components/sections/Hero.tsx [Client Component SSR]
    ./src/components/sections/Hero.tsx [Server Component]
    ./src/app/page.tsx [Server Component] @ http://localhost:3000/_next/static/chunks/node_modules_next_dist_f3530cac._.js:3127
[   58757ms] [ERROR] ./src/components/ui/background-boxes.tsx:1:2
Parsing ecmascript source code failed
> 1 | o'use client'
    |  ^^^^^^^^^^^^
  2 |
  3 | import React, { useEffect, useRef } from 'react'
  4 | import { cn } from '@/lib/utils'

Expected ';', '}' or <eof>

Import traces:
  Client Component Browser:
    ./src/components/ui/background-boxes.tsx [Client Component Browser]
    ./src/components/sections/Hero.tsx [Client Component Browser]
    ./src/components/sections/Hero.tsx [Server Component]
    ./src/app/page.tsx [Server Component]

  Client Component SSR:
    ./src/components/ui/background-boxes.tsx [Client Component SSR]
    ./src/components/sections/Hero.tsx [Client Component SSR]
    ./src/components/sections/Hero.tsx [Server Component]
    ./src/app/page.tsx [Server Component] @ http://localhost:3000/_next/static/chunks/node_modules_next_dist_f3530cac._.js:3127
[   58857ms] [ERROR] ./src/components/ui/background-boxes.tsx:1:2
Parsing ecmascript source code failed
> 1 | o'use client'
    |  ^^^^^^^^^^^^
  2 |
  3 | import React, { useEffect, useRef } from 'react'
  4 | import { cn } from '@/lib/utils'

Expected ';', '}' or <eof>

Import traces:
  Client Component Browser:
    ./src/components/ui/background-boxes.tsx [Client Component Browser]
    ./src/components/sections/Hero.tsx [Client Component Browser]
    ./src/components/sections/Hero.tsx [Server Component]
    ./src/app/page.tsx [Server Component]

  Client Component SSR:
    ./src/components/ui/background-boxes.tsx [Client Component SSR]
    ./src/components/sections/Hero.tsx [Client Component SSR]
    ./src/components/sections/Hero.tsx [Server Component]
    ./src/app/page.tsx [Server Component] @ http://localhost:3000/_next/static/chunks/node_modules_next_dist_f3530cac._.js:3127
[   58880ms] [LOG] [Fast Refresh] rebuilding @ http://localhost:3000/_next/static/chunks/node_modules_next_dist_f3530cac._.js:2297
[   58938ms] [ERROR] ./src/components/ui/background-boxes.tsx:1:2
Parsing ecmascript source code failed
> 1 | o'use client'
    |  ^^^^^^^^^^^^
  2 |
  3 | import React, { useEffect, useRef } from 'react'
  4 | import { cn } from '@/lib/utils'

Expected ';', '}' or <eof>

Import traces:
  Client Component Browser:
    ./src/components/ui/background-boxes.tsx [Client Component Browser]
    ./src/components/sections/Hero.tsx [Client Component Browser]
    ./src/components/sections/Hero.tsx [Server Component]
    ./src/app/page.tsx [Server Component]

  Client Component SSR:
    ./src/components/ui/background-boxes.tsx [Client Component SSR]
    ./src/components/sections/Hero.tsx [Client Component SSR]
    ./src/components/sections/Hero.tsx [Server Component]
    ./src/app/page.tsx [Server Component] @ http://localhost:3000/_next/static/chunks/node_modules_next_dist_f3530cac._.js:3127
[   59021ms] [ERROR] ./src/components/ui/background-boxes.tsx:1:2
Parsing ecmascript source code failed
> 1 | o'use client'
    |  ^^^^^^^^^^^^
  2 |
  3 | import React, { useEffect, useRef } from 'react'
  4 | import { cn } from '@/lib/utils'

Expected ';', '}' or <eof>

Import traces:
  Client Component Browser:
    ./src/components/ui/background-boxes.tsx [Client Component Browser]
    ./src/components/sections/Hero.tsx [Client Component Browser]
    ./src/components/sections/Hero.tsx [Server Component]
    ./src/app/page.tsx [Server Component]

  Client Component SSR:
    ./src/components/ui/background-boxes.tsx [Client Component SSR]
    ./src/components/sections/Hero.tsx [Client Component SSR]
    ./src/components/sections/Hero.tsx [Server Component]
    ./src/app/page.tsx [Server Component] @ http://localhost:3000/_next/static/chunks/node_modules_next_dist_f3530cac._.js:3127
[   59110ms] [ERROR] ./src/components/ui/background-boxes.tsx:1:2
Parsing ecmascript source code failed
> 1 | o'use client'
    |  ^^^^^^^^^^^^
  2 |
  3 | import React, { useEffect, useRef } from 'react'
  4 | import { cn } from '@/lib/utils'

Expected ';', '}' or <eof>

Import traces:
  Client Component Browser:
    ./src/components/ui/background-boxes.tsx [Client Component Browser]
    ./src/components/sections/Hero.tsx [Client Component Browser]
    ./src/components/sections/Hero.tsx [Server Component]
    ./src/app/page.tsx [Server Component]

  Client Component SSR:
    ./src/components/ui/background-boxes.tsx [Client Component SSR]
    ./src/components/sections/Hero.tsx [Client Component SSR]
    ./src/components/sections/Hero.tsx [Server Component]
    ./src/app/page.tsx [Server Component] @ http://localhost:3000/_next/static/chunks/node_modules_next_dist_f3530cac._.js:3127
[   59174ms] [ERROR] ./src/components/ui/background-boxes.tsx:1:2
Parsing ecmascript source code failed
> 1 | o'use client'
    |  ^^^^^^^^^^^^
  2 |
  3 | import React, { useEffect, useRef } from 'react'
  4 | import { cn } from '@/lib/utils'

Expected ';', '}' or <eof>

Import traces:
  Client Component Browser:
    ./src/components/ui/background-boxes.tsx [Client Component Browser]
    ./src/components/sections/Hero.tsx [Client Component Browser]
    ./src/components/sections/Hero.tsx [Server Component]
    ./src/app/page.tsx [Server Component]

  Client Component SSR:
    ./src/components/ui/background-boxes.tsx [Client Component SSR]
    ./src/components/sections/Hero.tsx [Client Component SSR]
    ./src/components/sections/Hero.tsx [Server Component]
    ./src/app/page.tsx [Server Component] @ http://localhost:3000/_next/static/chunks/node_modules_next_dist_f3530cac._.js:3127
[   59266ms] [ERROR] ./src/components/ui/background-boxes.tsx:1:2
Parsing ecmascript source code failed
> 1 | o'use client'
    |  ^^^^^^^^^^^^
  2 |
  3 | import React, { useEffect, useRef } from 'react'
  4 | import { cn } from '@/lib/utils'

Expected ';', '}' or <eof>

Import traces:
  Client Component Browser:
    ./src/components/ui/background-boxes.tsx [Client Component Browser]
    ./src/components/sections/Hero.tsx [Client Component Browser]
    ./src/components/sections/Hero.tsx [Server Component]
    ./src/app/page.tsx [Server Component]

  Client Component SSR:
    ./src/components/ui/background-boxes.tsx [Client Component SSR]
    ./src/components/sections/Hero.tsx [Client Component SSR]
    ./src/components/sections/Hero.tsx [Server Component]
    ./src/app/page.tsx [Server Component] @ http://localhost:3000/_next/static/chunks/node_modules_next_dist_f3530cac._.js:3127
[   59364ms] [ERROR] ./src/components/ui/background-boxes.tsx:1:2
Parsing ecmascript source code failed
> 1 | o'use client'
    |  ^^^^^^^^^^^^
  2 |
  3 | import React, { useEffect, useRef } from 'react'
  4 | import { cn } from '@/lib/utils'

Expected ';', '}' or <eof>

Import traces:
  Client Component Browser:
    ./src/components/ui/background-boxes.tsx [Client Component Browser]
    ./src/components/sections/Hero.tsx [Client Component Browser]
    ./src/components/sections/Hero.tsx [Server Component]
    ./src/app/page.tsx [Server Component]

  Client Component SSR:
    ./src/components/ui/background-boxes.tsx [Client Component SSR]
    ./src/components/sections/Hero.tsx [Client Component SSR]
    ./src/components/sections/Hero.tsx [Server Component]
    ./src/app/page.tsx [Server Component] @ http://localhost:3000/_next/static/chunks/node_modules_next_dist_f3530cac._.js:3127
[   59459ms] [ERROR] ./src/components/ui/background-boxes.tsx:1:2
Parsing ecmascript source code failed
> 1 | o'use client'
    |  ^^^^^^^^^^^^
  2 |
  3 | import React, { useEffect, useRef } from 'react'
  4 | import { cn } from '@/lib/utils'

Expected ';', '}' or <eof>

Import traces:
  Client Component Browser:
    ./src/components/ui/background-boxes.tsx [Client Component Browser]
    ./src/components/sections/Hero.tsx [Client Component Browser]
    ./src/components/sections/Hero.tsx [Server Component]
    ./src/app/page.tsx [Server Component]

  Client Component SSR:
    ./src/components/ui/background-boxes.tsx [Client Component SSR]
    ./src/components/sections/Hero.tsx [Client Component SSR]
    ./src/components/sections/Hero.tsx [Server Component]
    ./src/app/page.tsx [Server Component] @ http://localhost:3000/_next/static/chunks/node_modules_next_dist_f3530cac._.js:3127
[   59534ms] [ERROR] ./src/components/ui/background-boxes.tsx:1:2
Parsing ecmascript source code failed
> 1 | o'use client'
    |  ^^^^^^^^^^^^
  2 |
  3 | import React, { useEffect, useRef } from 'react'
  4 | import { cn } from '@/lib/utils'

Expected ';', '}' or <eof>

Import traces:
  Client Component Browser:
    ./src/components/ui/background-boxes.tsx [Client Component Browser]
    ./src/components/sections/Hero.tsx [Client Component Browser]
    ./src/components/sections/Hero.tsx [Server Component]
    ./src/app/page.tsx [Server Component]

  Client Component SSR:
    ./src/components/ui/background-boxes.tsx [Client Component SSR]
    ./src/components/sections/Hero.tsx [Client Component SSR]
    ./src/components/sections/Hero.tsx [Server Component]
    ./src/app/page.tsx [Server Component] @ http://localhost:3000/_next/static/chunks/node_modules_next_dist_f3530cac._.js:3127
[   59607ms] [ERROR] ./src/components/ui/background-boxes.tsx:1:2
Parsing ecmascript source code failed
> 1 | o'use client'
    |  ^^^^^^^^^^^^
  2 |
  3 | import React, { useEffect, useRef } from 'react'
  4 | import { cn } from '@/lib/utils'

Expected ';', '}' or <eof>

Import traces:
  Client Component Browser:
    ./src/components/ui/background-boxes.tsx [Client Component Browser]
    ./src/components/sections/Hero.tsx [Client Component Browser]
    ./src/components/sections/Hero.tsx [Server Component]
    ./src/app/page.tsx [Server Component]

  Client Component SSR:
    ./src/components/ui/background-boxes.tsx [Client Component SSR]
    ./src/components/sections/Hero.tsx [Client Component SSR]
    ./src/components/sections/Hero.tsx [Server Component]
    ./src/app/page.tsx [Server Component] @ http://localhost:3000/_next/static/chunks/node_modules_next_dist_f3530cac._.js:3127
[   59699ms] [ERROR] ./src/components/ui/background-boxes.tsx:1:2
Parsing ecmascript source code failed
> 1 | o'use client'
    |  ^^^^^^^^^^^^
  2 |
  3 | import React, { useEffect, useRef } from 'react'
  4 | import { cn } from '@/lib/utils'

Expected ';', '}' or <eof>

Import traces:
  Client Component Browser:
    ./src/components/ui/background-boxes.tsx [Client Component Browser]
    ./src/components/sections/Hero.tsx [Client Component Browser]
    ./src/components/sections/Hero.tsx [Server Component]
    ./src/app/page.tsx [Server Component]

  Client Component SSR:
    ./src/components/ui/background-boxes.tsx [Client Component SSR]
    ./src/components/sections/Hero.tsx [Client Component SSR]
    ./src/components/sections/Hero.tsx [Server Component]
    ./src/app/page.tsx [Server Component] @ http://localhost:3000/_next/static/chunks/node_modules_next_dist_f3530cac._.js:3127
[   59792ms] [ERROR] ./src/components/ui/background-boxes.tsx:1:2
Parsing ecmascript source code failed
> 1 | o'use client'
    |  ^^^^^^^^^^^^
  2 |
  3 | import React, { useEffect, useRef } from 'react'
  4 | import { cn } from '@/lib/utils'

Expected ';', '}' or <eof>

Import traces:
  Client Component Browser:
    ./src/components/ui/background-boxes.tsx [Client Component Browser]
    ./src/components/sections/Hero.tsx [Client Component Browser]
    ./src/components/sections/Hero.tsx [Server Component]
    ./src/app/page.tsx [Server Component]

  Client Component SSR:
    ./src/components/ui/background-boxes.tsx [Client Component SSR]
    ./src/components/sections/Hero.tsx [Client Component SSR]
    ./src/components/sections/Hero.tsx [Server Component]
    ./src/app/page.tsx [Server Component] @ http://localhost:3000/_next/static/chunks/node_modules_next_dist_f3530cac._.js:3127
[   59866ms] [ERROR] ./src/components/ui/background-boxes.tsx:1:2
Parsing ecmascript source code failed
> 1 | o'use client'
    |  ^^^^^^^^^^^^
  2 |
  3 | import React, { useEffect, useRef } from 'react'
  4 | import { cn } from '@/lib/utils'

Expected ';', '}' or <eof>

Import traces:
  Client Component Browser:
    ./src/components/ui/background-boxes.tsx [Client Component Browser]
    ./src/components/sections/Hero.tsx [Client Component Browser]
    ./src/components/sections/Hero.tsx [Server Component]
    ./src/app/page.tsx [Server Component]

  Client Component SSR:
    ./src/components/ui/background-boxes.tsx [Client Component SSR]
    ./src/components/sections/Hero.tsx [Client Component SSR]
    ./src/components/sections/Hero.tsx [Server Component]
    ./src/app/page.tsx [Server Component] @ http://localhost:3000/_next/static/chunks/node_modules_next_dist_f3530cac._.js:3127
[   59961ms] [ERROR] ./src/components/ui/background-boxes.tsx:1:2
Parsing ecmascript source code failed
> 1 | o'use client'
    |  ^^^^^^^^^^^^
  2 |
  3 | import React, { useEffect, useRef } from 'react'
  4 | import { cn } from '@/lib/utils'

Expected ';', '}' or <eof>

Import traces:
  Client Component Browser:
    ./src/components/ui/background-boxes.tsx [Client Component Browser]
    ./src/components/sections/Hero.tsx [Client Component Browser]
    ./src/components/sections/Hero.tsx [Server Component]
    ./src/app/page.tsx [Server Component]

  Client Component SSR:
    ./src/components/ui/background-boxes.tsx [Client Component SSR]
    ./src/components/sections/Hero.tsx [Client Component SSR]
    ./src/components/sections/Hero.tsx [Server Component]
    ./src/app/page.tsx [Server Component] @ http://localhost:3000/_next/static/chunks/node_modules_next_dist_f3530cac._.js:3127
[   60035ms] [ERROR] ./src/components/ui/background-boxes.tsx:1:2
Parsing ecmascript source code failed
> 1 | o'use client'
    |  ^^^^^^^^^^^^
  2 |
  3 | import React, { useEffect, useRef } from 'react'
  4 | import { cn } from '@/lib/utils'

Expected ';', '}' or <eof>

Import traces:
  Client Component Browser:
    ./src/components/ui/background-boxes.tsx [Client Component Browser]
    ./src/components/sections/Hero.tsx [Client Component Browser]
    ./src/components/sections/Hero.tsx [Server Component]
    ./src/app/page.tsx [Server Component]

  Client Component SSR:
    ./src/components/ui/background-boxes.tsx [Client Component SSR]
    ./src/components/sections/Hero.tsx [Client Component SSR]
    ./src/components/sections/Hero.tsx [Server Component]
    ./src/app/page.tsx [Server Component] @ http://localhost:3000/_next/static/chunks/node_modules_next_dist_f3530cac._.js:3127
[   60127ms] [ERROR] ./src/components/ui/background-boxes.tsx:1:2
Parsing ecmascript source code failed
> 1 | o'use client'
    |  ^^^^^^^^^^^^
  2 |
  3 | import React, { useEffect, useRef } from 'react'
  4 | import { cn } from '@/lib/utils'

Expected ';', '}' or <eof>

Import traces:
  Client Component Browser:
    ./src/components/ui/background-boxes.tsx [Client Component Browser]
    ./src/components/sections/Hero.tsx [Client Component Browser]
    ./src/components/sections/Hero.tsx [Server Component]
    ./src/app/page.tsx [Server Component]

  Client Component SSR:
    ./src/components/ui/background-boxes.tsx [Client Component SSR]
    ./src/components/sections/Hero.tsx [Client Component SSR]
    ./src/components/sections/Hero.tsx [Server Component]
    ./src/app/page.tsx [Server Component] @ http://localhost:3000/_next/static/chunks/node_modules_next_dist_f3530cac._.js:3127
[   60221ms] [ERROR] ./src/components/ui/background-boxes.tsx:1:2
Parsing ecmascript source code failed
> 1 | o'use client'
    |  ^^^^^^^^^^^^
  2 |
  3 | import React, { useEffect, useRef } from 'react'
  4 | import { cn } from '@/lib/utils'

Expected ';', '}' or <eof>

Import traces:
  Client Component Browser:
    ./src/components/ui/background-boxes.tsx [Client Component Browser]
    ./src/components/sections/Hero.tsx [Client Component Browser]
    ./src/components/sections/Hero.tsx [Server Component]
    ./src/app/page.tsx [Server Component]

  Client Component SSR:
    ./src/components/ui/background-boxes.tsx [Client Component SSR]
    ./src/components/sections/Hero.tsx [Client Component SSR]
    ./src/components/sections/Hero.tsx [Server Component]
    ./src/app/page.tsx [Server Component] @ http://localhost:3000/_next/static/chunks/node_modules_next_dist_f3530cac._.js:3127
[   60312ms] [ERROR] ./src/components/ui/background-boxes.tsx:1:2
Parsing ecmascript source code failed
> 1 | o'use client'
    |  ^^^^^^^^^^^^
  2 |
  3 | import React, { useEffect, useRef } from 'react'
  4 | import { cn } from '@/lib/utils'

Expected ';', '}' or <eof>

Import traces:
  Client Component Browser:
    ./src/components/ui/background-boxes.tsx [Client Component Browser]
    ./src/components/sections/Hero.tsx [Client Component Browser]
    ./src/components/sections/Hero.tsx [Server Component]
    ./src/app/page.tsx [Server Component]

  Client Component SSR:
    ./src/components/ui/background-boxes.tsx [Client Component SSR]
    ./src/components/sections/Hero.tsx [Client Component SSR]
    ./src/components/sections/Hero.tsx [Server Component]
    ./src/app/page.tsx [Server Component] @ http://localhost:3000/_next/static/chunks/node_modules_next_dist_f3530cac._.js:3127
[   60399ms] [ERROR] ./src/components/ui/background-boxes.tsx:1:2
Parsing ecmascript source code failed
> 1 | o'use client'
    |  ^^^^^^^^^^^^
  2 |
  3 | import React, { useEffect, useRef } from 'react'
  4 | import { cn } from '@/lib/utils'

Expected ';', '}' or <eof>

Import traces:
  Client Component Browser:
    ./src/components/ui/background-boxes.tsx [Client Component Browser]
    ./src/components/sections/Hero.tsx [Client Component Browser]
    ./src/components/sections/Hero.tsx [Server Component]
    ./src/app/page.tsx [Server Component]

  Client Component SSR:
    ./src/components/ui/background-boxes.tsx [Client Component SSR]
    ./src/components/sections/Hero.tsx [Client Component SSR]
    ./src/components/sections/Hero.tsx [Server Component]
    ./src/app/page.tsx [Server Component] @ http://localhost:3000/_next/static/chunks/node_modules_next_dist_f3530cac._.js:3127
[   60476ms] [ERROR] ./src/components/ui/background-boxes.tsx:1:2
Parsing ecmascript source code failed
> 1 | o'use client'
    |  ^^^^^^^^^^^^
  2 |
  3 | import React, { useEffect, useRef } from 'react'
  4 | import { cn } from '@/lib/utils'

Expected ';', '}' or <eof>

Import traces:
  Client Component Browser:
    ./src/components/ui/background-boxes.tsx [Client Component Browser]
    ./src/components/sections/Hero.tsx [Client Component Browser]
    ./src/components/sections/Hero.tsx [Server Component]
    ./src/app/page.tsx [Server Component]

  Client Component SSR:
    ./src/components/ui/background-boxes.tsx [Client Component SSR]
    ./src/components/sections/Hero.tsx [Client Component SSR]
    ./src/components/sections/Hero.tsx [Server Component]
    ./src/app/page.tsx [Server Component] @ http://localhost:3000/_next/static/chunks/node_modules_next_dist_f3530cac._.js:3127
[   60550ms] [ERROR] ./src/components/ui/background-boxes.tsx:1:2
Parsing ecmascript source code failed
> 1 | o'use client'
    |  ^^^^^^^^^^^^
  2 |
  3 | import React, { useEffect, useRef } from 'react'
  4 | import { cn } from '@/lib/utils'

Expected ';', '}' or <eof>

Import traces:
  Client Component Browser:
    ./src/components/ui/background-boxes.tsx [Client Component Browser]
    ./src/components/sections/Hero.tsx [Client Component Browser]
    ./src/components/sections/Hero.tsx [Server Component]
    ./src/app/page.tsx [Server Component]

  Client Component SSR:
    ./src/components/ui/background-boxes.tsx [Client Component SSR]
    ./src/components/sections/Hero.tsx [Client Component SSR]
    ./src/components/sections/Hero.tsx [Server Component]
    ./src/app/page.tsx [Server Component] @ http://localhost:3000/_next/static/chunks/node_modules_next_dist_f3530cac._.js:3127
[   60608ms] [ERROR] ./src/components/ui/background-boxes.tsx:1:2
Parsing ecmascript source code failed
> 1 | o'use client'
    |  ^^^^^^^^^^^^
  2 |
  3 | import React, { useEffect, useRef } from 'react'
  4 | import { cn } from '@/lib/utils'

Expected ';', '}' or <eof>

Import traces:
  Client Component Browser:
    ./src/components/ui/background-boxes.tsx [Client Component Browser]
    ./src/components/sections/Hero.tsx [Client Component Browser]
    ./src/components/sections/Hero.tsx [Server Component]
    ./src/app/page.tsx [Server Component]

  Client Component SSR:
    ./src/components/ui/background-boxes.tsx [Client Component SSR]
    ./src/components/sections/Hero.tsx [Client Component SSR]
    ./src/components/sections/Hero.tsx [Server Component]
    ./src/app/page.tsx [Server Component] @ http://localhost:3000/_next/static/chunks/node_modules_next_dist_f3530cac._.js:3127
[   60707ms] [ERROR] ./src/components/ui/background-boxes.tsx:1:2
Parsing ecmascript source code failed
> 1 | o'use client'
    |  ^^^^^^^^^^^^
  2 |
  3 | import React, { useEffect, useRef } from 'react'
  4 | import { cn } from '@/lib/utils'

Expected ';', '}' or <eof>

Import traces:
  Client Component Browser:
    ./src/components/ui/background-boxes.tsx [Client Component Browser]
    ./src/components/sections/Hero.tsx [Client Component Browser]
    ./src/components/sections/Hero.tsx [Server Component]
    ./src/app/page.tsx [Server Component]

  Client Component SSR:
    ./src/components/ui/background-boxes.tsx [Client Component SSR]
    ./src/components/sections/Hero.tsx [Client Component SSR]
    ./src/components/sections/Hero.tsx [Server Component]
    ./src/app/page.tsx [Server Component] @ http://localhost:3000/_next/static/chunks/node_modules_next_dist_f3530cac._.js:3127
[   60794ms] [ERROR] ./src/components/ui/background-boxes.tsx:1:2
Parsing ecmascript source code failed
> 1 | o'use client'
    |  ^^^^^^^^^^^^
  2 |
  3 | import React, { useEffect, useRef } from 'react'
  4 | import { cn } from '@/lib/utils'

Expected ';', '}' or <eof>

Import traces:
  Client Component Browser:
    ./src/components/ui/background-boxes.tsx [Client Component Browser]
    ./src/components/sections/Hero.tsx [Client Component Browser]
    ./src/components/sections/Hero.tsx [Server Component]
    ./src/app/page.tsx [Server Component]

  Client Component SSR:
    ./src/components/ui/background-boxes.tsx [Client Component SSR]
    ./src/components/sections/Hero.tsx [Client Component SSR]
    ./src/components/sections/Hero.tsx [Server Component]
    ./src/app/page.tsx [Server Component] @ http://localhost:3000/_next/static/chunks/node_modules_next_dist_f3530cac._.js:3127
[   60873ms] [ERROR] ./src/components/ui/background-boxes.tsx:1:2
Parsing ecmascript source code failed
> 1 | o'use client'
    |  ^^^^^^^^^^^^
  2 |
  3 | import React, { useEffect, useRef } from 'react'
  4 | import { cn } from '@/lib/utils'

Expected ';', '}' or <eof>

Import traces:
  Client Component Browser:
    ./src/components/ui/background-boxes.tsx [Client Component Browser]
    ./src/components/sections/Hero.tsx [Client Component Browser]
    ./src/components/sections/Hero.tsx [Server Component]
    ./src/app/page.tsx [Server Component]

  Client Component SSR:
    ./src/components/ui/background-boxes.tsx [Client Component SSR]
    ./src/components/sections/Hero.tsx [Client Component SSR]
    ./src/components/sections/Hero.tsx [Server Component]
    ./src/app/page.tsx [Server Component] @ http://localhost:3000/_next/static/chunks/node_modules_next_dist_f3530cac._.js:3127
[   60978ms] [ERROR] ./src/components/ui/background-boxes.tsx:1:2
Parsing ecmascript source code failed
> 1 | o'use client'
    |  ^^^^^^^^^^^^
  2 |
  3 | import React, { useEffect, useRef } from 'react'
  4 | import { cn } from '@/lib/utils'

Expected ';', '}' or <eof>

Import traces:
  Client Component Browser:
    ./src/components/ui/background-boxes.tsx [Client Component Browser]
    ./src/components/sections/Hero.tsx [Client Component Browser]
    ./src/components/sections/Hero.tsx [Server Component]
    ./src/app/page.tsx [Server Component]

  Client Component SSR:
    ./src/components/ui/background-boxes.tsx [Client Component SSR]
    ./src/components/sections/Hero.tsx [Client Component SSR]
    ./src/components/sections/Hero.tsx [Server Component]
    ./src/app/page.tsx [Server Component] @ http://localhost:3000/_next/static/chunks/node_modules_next_dist_f3530cac._.js:3127
[   61117ms] [LOG] [Fast Refresh] rebuilding @ http://localhost:3000/_next/static/chunks/node_modules_next_dist_f3530cac._.js:2297
[   61233ms] [ERROR] ./src/components/ui/background-boxes.tsx:1:2
Parsing ecmascript source code failed
> 1 | o'use client'
    |  ^^^^^^^^^^^^
  2 |
  3 | import React, { useEffect, useRef } from 'react'
  4 | import { cn } from '@/lib/utils'

Expected ';', '}' or <eof>

Import traces:
  Client Component Browser:
    ./src/components/ui/background-boxes.tsx [Client Component Browser]
    ./src/components/sections/Hero.tsx [Client Component Browser]
    ./src/components/sections/Hero.tsx [Server Component]
    ./src/app/page.tsx [Server Component]

  Client Component SSR:
    ./src/components/ui/background-boxes.tsx [Client Component SSR]
    ./src/components/sections/Hero.tsx [Client Component SSR]
    ./src/components/sections/Hero.tsx [Server Component]
    ./src/app/page.tsx [Server Component] @ http://localhost:3000/_next/static/chunks/node_modules_next_dist_f3530cac._.js:3127
[   61333ms] [ERROR] ./src/components/ui/background-boxes.tsx:1:2
Parsing ecmascript source code failed
> 1 | o'use client'
    |  ^^^^^^^^^^^^
  2 |
  3 | import React, { useEffect, useRef } from 'react'
  4 | import { cn } from '@/lib/utils'

Expected ';', '}' or <eof>

Import traces:
  Client Component Browser:
    ./src/components/ui/background-boxes.tsx [Client Component Browser]
    ./src/components/sections/Hero.tsx [Client Component Browser]
    ./src/components/sections/Hero.tsx [Server Component]
    ./src/app/page.tsx [Server Component]

  Client Component SSR:
    ./src/components/ui/background-boxes.tsx [Client Component SSR]
    ./src/components/sections/Hero.tsx [Client Component SSR]
    ./src/components/sections/Hero.tsx [Server Component]
    ./src/app/page.tsx [Server Component] @ http://localhost:3000/_next/static/chunks/node_modules_next_dist_f3530cac._.js:3127
[   61493ms] [LOG] [Fast Refresh] rebuilding @ http://localhost:3000/_next/static/chunks/node_modules_next_dist_f3530cac._.js:2297
[   61562ms] [ERROR] ./src/components/ui/background-boxes.tsx:1:2
Parsing ecmascript source code failed
> 1 | o'use client'
    |  ^^^^^^^^^^^^
  2 |
  3 | import React, { useEffect, useRef } from 'react'
  4 | import { cn } from '@/lib/utils'

Expected ';', '}' or <eof>

Import traces:
  Client Component Browser:
    ./src/components/ui/background-boxes.tsx [Client Component Browser]
    ./src/components/sections/Hero.tsx [Client Component Browser]
    ./src/components/sections/Hero.tsx [Server Component]
    ./src/app/page.tsx [Server Component]

  Client Component SSR:
    ./src/components/ui/background-boxes.tsx [Client Component SSR]
    ./src/components/sections/Hero.tsx [Client Component SSR]
    ./src/components/sections/Hero.tsx [Server Component]
    ./src/app/page.tsx [Server Component] @ http://localhost:3000/_next/static/chunks/node_modules_next_dist_f3530cac._.js:3127
[   61682ms] [ERROR] ./src/components/ui/background-boxes.tsx:1:2
Parsing ecmascript source code failed
> 1 | o'use client'
    |  ^^^^^^^^^^^^
  2 |
  3 | import React, { useEffect, useRef } from 'react'
  4 | import { cn } from '@/lib/utils'

Expected ';', '}' or <eof>

Import traces:
  Client Component Browser:
    ./src/components/ui/background-boxes.tsx [Client Component Browser]
    ./src/components/sections/Hero.tsx [Client Component Browser]
    ./src/components/sections/Hero.tsx [Server Component]
    ./src/app/page.tsx [Server Component]

  Client Component SSR:
    ./src/components/ui/background-boxes.tsx [Client Component SSR]
    ./src/components/sections/Hero.tsx [Client Component SSR]
    ./src/components/sections/Hero.tsx [Server Component]
    ./src/app/page.tsx [Server Component] @ http://localhost:3000/_next/static/chunks/node_modules_next_dist_f3530cac._.js:3127
[   61764ms] [ERROR] ./src/components/ui/background-boxes.tsx:1:2
Parsing ecmascript source code failed
> 1 | o'use client'
    |  ^^^^^^^^^^^^
  2 |
  3 | import React, { useEffect, useRef } from 'react'
  4 | import { cn } from '@/lib/utils'

Expected ';', '}' or <eof>

Import traces:
  Client Component Browser:
    ./src/components/ui/background-boxes.tsx [Client Component Browser]
    ./src/components/sections/Hero.tsx [Client Component Browser]
    ./src/components/sections/Hero.tsx [Server Component]
    ./src/app/page.tsx [Server Component]

  Client Component SSR:
    ./src/components/ui/background-boxes.tsx [Client Component SSR]
    ./src/components/sections/Hero.tsx [Client Component SSR]
    ./src/components/sections/Hero.tsx [Server Component]
    ./src/app/page.tsx [Server Component] @ http://localhost:3000/_next/static/chunks/node_modules_next_dist_f3530cac._.js:3127
[   61866ms] [ERROR] ./src/components/ui/background-boxes.tsx:1:2
Parsing ecmascript source code failed
> 1 | o'use client'
    |  ^^^^^^^^^^^^
  2 |
  3 | import React, { useEffect, useRef } from 'react'
  4 | import { cn } from '@/lib/utils'

Expected ';', '}' or <eof>

Import traces:
  Client Component Browser:
    ./src/components/ui/background-boxes.tsx [Client Component Browser]
    ./src/components/sections/Hero.tsx [Client Component Browser]
    ./src/components/sections/Hero.tsx [Server Component]
    ./src/app/page.tsx [Server Component]

  Client Component SSR:
    ./src/components/ui/background-boxes.tsx [Client Component SSR]
    ./src/components/sections/Hero.tsx [Client Component SSR]
    ./src/components/sections/Hero.tsx [Server Component]
    ./src/app/page.tsx [Server Component] @ http://localhost:3000/_next/static/chunks/node_modules_next_dist_f3530cac._.js:3127
[   61927ms] [ERROR] ./src/components/ui/background-boxes.tsx:1:2
Parsing ecmascript source code failed
> 1 | o'use client'
    |  ^^^^^^^^^^^^
  2 |
  3 | import React, { useEffect, useRef } from 'react'
  4 | import { cn } from '@/lib/utils'

Expected ';', '}' or <eof>

Import traces:
  Client Component Browser:
    ./src/components/ui/background-boxes.tsx [Client Component Browser]
    ./src/components/sections/Hero.tsx [Client Component Browser]
    ./src/components/sections/Hero.tsx [Server Component]
    ./src/app/page.tsx [Server Component]

  Client Component SSR:
    ./src/components/ui/background-boxes.tsx [Client Component SSR]
    ./src/components/sections/Hero.tsx [Client Component SSR]
    ./src/components/sections/Hero.tsx [Server Component]
    ./src/app/page.tsx [Server Component] @ http://localhost:3000/_next/static/chunks/node_modules_next_dist_f3530cac._.js:3127
[   62021ms] [ERROR] ./src/components/ui/background-boxes.tsx:1:2
Parsing ecmascript source code failed
> 1 | o'use client'
    |  ^^^^^^^^^^^^
  2 |
  3 | import React, { useEffect, useRef } from 'react'
  4 | import { cn } from '@/lib/utils'

Expected ';', '}' or <eof>

Import traces:
  Client Component Browser:
    ./src/components/ui/background-boxes.tsx [Client Component Browser]
    ./src/components/sections/Hero.tsx [Client Component Browser]
    ./src/components/sections/Hero.tsx [Server Component]
    ./src/app/page.tsx [Server Component]

  Client Component SSR:
    ./src/components/ui/background-boxes.tsx [Client Component SSR]
    ./src/components/sections/Hero.tsx [Client Component SSR]
    ./src/components/sections/Hero.tsx [Server Component]
    ./src/app/page.tsx [Server Component] @ http://localhost:3000/_next/static/chunks/node_modules_next_dist_f3530cac._.js:3127
[   62114ms] [ERROR] ./src/components/ui/background-boxes.tsx:1:2
Parsing ecmascript source code failed
> 1 | o'use client'
    |  ^^^^^^^^^^^^
  2 |
  3 | import React, { useEffect, useRef } from 'react'
  4 | import { cn } from '@/lib/utils'

Expected ';', '}' or <eof>

Import traces:
  Client Component Browser:
    ./src/components/ui/background-boxes.tsx [Client Component Browser]
    ./src/components/sections/Hero.tsx [Client Component Browser]
    ./src/components/sections/Hero.tsx [Server Component]
    ./src/app/page.tsx [Server Component]

  Client Component SSR:
    ./src/components/ui/background-boxes.tsx [Client Component SSR]
    ./src/components/sections/Hero.tsx [Client Component SSR]
    ./src/components/sections/Hero.tsx [Server Component]
    ./src/app/page.tsx [Server Component] @ http://localhost:3000/_next/static/chunks/node_modules_next_dist_f3530cac._.js:3127
[   62196ms] [ERROR] ./src/components/ui/background-boxes.tsx:1:2
Parsing ecmascript source code failed
> 1 | o'use client'
    |  ^^^^^^^^^^^^
  2 |
  3 | import React, { useEffect, useRef } from 'react'
  4 | import { cn } from '@/lib/utils'

Expected ';', '}' or <eof>

Import traces:
  Client Component Browser:
    ./src/components/ui/background-boxes.tsx [Client Component Browser]
    ./src/components/sections/Hero.tsx [Client Component Browser]
    ./src/components/sections/Hero.tsx [Server Component]
    ./src/app/page.tsx [Server Component]

  Client Component SSR:
    ./src/components/ui/background-boxes.tsx [Client Component SSR]
    ./src/components/sections/Hero.tsx [Client Component SSR]
    ./src/components/sections/Hero.tsx [Server Component]
    ./src/app/page.tsx [Server Component] @ http://localhost:3000/_next/static/chunks/node_modules_next_dist_f3530cac._.js:3127
[   62284ms] [ERROR] ./src/components/ui/background-boxes.tsx:1:2
Parsing ecmascript source code failed
> 1 | o'use client'
    |  ^^^^^^^^^^^^
  2 |
  3 | import React, { useEffect, useRef } from 'react'
  4 | import { cn } from '@/lib/utils'

Expected ';', '}' or <eof>

Import traces:
  Client Component Browser:
    ./src/components/ui/background-boxes.tsx [Client Component Browser]
    ./src/components/sections/Hero.tsx [Client Component Browser]
    ./src/components/sections/Hero.tsx [Server Component]
    ./src/app/page.tsx [Server Component]

  Client Component SSR:
    ./src/components/ui/background-boxes.tsx [Client Component SSR]
    ./src/components/sections/Hero.tsx [Client Component SSR]
    ./src/components/sections/Hero.tsx [Server Component]
    ./src/app/page.tsx [Server Component] @ http://localhost:3000/_next/static/chunks/node_modules_next_dist_f3530cac._.js:3127
[   62366ms] [ERROR] ./src/components/ui/background-boxes.tsx:1:2
Parsing ecmascript source code failed
> 1 | o'use client'
    |  ^^^^^^^^^^^^
  2 |
  3 | import React, { useEffect, useRef } from 'react'
  4 | import { cn } from '@/lib/utils'

Expected ';', '}' or <eof>

Import traces:
  Client Component Browser:
    ./src/components/ui/background-boxes.tsx [Client Component Browser]
    ./src/components/sections/Hero.tsx [Client Component Browser]
    ./src/components/sections/Hero.tsx [Server Component]
    ./src/app/page.tsx [Server Component]

  Client Component SSR:
    ./src/components/ui/background-boxes.tsx [Client Component SSR]
    ./src/components/sections/Hero.tsx [Client Component SSR]
    ./src/components/sections/Hero.tsx [Server Component]
    ./src/app/page.tsx [Server Component] @ http://localhost:3000/_next/static/chunks/node_modules_next_dist_f3530cac._.js:3127
[   62444ms] [ERROR] ./src/components/ui/background-boxes.tsx:1:2
Parsing ecmascript source code failed
> 1 | o'use client'
    |  ^^^^^^^^^^^^
  2 |
  3 | import React, { useEffect, useRef } from 'react'
  4 | import { cn } from '@/lib/utils'

Expected ';', '}' or <eof>

Import traces:
  Client Component Browser:
    ./src/components/ui/background-boxes.tsx [Client Component Browser]
    ./src/components/sections/Hero.tsx [Client Component Browser]
    ./src/components/sections/Hero.tsx [Server Component]
    ./src/app/page.tsx [Server Component]

  Client Component SSR:
    ./src/components/ui/background-boxes.tsx [Client Component SSR]
    ./src/components/sections/Hero.tsx [Client Component SSR]
    ./src/components/sections/Hero.tsx [Server Component]
    ./src/app/page.tsx [Server Component] @ http://localhost:3000/_next/static/chunks/node_modules_next_dist_f3530cac._.js:3127
[   62532ms] [ERROR] ./src/components/ui/background-boxes.tsx:1:2
Parsing ecmascript source code failed
> 1 | o'use client'
    |  ^^^^^^^^^^^^
  2 |
  3 | import React, { useEffect, useRef } from 'react'
  4 | import { cn } from '@/lib/utils'

Expected ';', '}' or <eof>

Import traces:
  Client Component Browser:
    ./src/components/ui/background-boxes.tsx [Client Component Browser]
    ./src/components/sections/Hero.tsx [Client Component Browser]
    ./src/components/sections/Hero.tsx [Server Component]
    ./src/app/page.tsx [Server Component]

  Client Component SSR:
    ./src/components/ui/background-boxes.tsx [Client Component SSR]
    ./src/components/sections/Hero.tsx [Client Component SSR]
    ./src/components/sections/Hero.tsx [Server Component]
    ./src/app/page.tsx [Server Component] @ http://localhost:3000/_next/static/chunks/node_modules_next_dist_f3530cac._.js:3127
[   62629ms] [ERROR] ./src/components/ui/background-boxes.tsx:1:2
Parsing ecmascript source code failed
> 1 | o'use client'
    |  ^^^^^^^^^^^^
  2 |
  3 | import React, { useEffect, useRef } from 'react'
  4 | import { cn } from '@/lib/utils'

Expected ';', '}' or <eof>

Import traces:
  Client Component Browser:
    ./src/components/ui/background-boxes.tsx [Client Component Browser]
    ./src/components/sections/Hero.tsx [Client Component Browser]
    ./src/components/sections/Hero.tsx [Server Component]
    ./src/app/page.tsx [Server Component]

  Client Component SSR:
    ./src/components/ui/background-boxes.tsx [Client Component SSR]
    ./src/components/sections/Hero.tsx [Client Component SSR]
    ./src/components/sections/Hero.tsx [Server Component]
    ./src/app/page.tsx [Server Component] @ http://localhost:3000/_next/static/chunks/node_modules_next_dist_f3530cac._.js:3127
[   62708ms] [ERROR] ./src/components/ui/background-boxes.tsx:1:2
Parsing ecmascript source code failed
> 1 | o'use client'
    |  ^^^^^^^^^^^^
  2 |
  3 | import React, { useEffect, useRef } from 'react'
  4 | import { cn } from '@/lib/utils'

Expected ';', '}' or <eof>

Import traces:
  Client Component Browser:
    ./src/components/ui/background-boxes.tsx [Client Component Browser]
    ./src/components/sections/Hero.tsx [Client Component Browser]
    ./src/components/sections/Hero.tsx [Server Component]
    ./src/app/page.tsx [Server Component]

  Client Component SSR:
    ./src/components/ui/background-boxes.tsx [Client Component SSR]
    ./src/components/sections/Hero.tsx [Client Component SSR]
    ./src/components/sections/Hero.tsx [Server Component]
    ./src/app/page.tsx [Server Component] @ http://localhost:3000/_next/static/chunks/node_modules_next_dist_f3530cac._.js:3127
[   62832ms] [ERROR] ./src/components/ui/background-boxes.tsx:1:2
Parsing ecmascript source code failed
> 1 | o'use client'
    |  ^^^^^^^^^^^^
  2 |
  3 | import React, { useEffect, useRef } from 'react'
  4 | import { cn } from '@/lib/utils'

Expected ';', '}' or <eof>

Import traces:
  Client Component Browser:
    ./src/components/ui/background-boxes.tsx [Client Component Browser]
    ./src/components/sections/Hero.tsx [Client Component Browser]
    ./src/components/sections/Hero.tsx [Server Component]
    ./src/app/page.tsx [Server Component]

  Client Component SSR:
    ./src/components/ui/background-boxes.tsx [Client Component SSR]
    ./src/components/sections/Hero.tsx [Client Component SSR]
    ./src/components/sections/Hero.tsx [Server Component]
    ./src/app/page.tsx [Server Component] @ http://localhost:3000/_next/static/chunks/node_modules_next_dist_f3530cac._.js:3127
[   62877ms] [LOG] [Fast Refresh] rebuilding @ http://localhost:3000/_next/static/chunks/node_modules_next_dist_f3530cac._.js:2297
[   62946ms] [ERROR] ./src/components/ui/background-boxes.tsx:1:2
Parsing ecmascript source code failed
> 1 | o'use client'
    |  ^^^^^^^^^^^^
  2 |
  3 | import React, { useEffect, useRef } from 'react'
  4 | import { cn } from '@/lib/utils'

Expected ';', '}' or <eof>

Import traces:
  Client Component Browser:
    ./src/components/ui/background-boxes.tsx [Client Component Browser]
    ./src/components/sections/Hero.tsx [Client Component Browser]
    ./src/components/sections/Hero.tsx [Server Component]
    ./src/app/page.tsx [Server Component]

  Client Component SSR:
    ./src/components/ui/background-boxes.tsx [Client Component SSR]
    ./src/components/sections/Hero.tsx [Client Component SSR]
    ./src/components/sections/Hero.tsx [Server Component]
    ./src/app/page.tsx [Server Component] @ http://localhost:3000/_next/static/chunks/node_modules_next_dist_f3530cac._.js:3127
[   63006ms] [ERROR] ./src/components/ui/background-boxes.tsx:1:2
Parsing ecmascript source code failed
> 1 | o'use client'
    |  ^^^^^^^^^^^^
  2 |
  3 | import React, { useEffect, useRef } from 'react'
  4 | import { cn } from '@/lib/utils'

Expected ';', '}' or <eof>

Import traces:
  Client Component Browser:
    ./src/components/ui/background-boxes.tsx [Client Component Browser]
    ./src/components/sections/Hero.tsx [Client Component Browser]
    ./src/components/sections/Hero.tsx [Server Component]
    ./src/app/page.tsx [Server Component]

  Client Component SSR:
    ./src/components/ui/background-boxes.tsx [Client Component SSR]
    ./src/components/sections/Hero.tsx [Client Component SSR]
    ./src/components/sections/Hero.tsx [Server Component]
    ./src/app/page.tsx [Server Component] @ http://localhost:3000/_next/static/chunks/node_modules_next_dist_f3530cac._.js:3127
[   63062ms] [ERROR] ./src/components/ui/background-boxes.tsx:1:2
Parsing ecmascript source code failed
> 1 | o'use client'
    |  ^^^^^^^^^^^^
  2 |
  3 | import React, { useEffect, useRef } from 'react'
  4 | import { cn } from '@/lib/utils'

Expected ';', '}' or <eof>

Import traces:
  Client Component Browser:
    ./src/components/ui/background-boxes.tsx [Client Component Browser]
    ./src/components/sections/Hero.tsx [Client Component Browser]
    ./src/components/sections/Hero.tsx [Server Component]
    ./src/app/page.tsx [Server Component]

  Client Component SSR:
    ./src/components/ui/background-boxes.tsx [Client Component SSR]
    ./src/components/sections/Hero.tsx [Client Component SSR]
    ./src/components/sections/Hero.tsx [Server Component]
    ./src/app/page.tsx [Server Component] @ http://localhost:3000/_next/static/chunks/node_modules_next_dist_f3530cac._.js:3127
[   63105ms] [ERROR] ./src/components/ui/background-boxes.tsx:1:2
Parsing ecmascript source code failed
> 1 | o'use client'
    |  ^^^^^^^^^^^^
  2 |
  3 | import React, { useEffect, useRef } from 'react'
  4 | import { cn } from '@/lib/utils'

Expected ';', '}' or <eof>

Import traces:
  Client Component Browser:
    ./src/components/ui/background-boxes.tsx [Client Component Browser]
    ./src/components/sections/Hero.tsx [Client Component Browser]
    ./src/components/sections/Hero.tsx [Server Component]
    ./src/app/page.tsx [Server Component]

  Client Component SSR:
    ./src/components/ui/background-boxes.tsx [Client Component SSR]
    ./src/components/sections/Hero.tsx [Client Component SSR]
    ./src/components/sections/Hero.tsx [Server Component]
    ./src/app/page.tsx [Server Component] @ http://localhost:3000/_next/static/chunks/node_modules_next_dist_f3530cac._.js:3127
[   63123ms] [ERROR] ./src/components/ui/background-boxes.tsx:1:2
Parsing ecmascript source code failed
> 1 | o'use client'
    |  ^^^^^^^^^^^^
  2 |
  3 | import React, { useEffect, useRef } from 'react'
  4 | import { cn } from '@/lib/utils'

Expected ';', '}' or <eof>

Import traces:
  Client Component Browser:
    ./src/components/ui/background-boxes.tsx [Client Component Browser]
    ./src/components/sections/Hero.tsx [Client Component Browser]
    ./src/components/sections/Hero.tsx [Server Component]
    ./src/app/page.tsx [Server Component]

  Client Component SSR:
    ./src/components/ui/background-boxes.tsx [Client Component SSR]
    ./src/components/sections/Hero.tsx [Client Component SSR]
    ./src/components/sections/Hero.tsx [Server Component]
    ./src/app/page.tsx [Server Component] @ http://localhost:3000/_next/static/chunks/node_modules_next_dist_f3530cac._.js:3127
[   63224ms] [ERROR] ./src/components/ui/background-boxes.tsx:1:2
Parsing ecmascript source code failed
> 1 | o'use client'
    |  ^^^^^^^^^^^^
  2 |
  3 | import React, { useEffect, useRef } from 'react'
  4 | import { cn } from '@/lib/utils'

Expected ';', '}' or <eof>

Import traces:
  Client Component Browser:
    ./src/components/ui/background-boxes.tsx [Client Component Browser]
    ./src/components/sections/Hero.tsx [Client Component Browser]
    ./src/components/sections/Hero.tsx [Server Component]
    ./src/app/page.tsx [Server Component]

  Client Component SSR:
    ./src/components/ui/background-boxes.tsx [Client Component SSR]
    ./src/components/sections/Hero.tsx [Client Component SSR]
    ./src/components/sections/Hero.tsx [Server Component]
    ./src/app/page.tsx [Server Component] @ http://localhost:3000/_next/static/chunks/node_modules_next_dist_f3530cac._.js:3127
[   63224ms] [LOG] [Fast Refresh] rebuilding @ http://localhost:3000/_next/static/chunks/node_modules_next_dist_f3530cac._.js:2297
[   63308ms] [ERROR] ./src/components/ui/background-boxes.tsx:1:2
Parsing ecmascript source code failed
> 1 | o'use client'
    |  ^^^^^^^^^^^^
  2 |
  3 | import React, { useEffect, useRef } from 'react'
  4 | import { cn } from '@/lib/utils'

Expected ';', '}' or <eof>

Import traces:
  Client Component Browser:
    ./src/components/ui/background-boxes.tsx [Client Component Browser]
    ./src/components/sections/Hero.tsx [Client Component Browser]
    ./src/components/sections/Hero.tsx [Server Component]
    ./src/app/page.tsx [Server Component]

  Client Component SSR:
    ./src/components/ui/background-boxes.tsx [Client Component SSR]
    ./src/components/sections/Hero.tsx [Client Component SSR]
    ./src/components/sections/Hero.tsx [Server Component]
    ./src/app/page.tsx [Server Component] @ http://localhost:3000/_next/static/chunks/node_modules_next_dist_f3530cac._.js:3127
[   63375ms] [ERROR] ./src/components/ui/background-boxes.tsx:1:2
Parsing ecmascript source code failed
> 1 | o'use client'
    |  ^^^^^^^^^^^^
  2 |
  3 | import React, { useEffect, useRef } from 'react'
  4 | import { cn } from '@/lib/utils'

Expected ';', '}' or <eof>

Import traces:
  Client Component Browser:
    ./src/components/ui/background-boxes.tsx [Client Component Browser]
    ./src/components/sections/Hero.tsx [Client Component Browser]
    ./src/components/sections/Hero.tsx [Server Component]
    ./src/app/page.tsx [Server Component]

  Client Component SSR:
    ./src/components/ui/background-boxes.tsx [Client Component SSR]
    ./src/components/sections/Hero.tsx [Client Component SSR]
    ./src/components/sections/Hero.tsx [Server Component]
    ./src/app/page.tsx [Server Component] @ http://localhost:3000/_next/static/chunks/node_modules_next_dist_f3530cac._.js:3127
[   63439ms] [ERROR] ./src/components/ui/background-boxes.tsx:1:2
Parsing ecmascript source code failed
> 1 | o'use client'
    |  ^^^^^^^^^^^^
  2 |
  3 | import React, { useEffect, useRef } from 'react'
  4 | import { cn } from '@/lib/utils'

Expected ';', '}' or <eof>

Import traces:
  Client Component Browser:
    ./src/components/ui/background-boxes.tsx [Client Component Browser]
    ./src/components/sections/Hero.tsx [Client Component Browser]
    ./src/components/sections/Hero.tsx [Server Component]
    ./src/app/page.tsx [Server Component]

  Client Component SSR:
    ./src/components/ui/background-boxes.tsx [Client Component SSR]
    ./src/components/sections/Hero.tsx [Client Component SSR]
    ./src/components/sections/Hero.tsx [Server Component]
    ./src/app/page.tsx [Server Component] @ http://localhost:3000/_next/static/chunks/node_modules_next_dist_f3530cac._.js:3127
[   63528ms] [ERROR] ./src/components/ui/background-boxes.tsx:1:2
Parsing ecmascript source code failed
> 1 | o'use client'
    |  ^^^^^^^^^^^^
  2 |
  3 | import React, { useEffect, useRef } from 'react'
  4 | import { cn } from '@/lib/utils'

Expected ';', '}' or <eof>

Import traces:
  Client Component Browser:
    ./src/components/ui/background-boxes.tsx [Client Component Browser]
    ./src/components/sections/Hero.tsx [Client Component Browser]
    ./src/components/sections/Hero.tsx [Server Component]
    ./src/app/page.tsx [Server Component]

  Client Component SSR:
    ./src/components/ui/background-boxes.tsx [Client Component SSR]
    ./src/components/sections/Hero.tsx [Client Component SSR]
    ./src/components/sections/Hero.tsx [Server Component]
    ./src/app/page.tsx [Server Component] @ http://localhost:3000/_next/static/chunks/node_modules_next_dist_f3530cac._.js:3127
[   63603ms] [ERROR] ./src/components/ui/background-boxes.tsx:1:2
Parsing ecmascript source code failed
> 1 | o'use client'
    |  ^^^^^^^^^^^^
  2 |
  3 | import React, { useEffect, useRef } from 'react'
  4 | import { cn } from '@/lib/utils'

Expected ';', '}' or <eof>

Import traces:
  Client Component Browser:
    ./src/components/ui/background-boxes.tsx [Client Component Browser]
    ./src/components/sections/Hero.tsx [Client Component Browser]
    ./src/components/sections/Hero.tsx [Server Component]
    ./src/app/page.tsx [Server Component]

  Client Component SSR:
    ./src/components/ui/background-boxes.tsx [Client Component SSR]
    ./src/components/sections/Hero.tsx [Client Component SSR]
    ./src/components/sections/Hero.tsx [Server Component]
    ./src/app/page.tsx [Server Component] @ http://localhost:3000/_next/static/chunks/node_modules_next_dist_f3530cac._.js:3127
[   63682ms] [ERROR] ./src/components/ui/background-boxes.tsx:1:2
Parsing ecmascript source code failed
> 1 | o'use client'
    |  ^^^^^^^^^^^^
  2 |
  3 | import React, { useEffect, useRef } from 'react'
  4 | import { cn } from '@/lib/utils'

Expected ';', '}' or <eof>

Import traces:
  Client Component Browser:
    ./src/components/ui/background-boxes.tsx [Client Component Browser]
    ./src/components/sections/Hero.tsx [Client Component Browser]
    ./src/components/sections/Hero.tsx [Server Component]
    ./src/app/page.tsx [Server Component]

  Client Component SSR:
    ./src/components/ui/background-boxes.tsx [Client Component SSR]
    ./src/components/sections/Hero.tsx [Client Component SSR]
    ./src/components/sections/Hero.tsx [Server Component]
    ./src/app/page.tsx [Server Component] @ http://localhost:3000/_next/static/chunks/node_modules_next_dist_f3530cac._.js:3127
[   63741ms] [ERROR] ./src/components/ui/background-boxes.tsx:1:2
Parsing ecmascript source code failed
> 1 | o'use client'
    |  ^^^^^^^^^^^^
  2 |
  3 | import React, { useEffect, useRef } from 'react'
  4 | import { cn } from '@/lib/utils'

Expected ';', '}' or <eof>

Import traces:
  Client Component Browser:
    ./src/components/ui/background-boxes.tsx [Client Component Browser]
    ./src/components/sections/Hero.tsx [Client Component Browser]
    ./src/components/sections/Hero.tsx [Server Component]
    ./src/app/page.tsx [Server Component]

  Client Component SSR:
    ./src/components/ui/background-boxes.tsx [Client Component SSR]
    ./src/components/sections/Hero.tsx [Client Component SSR]
    ./src/components/sections/Hero.tsx [Server Component]
    ./src/app/page.tsx [Server Component] @ http://localhost:3000/_next/static/chunks/node_modules_next_dist_f3530cac._.js:3127
[   63838ms] [ERROR] ./src/components/ui/background-boxes.tsx:1:2
Parsing ecmascript source code failed
> 1 | o'use client'
    |  ^^^^^^^^^^^^
  2 |
  3 | import React, { useEffect, useRef } from 'react'
  4 | import { cn } from '@/lib/utils'

Expected ';', '}' or <eof>

Import traces:
  Client Component Browser:
    ./src/components/ui/background-boxes.tsx [Client Component Browser]
    ./src/components/sections/Hero.tsx [Client Component Browser]
    ./src/components/sections/Hero.tsx [Server Component]
    ./src/app/page.tsx [Server Component]

  Client Component SSR:
    ./src/components/ui/background-boxes.tsx [Client Component SSR]
    ./src/components/sections/Hero.tsx [Client Component SSR]
    ./src/components/sections/Hero.tsx [Server Component]
    ./src/app/page.tsx [Server Component] @ http://localhost:3000/_next/static/chunks/node_modules_next_dist_f3530cac._.js:3127
[   63918ms] [ERROR] ./src/components/ui/background-boxes.tsx:1:2
Parsing ecmascript source code failed
> 1 | o'use client'
    |  ^^^^^^^^^^^^
  2 |
  3 | import React, { useEffect, useRef } from 'react'
  4 | import { cn } from '@/lib/utils'

Expected ';', '}' or <eof>

Import traces:
  Client Component Browser:
    ./src/components/ui/background-boxes.tsx [Client Component Browser]
    ./src/components/sections/Hero.tsx [Client Component Browser]
    ./src/components/sections/Hero.tsx [Server Component]
    ./src/app/page.tsx [Server Component]

  Client Component SSR:
    ./src/components/ui/background-boxes.tsx [Client Component SSR]
    ./src/components/sections/Hero.tsx [Client Component SSR]
    ./src/components/sections/Hero.tsx [Server Component]
    ./src/app/page.tsx [Server Component] @ http://localhost:3000/_next/static/chunks/node_modules_next_dist_f3530cac._.js:3127
[   63974ms] [ERROR] ./src/components/ui/background-boxes.tsx:1:2
Parsing ecmascript source code failed
> 1 | o'use client'
    |  ^^^^^^^^^^^^
  2 |
  3 | import React, { useEffect, useRef } from 'react'
  4 | import { cn } from '@/lib/utils'

Expected ';', '}' or <eof>

Import traces:
  Client Component Browser:
    ./src/components/ui/background-boxes.tsx [Client Component Browser]
    ./src/components/sections/Hero.tsx [Client Component Browser]
    ./src/components/sections/Hero.tsx [Server Component]
    ./src/app/page.tsx [Server Component]

  Client Component SSR:
    ./src/components/ui/background-boxes.tsx [Client Component SSR]
    ./src/components/sections/Hero.tsx [Client Component SSR]
    ./src/components/sections/Hero.tsx [Server Component]
    ./src/app/page.tsx [Server Component] @ http://localhost:3000/_next/static/chunks/node_modules_next_dist_f3530cac._.js:3127
[   64067ms] [ERROR] ./src/components/ui/background-boxes.tsx:1:2
Parsing ecmascript source code failed
> 1 | o'use client'
    |  ^^^^^^^^^^^^
  2 |
  3 | import React, { useEffect, useRef } from 'react'
  4 | import { cn } from '@/lib/utils'

Expected ';', '}' or <eof>

Import traces:
  Client Component Browser:
    ./src/components/ui/background-boxes.tsx [Client Component Browser]
    ./src/components/sections/Hero.tsx [Client Component Browser]
    ./src/components/sections/Hero.tsx [Server Component]
    ./src/app/page.tsx [Server Component]

  Client Component SSR:
    ./src/components/ui/background-boxes.tsx [Client Component SSR]
    ./src/components/sections/Hero.tsx [Client Component SSR]
    ./src/components/sections/Hero.tsx [Server Component]
    ./src/app/page.tsx [Server Component] @ http://localhost:3000/_next/static/chunks/node_modules_next_dist_f3530cac._.js:3127
[   64141ms] [ERROR] ./src/components/ui/background-boxes.tsx:1:2
Parsing ecmascript source code failed
> 1 | o'use client'
    |  ^^^^^^^^^^^^
  2 |
  3 | import React, { useEffect, useRef } from 'react'
  4 | import { cn } from '@/lib/utils'

Expected ';', '}' or <eof>

Import traces:
  Client Component Browser:
    ./src/components/ui/background-boxes.tsx [Client Component Browser]
    ./src/components/sections/Hero.tsx [Client Component Browser]
    ./src/components/sections/Hero.tsx [Server Component]
    ./src/app/page.tsx [Server Component]

  Client Component SSR:
    ./src/components/ui/background-boxes.tsx [Client Component SSR]
    ./src/components/sections/Hero.tsx [Client Component SSR]
    ./src/components/sections/Hero.tsx [Server Component]
    ./src/app/page.tsx [Server Component] @ http://localhost:3000/_next/static/chunks/node_modules_next_dist_f3530cac._.js:3127
[   64230ms] [ERROR] ./src/components/ui/background-boxes.tsx:1:2
Parsing ecmascript source code failed
> 1 | o'use client'
    |  ^^^^^^^^^^^^
  2 |
  3 | import React, { useEffect, useRef } from 'react'
  4 | import { cn } from '@/lib/utils'

Expected ';', '}' or <eof>

Import traces:
  Client Component Browser:
    ./src/components/ui/background-boxes.tsx [Client Component Browser]
    ./src/components/sections/Hero.tsx [Client Component Browser]
    ./src/components/sections/Hero.tsx [Server Component]
    ./src/app/page.tsx [Server Component]

  Client Component SSR:
    ./src/components/ui/background-boxes.tsx [Client Component SSR]
    ./src/components/sections/Hero.tsx [Client Component SSR]
    ./src/components/sections/Hero.tsx [Server Component]
    ./src/app/page.tsx [Server Component] @ http://localhost:3000/_next/static/chunks/node_modules_next_dist_f3530cac._.js:3127
[   64308ms] [ERROR] ./src/components/ui/background-boxes.tsx:1:2
Parsing ecmascript source code failed
> 1 | o'use client'
    |  ^^^^^^^^^^^^
  2 |
  3 | import React, { useEffect, useRef } from 'react'
  4 | import { cn } from '@/lib/utils'

Expected ';', '}' or <eof>

Import traces:
  Client Component Browser:
    ./src/components/ui/background-boxes.tsx [Client Component Browser]
    ./src/components/sections/Hero.tsx [Client Component Browser]
    ./src/components/sections/Hero.tsx [Server Component]
    ./src/app/page.tsx [Server Component]

  Client Component SSR:
    ./src/components/ui/background-boxes.tsx [Client Component SSR]
    ./src/components/sections/Hero.tsx [Client Component SSR]
    ./src/components/sections/Hero.tsx [Server Component]
    ./src/app/page.tsx [Server Component] @ http://localhost:3000/_next/static/chunks/node_modules_next_dist_f3530cac._.js:3127
[   64391ms] [ERROR] ./src/components/ui/background-boxes.tsx:1:2
Parsing ecmascript source code failed
> 1 | o'use client'
    |  ^^^^^^^^^^^^
  2 |
  3 | import React, { useEffect, useRef } from 'react'
  4 | import { cn } from '@/lib/utils'

Expected ';', '}' or <eof>

Import traces:
  Client Component Browser:
    ./src/components/ui/background-boxes.tsx [Client Component Browser]
    ./src/components/sections/Hero.tsx [Client Component Browser]
    ./src/components/sections/Hero.tsx [Server Component]
    ./src/app/page.tsx [Server Component]

  Client Component SSR:
    ./src/components/ui/background-boxes.tsx [Client Component SSR]
    ./src/components/sections/Hero.tsx [Client Component SSR]
    ./src/components/sections/Hero.tsx [Server Component]
    ./src/app/page.tsx [Server Component] @ http://localhost:3000/_next/static/chunks/node_modules_next_dist_f3530cac._.js:3127
[   64468ms] [ERROR] ./src/components/ui/background-boxes.tsx:1:2
Parsing ecmascript source code failed
> 1 | o'use client'
    |  ^^^^^^^^^^^^
  2 |
  3 | import React, { useEffect, useRef } from 'react'
  4 | import { cn } from '@/lib/utils'

Expected ';', '}' or <eof>

Import traces:
  Client Component Browser:
    ./src/components/ui/background-boxes.tsx [Client Component Browser]
    ./src/components/sections/Hero.tsx [Client Component Browser]
    ./src/components/sections/Hero.tsx [Server Component]
    ./src/app/page.tsx [Server Component]

  Client Component SSR:
    ./src/components/ui/background-boxes.tsx [Client Component SSR]
    ./src/components/sections/Hero.tsx [Client Component SSR]
    ./src/components/sections/Hero.tsx [Server Component]
    ./src/app/page.tsx [Server Component] @ http://localhost:3000/_next/static/chunks/node_modules_next_dist_f3530cac._.js:3127
[   64546ms] [ERROR] ./src/components/ui/background-boxes.tsx:1:2
Parsing ecmascript source code failed
> 1 | o'use client'
    |  ^^^^^^^^^^^^
  2 |
  3 | import React, { useEffect, useRef } from 'react'
  4 | import { cn } from '@/lib/utils'

Expected ';', '}' or <eof>

Import traces:
  Client Component Browser:
    ./src/components/ui/background-boxes.tsx [Client Component Browser]
    ./src/components/sections/Hero.tsx [Client Component Browser]
    ./src/components/sections/Hero.tsx [Server Component]
    ./src/app/page.tsx [Server Component]

  Client Component SSR:
    ./src/components/ui/background-boxes.tsx [Client Component SSR]
    ./src/components/sections/Hero.tsx [Client Component SSR]
    ./src/components/sections/Hero.tsx [Server Component]
    ./src/app/page.tsx [Server Component] @ http://localhost:3000/_next/static/chunks/node_modules_next_dist_f3530cac._.js:3127
[   64635ms] [ERROR] ./src/components/ui/background-boxes.tsx:1:2
Parsing ecmascript source code failed
> 1 | o'use client'
    |  ^^^^^^^^^^^^
  2 |
  3 | import React, { useEffect, useRef } from 'react'
  4 | import { cn } from '@/lib/utils'

Expected ';', '}' or <eof>

Import traces:
  Client Component Browser:
    ./src/components/ui/background-boxes.tsx [Client Component Browser]
    ./src/components/sections/Hero.tsx [Client Component Browser]
    ./src/components/sections/Hero.tsx [Server Component]
    ./src/app/page.tsx [Server Component]

  Client Component SSR:
    ./src/components/ui/background-boxes.tsx [Client Component SSR]
    ./src/components/sections/Hero.tsx [Client Component SSR]
    ./src/components/sections/Hero.tsx [Server Component]
    ./src/app/page.tsx [Server Component] @ http://localhost:3000/_next/static/chunks/node_modules_next_dist_f3530cac._.js:3127
[   64730ms] [ERROR] ./src/components/ui/background-boxes.tsx:1:2
Parsing ecmascript source code failed
> 1 | o'use client'
    |  ^^^^^^^^^^^^
  2 |
  3 | import React, { useEffect, useRef } from 'react'
  4 | import { cn } from '@/lib/utils'

Expected ';', '}' or <eof>

Import traces:
  Client Component Browser:
    ./src/components/ui/background-boxes.tsx [Client Component Browser]
    ./src/components/sections/Hero.tsx [Client Component Browser]
    ./src/components/sections/Hero.tsx [Server Component]
    ./src/app/page.tsx [Server Component]

  Client Component SSR:
    ./src/components/ui/background-boxes.tsx [Client Component SSR]
    ./src/components/sections/Hero.tsx [Client Component SSR]
    ./src/components/sections/Hero.tsx [Server Component]
    ./src/app/page.tsx [Server Component] @ http://localhost:3000/_next/static/chunks/node_modules_next_dist_f3530cac._.js:3127
[   64822ms] [ERROR] ./src/components/ui/background-boxes.tsx:1:2
Parsing ecmascript source code failed
> 1 | o'use client'
    |  ^^^^^^^^^^^^
  2 |
  3 | import React, { useEffect, useRef } from 'react'
  4 | import { cn } from '@/lib/utils'

Expected ';', '}' or <eof>

Import traces:
  Client Component Browser:
    ./src/components/ui/background-boxes.tsx [Client Component Browser]
    ./src/components/sections/Hero.tsx [Client Component Browser]
    ./src/components/sections/Hero.tsx [Server Component]
    ./src/app/page.tsx [Server Component]

  Client Component SSR:
    ./src/components/ui/background-boxes.tsx [Client Component SSR]
    ./src/components/sections/Hero.tsx [Client Component SSR]
    ./src/components/sections/Hero.tsx [Server Component]
    ./src/app/page.tsx [Server Component] @ http://localhost:3000/_next/static/chunks/node_modules_next_dist_f3530cac._.js:3127
[   64892ms] [ERROR] ./src/components/ui/background-boxes.tsx:1:2
Parsing ecmascript source code failed
> 1 | o'use client'
    |  ^^^^^^^^^^^^
  2 |
  3 | import React, { useEffect, useRef } from 'react'
  4 | import { cn } from '@/lib/utils'

Expected ';', '}' or <eof>

Import traces:
  Client Component Browser:
    ./src/components/ui/background-boxes.tsx [Client Component Browser]
    ./src/components/sections/Hero.tsx [Client Component Browser]
    ./src/components/sections/Hero.tsx [Server Component]
    ./src/app/page.tsx [Server Component]

  Client Component SSR:
    ./src/components/ui/background-boxes.tsx [Client Component SSR]
    ./src/components/sections/Hero.tsx [Client Component SSR]
    ./src/components/sections/Hero.tsx [Server Component]
    ./src/app/page.tsx [Server Component] @ http://localhost:3000/_next/static/chunks/node_modules_next_dist_f3530cac._.js:3127
[   64984ms] [ERROR] ./src/components/ui/background-boxes.tsx:1:2
Parsing ecmascript source code failed
> 1 | o'use client'
    |  ^^^^^^^^^^^^
  2 |
  3 | import React, { useEffect, useRef } from 'react'
  4 | import { cn } from '@/lib/utils'

Expected ';', '}' or <eof>

Import traces:
  Client Component Browser:
    ./src/components/ui/background-boxes.tsx [Client Component Browser]
    ./src/components/sections/Hero.tsx [Client Component Browser]
    ./src/components/sections/Hero.tsx [Server Component]
    ./src/app/page.tsx [Server Component]

  Client Component SSR:
    ./src/components/ui/background-boxes.tsx [Client Component SSR]
    ./src/components/sections/Hero.tsx [Client Component SSR]
    ./src/components/sections/Hero.tsx [Server Component]
    ./src/app/page.tsx [Server Component] @ http://localhost:3000/_next/static/chunks/node_modules_next_dist_f3530cac._.js:3127
[   65078ms] [ERROR] ./src/components/ui/background-boxes.tsx:1:2
Parsing ecmascript source code failed
> 1 | o'use client'
    |  ^^^^^^^^^^^^
  2 |
  3 | import React, { useEffect, useRef } from 'react'
  4 | import { cn } from '@/lib/utils'

Expected ';', '}' or <eof>

Import traces:
  Client Component Browser:
    ./src/components/ui/background-boxes.tsx [Client Component Browser]
    ./src/components/sections/Hero.tsx [Client Component Browser]
    ./src/components/sections/Hero.tsx [Server Component]
    ./src/app/page.tsx [Server Component]

  Client Component SSR:
    ./src/components/ui/background-boxes.tsx [Client Component SSR]
    ./src/components/sections/Hero.tsx [Client Component SSR]
    ./src/components/sections/Hero.tsx [Server Component]
    ./src/app/page.tsx [Server Component] @ http://localhost:3000/_next/static/chunks/node_modules_next_dist_f3530cac._.js:3127
[   65168ms] [ERROR] ./src/components/ui/background-boxes.tsx:1:2
Parsing ecmascript source code failed
> 1 | o'use client'
    |  ^^^^^^^^^^^^
  2 |
  3 | import React, { useEffect, useRef } from 'react'
  4 | import { cn } from '@/lib/utils'

Expected ';', '}' or <eof>

Import traces:
  Client Component Browser:
    ./src/components/ui/background-boxes.tsx [Client Component Browser]
    ./src/components/sections/Hero.tsx [Client Component Browser]
    ./src/components/sections/Hero.tsx [Server Component]
    ./src/app/page.tsx [Server Component]

  Client Component SSR:
    ./src/components/ui/background-boxes.tsx [Client Component SSR]
    ./src/components/sections/Hero.tsx [Client Component SSR]
    ./src/components/sections/Hero.tsx [Server Component]
    ./src/app/page.tsx [Server Component] @ http://localhost:3000/_next/static/chunks/node_modules_next_dist_f3530cac._.js:3127
[   65271ms] [ERROR] ./src/components/ui/background-boxes.tsx:1:2
Parsing ecmascript source code failed
> 1 | o'use client'
    |  ^^^^^^^^^^^^
  2 |
  3 | import React, { useEffect, useRef } from 'react'
  4 | import { cn } from '@/lib/utils'

Expected ';', '}' or <eof>

Import traces:
  Client Component Browser:
    ./src/components/ui/background-boxes.tsx [Client Component Browser]
    ./src/components/sections/Hero.tsx [Client Component Browser]
    ./src/components/sections/Hero.tsx [Server Component]
    ./src/app/page.tsx [Server Component]

  Client Component SSR:
    ./src/components/ui/background-boxes.tsx [Client Component SSR]
    ./src/components/sections/Hero.tsx [Client Component SSR]
    ./src/components/sections/Hero.tsx [Server Component]
    ./src/app/page.tsx [Server Component] @ http://localhost:3000/_next/static/chunks/node_modules_next_dist_f3530cac._.js:3127
[   65365ms] [ERROR] ./src/components/ui/background-boxes.tsx:1:2
Parsing ecmascript source code failed
> 1 | o'use client'
    |  ^^^^^^^^^^^^
  2 |
  3 | import React, { useEffect, useRef } from 'react'
  4 | import { cn } from '@/lib/utils'

Expected ';', '}' or <eof>

Import traces:
  Client Component Browser:
    ./src/components/ui/background-boxes.tsx [Client Component Browser]
    ./src/components/sections/Hero.tsx [Client Component Browser]
    ./src/components/sections/Hero.tsx [Server Component]
    ./src/app/page.tsx [Server Component]

  Client Component SSR:
    ./src/components/ui/background-boxes.tsx [Client Component SSR]
    ./src/components/sections/Hero.tsx [Client Component SSR]
    ./src/components/sections/Hero.tsx [Server Component]
    ./src/app/page.tsx [Server Component] @ http://localhost:3000/_next/static/chunks/node_modules_next_dist_f3530cac._.js:3127
[   65439ms] [ERROR] ./src/components/ui/background-boxes.tsx:1:2
Parsing ecmascript source code failed
> 1 | o'use client'
    |  ^^^^^^^^^^^^
  2 |
  3 | import React, { useEffect, useRef } from 'react'
  4 | import { cn } from '@/lib/utils'

Expected ';', '}' or <eof>

Import traces:
  Client Component Browser:
    ./src/components/ui/background-boxes.tsx [Client Component Browser]
    ./src/components/sections/Hero.tsx [Client Component Browser]
    ./src/components/sections/Hero.tsx [Server Component]
    ./src/app/page.tsx [Server Component]

  Client Component SSR:
    ./src/components/ui/background-boxes.tsx [Client Component SSR]
    ./src/components/sections/Hero.tsx [Client Component SSR]
    ./src/components/sections/Hero.tsx [Server Component]
    ./src/app/page.tsx [Server Component] @ http://localhost:3000/_next/static/chunks/node_modules_next_dist_f3530cac._.js:3127
[   65510ms] [ERROR] ./src/components/ui/background-boxes.tsx:1:2
Parsing ecmascript source code failed
> 1 | o'use client'
    |  ^^^^^^^^^^^^
  2 |
  3 | import React, { useEffect, useRef } from 'react'
  4 | import { cn } from '@/lib/utils'

Expected ';', '}' or <eof>

Import traces:
  Client Component Browser:
    ./src/components/ui/background-boxes.tsx [Client Component Browser]
    ./src/components/sections/Hero.tsx [Client Component Browser]
    ./src/components/sections/Hero.tsx [Server Component]
    ./src/app/page.tsx [Server Component]

  Client Component SSR:
    ./src/components/ui/background-boxes.tsx [Client Component SSR]
    ./src/components/sections/Hero.tsx [Client Component SSR]
    ./src/components/sections/Hero.tsx [Server Component]
    ./src/app/page.tsx [Server Component] @ http://localhost:3000/_next/static/chunks/node_modules_next_dist_f3530cac._.js:3127
[   65629ms] [ERROR] ./src/components/ui/background-boxes.tsx:1:2
Parsing ecmascript source code failed
> 1 | o'use client'
    |  ^^^^^^^^^^^^
  2 |
  3 | import React, { useEffect, useRef } from 'react'
  4 | import { cn } from '@/lib/utils'

Expected ';', '}' or <eof>

Import traces:
  Client Component Browser:
    ./src/components/ui/background-boxes.tsx [Client Component Browser]
    ./src/components/sections/Hero.tsx [Client Component Browser]
    ./src/components/sections/Hero.tsx [Server Component]
    ./src/app/page.tsx [Server Component]

  Client Component SSR:
    ./src/components/ui/background-boxes.tsx [Client Component SSR]
    ./src/components/sections/Hero.tsx [Client Component SSR]
    ./src/components/sections/Hero.tsx [Server Component]
    ./src/app/page.tsx [Server Component] @ http://localhost:3000/_next/static/chunks/node_modules_next_dist_f3530cac._.js:3127
[   65714ms] [ERROR] ./src/components/ui/background-boxes.tsx:1:2
Parsing ecmascript source code failed
> 1 | o'use client'
    |  ^^^^^^^^^^^^
  2 |
  3 | import React, { useEffect, useRef } from 'react'
  4 | import { cn } from '@/lib/utils'

Expected ';', '}' or <eof>

Import traces:
  Client Component Browser:
    ./src/components/ui/background-boxes.tsx [Client Component Browser]
    ./src/components/sections/Hero.tsx [Client Component Browser]
    ./src/components/sections/Hero.tsx [Server Component]
    ./src/app/page.tsx [Server Component]

  Client Component SSR:
    ./src/components/ui/background-boxes.tsx [Client Component SSR]
    ./src/components/sections/Hero.tsx [Client Component SSR]
    ./src/components/sections/Hero.tsx [Server Component]
    ./src/app/page.tsx [Server Component] @ http://localhost:3000/_next/static/chunks/node_modules_next_dist_f3530cac._.js:3127
[   65797ms] [ERROR] ./src/components/ui/background-boxes.tsx:1:2
Parsing ecmascript source code failed
> 1 | o'use client'
    |  ^^^^^^^^^^^^
  2 |
  3 | import React, { useEffect, useRef } from 'react'
  4 | import { cn } from '@/lib/utils'

Expected ';', '}' or <eof>

Import traces:
  Client Component Browser:
    ./src/components/ui/background-boxes.tsx [Client Component Browser]
    ./src/components/sections/Hero.tsx [Client Component Browser]
    ./src/components/sections/Hero.tsx [Server Component]
    ./src/app/page.tsx [Server Component]

  Client Component SSR:
    ./src/components/ui/background-boxes.tsx [Client Component SSR]
    ./src/components/sections/Hero.tsx [Client Component SSR]
    ./src/components/sections/Hero.tsx [Server Component]
    ./src/app/page.tsx [Server Component] @ http://localhost:3000/_next/static/chunks/node_modules_next_dist_f3530cac._.js:3127
[   65894ms] [ERROR] ./src/components/ui/background-boxes.tsx:1:2
Parsing ecmascript source code failed
> 1 | o'use client'
    |  ^^^^^^^^^^^^
  2 |
  3 | import React, { useEffect, useRef } from 'react'
  4 | import { cn } from '@/lib/utils'

Expected ';', '}' or <eof>

Import traces:
  Client Component Browser:
    ./src/components/ui/background-boxes.tsx [Client Component Browser]
    ./src/components/sections/Hero.tsx [Client Component Browser]
    ./src/components/sections/Hero.tsx [Server Component]
    ./src/app/page.tsx [Server Component]

  Client Component SSR:
    ./src/components/ui/background-boxes.tsx [Client Component SSR]
    ./src/components/sections/Hero.tsx [Client Component SSR]
    ./src/components/sections/Hero.tsx [Server Component]
    ./src/app/page.tsx [Server Component] @ http://localhost:3000/_next/static/chunks/node_modules_next_dist_f3530cac._.js:3127
[   65986ms] [ERROR] ./src/components/ui/background-boxes.tsx:1:2
Parsing ecmascript source code failed
> 1 | o'use client'
    |  ^^^^^^^^^^^^
  2 |
  3 | import React, { useEffect, useRef } from 'react'
  4 | import { cn } from '@/lib/utils'

Expected ';', '}' or <eof>

Import traces:
  Client Component Browser:
    ./src/components/ui/background-boxes.tsx [Client Component Browser]
    ./src/components/sections/Hero.tsx [Client Component Browser]
    ./src/components/sections/Hero.tsx [Server Component]
    ./src/app/page.tsx [Server Component]

  Client Component SSR:
    ./src/components/ui/background-boxes.tsx [Client Component SSR]
    ./src/components/sections/Hero.tsx [Client Component SSR]
    ./src/components/sections/Hero.tsx [Server Component]
    ./src/app/page.tsx [Server Component] @ http://localhost:3000/_next/static/chunks/node_modules_next_dist_f3530cac._.js:3127
[   66069ms] [ERROR] ./src/components/ui/background-boxes.tsx:1:2
Parsing ecmascript source code failed
> 1 | o'use client'
    |  ^^^^^^^^^^^^
  2 |
  3 | import React, { useEffect, useRef } from 'react'
  4 | import { cn } from '@/lib/utils'

Expected ';', '}' or <eof>

Import traces:
  Client Component Browser:
    ./src/components/ui/background-boxes.tsx [Client Component Browser]
    ./src/components/sections/Hero.tsx [Client Component Browser]
    ./src/components/sections/Hero.tsx [Server Component]
    ./src/app/page.tsx [Server Component]

  Client Component SSR:
    ./src/components/ui/background-boxes.tsx [Client Component SSR]
    ./src/components/sections/Hero.tsx [Client Component SSR]
    ./src/components/sections/Hero.tsx [Server Component]
    ./src/app/page.tsx [Server Component] @ http://localhost:3000/_next/static/chunks/node_modules_next_dist_f3530cac._.js:3127
[   66138ms] [ERROR] ./src/components/ui/background-boxes.tsx:1:2
Parsing ecmascript source code failed
> 1 | o'use client'
    |  ^^^^^^^^^^^^
  2 |
  3 | import React, { useEffect, useRef } from 'react'
  4 | import { cn } from '@/lib/utils'

Expected ';', '}' or <eof>

Import traces:
  Client Component Browser:
    ./src/components/ui/background-boxes.tsx [Client Component Browser]
    ./src/components/sections/Hero.tsx [Client Component Browser]
    ./src/components/sections/Hero.tsx [Server Component]
    ./src/app/page.tsx [Server Component]

  Client Component SSR:
    ./src/components/ui/background-boxes.tsx [Client Component SSR]
    ./src/components/sections/Hero.tsx [Client Component SSR]
    ./src/components/sections/Hero.tsx [Server Component]
    ./src/app/page.tsx [Server Component] @ http://localhost:3000/_next/static/chunks/node_modules_next_dist_f3530cac._.js:3127
[   66227ms] [ERROR] ./src/components/ui/background-boxes.tsx:1:2
Parsing ecmascript source code failed
> 1 | o'use client'
    |  ^^^^^^^^^^^^
  2 |
  3 | import React, { useEffect, useRef } from 'react'
  4 | import { cn } from '@/lib/utils'

Expected ';', '}' or <eof>

Import traces:
  Client Component Browser:
    ./src/components/ui/background-boxes.tsx [Client Component Browser]
    ./src/components/sections/Hero.tsx [Client Component Browser]
    ./src/components/sections/Hero.tsx [Server Component]
    ./src/app/page.tsx [Server Component]

  Client Component SSR:
    ./src/components/ui/background-boxes.tsx [Client Component SSR]
    ./src/components/sections/Hero.tsx [Client Component SSR]
    ./src/components/sections/Hero.tsx [Server Component]
    ./src/app/page.tsx [Server Component] @ http://localhost:3000/_next/static/chunks/node_modules_next_dist_f3530cac._.js:3127
[   66305ms] [ERROR] ./src/components/ui/background-boxes.tsx:1:2
Parsing ecmascript source code failed
> 1 | o'use client'
    |  ^^^^^^^^^^^^
  2 |
  3 | import React, { useEffect, useRef } from 'react'
  4 | import { cn } from '@/lib/utils'

Expected ';', '}' or <eof>

Import traces:
  Client Component Browser:
    ./src/components/ui/background-boxes.tsx [Client Component Browser]
    ./src/components/sections/Hero.tsx [Client Component Browser]
    ./src/components/sections/Hero.tsx [Server Component]
    ./src/app/page.tsx [Server Component]

  Client Component SSR:
    ./src/components/ui/background-boxes.tsx [Client Component SSR]
    ./src/components/sections/Hero.tsx [Client Component SSR]
    ./src/components/sections/Hero.tsx [Server Component]
    ./src/app/page.tsx [Server Component] @ http://localhost:3000/_next/static/chunks/node_modules_next_dist_f3530cac._.js:3127
[   66394ms] [ERROR] ./src/components/ui/background-boxes.tsx:1:2
Parsing ecmascript source code failed
> 1 | o'use client'
    |  ^^^^^^^^^^^^
  2 |
  3 | import React, { useEffect, useRef } from 'react'
  4 | import { cn } from '@/lib/utils'

Expected ';', '}' or <eof>

Import traces:
  Client Component Browser:
    ./src/components/ui/background-boxes.tsx [Client Component Browser]
    ./src/components/sections/Hero.tsx [Client Component Browser]
    ./src/components/sections/Hero.tsx [Server Component]
    ./src/app/page.tsx [Server Component]

  Client Component SSR:
    ./src/components/ui/background-boxes.tsx [Client Component SSR]
    ./src/components/sections/Hero.tsx [Client Component SSR]
    ./src/components/sections/Hero.tsx [Server Component]
    ./src/app/page.tsx [Server Component] @ http://localhost:3000/_next/static/chunks/node_modules_next_dist_f3530cac._.js:3127
[   66454ms] [ERROR] ./src/components/ui/background-boxes.tsx:1:2
Parsing ecmascript source code failed
> 1 | o'use client'
    |  ^^^^^^^^^^^^
  2 |
  3 | import React, { useEffect, useRef } from 'react'
  4 | import { cn } from '@/lib/utils'

Expected ';', '}' or <eof>

Import traces:
  Client Component Browser:
    ./src/components/ui/background-boxes.tsx [Client Component Browser]
    ./src/components/sections/Hero.tsx [Client Component Browser]
    ./src/components/sections/Hero.tsx [Server Component]
    ./src/app/page.tsx [Server Component]

  Client Component SSR:
    ./src/components/ui/background-boxes.tsx [Client Component SSR]
    ./src/components/sections/Hero.tsx [Client Component SSR]
    ./src/components/sections/Hero.tsx [Server Component]
    ./src/app/page.tsx [Server Component] @ http://localhost:3000/_next/static/chunks/node_modules_next_dist_f3530cac._.js:3127
[   66539ms] [ERROR] ./src/components/ui/background-boxes.tsx:1:2
Parsing ecmascript source code failed
> 1 | o'use client'
    |  ^^^^^^^^^^^^
  2 |
  3 | import React, { useEffect, useRef } from 'react'
  4 | import { cn } from '@/lib/utils'

Expected ';', '}' or <eof>

Import traces:
  Client Component Browser:
    ./src/components/ui/background-boxes.tsx [Client Component Browser]
    ./src/components/sections/Hero.tsx [Client Component Browser]
    ./src/components/sections/Hero.tsx [Server Component]
    ./src/app/page.tsx [Server Component]

  Client Component SSR:
    ./src/components/ui/background-boxes.tsx [Client Component SSR]
    ./src/components/sections/Hero.tsx [Client Component SSR]
    ./src/components/sections/Hero.tsx [Server Component]
    ./src/app/page.tsx [Server Component] @ http://localhost:3000/_next/static/chunks/node_modules_next_dist_f3530cac._.js:3127
[   66607ms] [ERROR] ./src/components/ui/background-boxes.tsx:1:2
Parsing ecmascript source code failed
> 1 | o'use client'
    |  ^^^^^^^^^^^^
  2 |
  3 | import React, { useEffect, useRef } from 'react'
  4 | import { cn } from '@/lib/utils'

Expected ';', '}' or <eof>

Import traces:
  Client Component Browser:
    ./src/components/ui/background-boxes.tsx [Client Component Browser]
    ./src/components/sections/Hero.tsx [Client Component Browser]
    ./src/components/sections/Hero.tsx [Server Component]
    ./src/app/page.tsx [Server Component]

  Client Component SSR:
    ./src/components/ui/background-boxes.tsx [Client Component SSR]
    ./src/components/sections/Hero.tsx [Client Component SSR]
    ./src/components/sections/Hero.tsx [Server Component]
    ./src/app/page.tsx [Server Component] @ http://localhost:3000/_next/static/chunks/node_modules_next_dist_f3530cac._.js:3127
[   66670ms] [ERROR] ./src/components/ui/background-boxes.tsx:1:2
Parsing ecmascript source code failed
> 1 | o'use client'
    |  ^^^^^^^^^^^^
  2 |
  3 | import React, { useEffect, useRef } from 'react'
  4 | import { cn } from '@/lib/utils'

Expected ';', '}' or <eof>

Import traces:
  Client Component Browser:
    ./src/components/ui/background-boxes.tsx [Client Component Browser]
    ./src/components/sections/Hero.tsx [Client Component Browser]
    ./src/components/sections/Hero.tsx [Server Component]
    ./src/app/page.tsx [Server Component]

  Client Component SSR:
    ./src/components/ui/background-boxes.tsx [Client Component SSR]
    ./src/components/sections/Hero.tsx [Client Component SSR]
    ./src/components/sections/Hero.tsx [Server Component]
    ./src/app/page.tsx [Server Component] @ http://localhost:3000/_next/static/chunks/node_modules_next_dist_f3530cac._.js:3127
[   66754ms] [ERROR] ./src/components/ui/background-boxes.tsx:1:2
Parsing ecmascript source code failed
> 1 | o'use client'
    |  ^^^^^^^^^^^^
  2 |
  3 | import React, { useEffect, useRef } from 'react'
  4 | import { cn } from '@/lib/utils'

Expected ';', '}' or <eof>

Import traces:
  Client Component Browser:
    ./src/components/ui/background-boxes.tsx [Client Component Browser]
    ./src/components/sections/Hero.tsx [Client Component Browser]
    ./src/components/sections/Hero.tsx [Server Component]
    ./src/app/page.tsx [Server Component]

  Client Component SSR:
    ./src/components/ui/background-boxes.tsx [Client Component SSR]
    ./src/components/sections/Hero.tsx [Client Component SSR]
    ./src/components/sections/Hero.tsx [Server Component]
    ./src/app/page.tsx [Server Component] @ http://localhost:3000/_next/static/chunks/node_modules_next_dist_f3530cac._.js:3127
[   66830ms] [ERROR] ./src/components/ui/background-boxes.tsx:1:2
Parsing ecmascript source code failed
> 1 | o'use client'
    |  ^^^^^^^^^^^^
  2 |
  3 | import React, { useEffect, useRef } from 'react'
  4 | import { cn } from '@/lib/utils'

Expected ';', '}' or <eof>

Import traces:
  Client Component Browser:
    ./src/components/ui/background-boxes.tsx [Client Component Browser]
    ./src/components/sections/Hero.tsx [Client Component Browser]
    ./src/components/sections/Hero.tsx [Server Component]
    ./src/app/page.tsx [Server Component]

  Client Component SSR:
    ./src/components/ui/background-boxes.tsx [Client Component SSR]
    ./src/components/sections/Hero.tsx [Client Component SSR]
    ./src/components/sections/Hero.tsx [Server Component]
    ./src/app/page.tsx [Server Component] @ http://localhost:3000/_next/static/chunks/node_modules_next_dist_f3530cac._.js:3127
[   66911ms] [ERROR] ./src/components/ui/background-boxes.tsx:1:2
Parsing ecmascript source code failed
> 1 | o'use client'
    |  ^^^^^^^^^^^^
  2 |
  3 | import React, { useEffect, useRef } from 'react'
  4 | import { cn } from '@/lib/utils'

Expected ';', '}' or <eof>

Import traces:
  Client Component Browser:
    ./src/components/ui/background-boxes.tsx [Client Component Browser]
    ./src/components/sections/Hero.tsx [Client Component Browser]
    ./src/components/sections/Hero.tsx [Server Component]
    ./src/app/page.tsx [Server Component]

  Client Component SSR:
    ./src/components/ui/background-boxes.tsx [Client Component SSR]
    ./src/components/sections/Hero.tsx [Client Component SSR]
    ./src/components/sections/Hero.tsx [Server Component]
    ./src/app/page.tsx [Server Component] @ http://localhost:3000/_next/static/chunks/node_modules_next_dist_f3530cac._.js:3127
[   66991ms] [ERROR] ./src/components/ui/background-boxes.tsx:1:2
Parsing ecmascript source code failed
> 1 | o'use client'
    |  ^^^^^^^^^^^^
  2 |
  3 | import React, { useEffect, useRef } from 'react'
  4 | import { cn } from '@/lib/utils'

Expected ';', '}' or <eof>

Import traces:
  Client Component Browser:
    ./src/components/ui/background-boxes.tsx [Client Component Browser]
    ./src/components/sections/Hero.tsx [Client Component Browser]
    ./src/components/sections/Hero.tsx [Server Component]
    ./src/app/page.tsx [Server Component]

  Client Component SSR:
    ./src/components/ui/background-boxes.tsx [Client Component SSR]
    ./src/components/sections/Hero.tsx [Client Component SSR]
    ./src/components/sections/Hero.tsx [Server Component]
    ./src/app/page.tsx [Server Component] @ http://localhost:3000/_next/static/chunks/node_modules_next_dist_f3530cac._.js:3127
[   67055ms] [ERROR] ./src/components/ui/background-boxes.tsx:1:2
Parsing ecmascript source code failed
> 1 | o'use client'
    |  ^^^^^^^^^^^^
  2 |
  3 | import React, { useEffect, useRef } from 'react'
  4 | import { cn } from '@/lib/utils'

Expected ';', '}' or <eof>

Import traces:
  Client Component Browser:
    ./src/components/ui/background-boxes.tsx [Client Component Browser]
    ./src/components/sections/Hero.tsx [Client Component Browser]
    ./src/components/sections/Hero.tsx [Server Component]
    ./src/app/page.tsx [Server Component]

  Client Component SSR:
    ./src/components/ui/background-boxes.tsx [Client Component SSR]
    ./src/components/sections/Hero.tsx [Client Component SSR]
    ./src/components/sections/Hero.tsx [Server Component]
    ./src/app/page.tsx [Server Component] @ http://localhost:3000/_next/static/chunks/node_modules_next_dist_f3530cac._.js:3127
[   67124ms] [ERROR] ./src/components/ui/background-boxes.tsx:1:2
Parsing ecmascript source code failed
> 1 | o'use client'
    |  ^^^^^^^^^^^^
  2 |
  3 | import React, { useEffect, useRef } from 'react'
  4 | import { cn } from '@/lib/utils'

Expected ';', '}' or <eof>

Import traces:
  Client Component Browser:
    ./src/components/ui/background-boxes.tsx [Client Component Browser]
    ./src/components/sections/Hero.tsx [Client Component Browser]
    ./src/components/sections/Hero.tsx [Server Component]
    ./src/app/page.tsx [Server Component]

  Client Component SSR:
    ./src/components/ui/background-boxes.tsx [Client Component SSR]
    ./src/components/sections/Hero.tsx [Client Component SSR]
    ./src/components/sections/Hero.tsx [Server Component]
    ./src/app/page.tsx [Server Component] @ http://localhost:3000/_next/static/chunks/node_modules_next_dist_f3530cac._.js:3127
[   67191ms] [ERROR] ./src/components/ui/background-boxes.tsx:1:2
Parsing ecmascript source code failed
> 1 | o'use client'
    |  ^^^^^^^^^^^^
  2 |
  3 | import React, { useEffect, useRef } from 'react'
  4 | import { cn } from '@/lib/utils'

Expected ';', '}' or <eof>

Import traces:
  Client Component Browser:
    ./src/components/ui/background-boxes.tsx [Client Component Browser]
    ./src/components/sections/Hero.tsx [Client Component Browser]
    ./src/components/sections/Hero.tsx [Server Component]
    ./src/app/page.tsx [Server Component]

  Client Component SSR:
    ./src/components/ui/background-boxes.tsx [Client Component SSR]
    ./src/components/sections/Hero.tsx [Client Component SSR]
    ./src/components/sections/Hero.tsx [Server Component]
    ./src/app/page.tsx [Server Component] @ http://localhost:3000/_next/static/chunks/node_modules_next_dist_f3530cac._.js:3127
[   67277ms] [ERROR] ./src/components/ui/background-boxes.tsx:1:2
Parsing ecmascript source code failed
> 1 | o'use client'
    |  ^^^^^^^^^^^^
  2 |
  3 | import React, { useEffect, useRef } from 'react'
  4 | import { cn } from '@/lib/utils'

Expected ';', '}' or <eof>

Import traces:
  Client Component Browser:
    ./src/components/ui/background-boxes.tsx [Client Component Browser]
    ./src/components/sections/Hero.tsx [Client Component Browser]
    ./src/components/sections/Hero.tsx [Server Component]
    ./src/app/page.tsx [Server Component]

  Client Component SSR:
    ./src/components/ui/background-boxes.tsx [Client Component SSR]
    ./src/components/sections/Hero.tsx [Client Component SSR]
    ./src/components/sections/Hero.tsx [Server Component]
    ./src/app/page.tsx [Server Component] @ http://localhost:3000/_next/static/chunks/node_modules_next_dist_f3530cac._.js:3127
[   67340ms] [ERROR] ./src/components/ui/background-boxes.tsx:1:2
Parsing ecmascript source code failed
> 1 | o'use client'
    |  ^^^^^^^^^^^^
  2 |
  3 | import React, { useEffect, useRef } from 'react'
  4 | import { cn } from '@/lib/utils'

Expected ';', '}' or <eof>

Import traces:
  Client Component Browser:
    ./src/components/ui/background-boxes.tsx [Client Component Browser]
    ./src/components/sections/Hero.tsx [Client Component Browser]
    ./src/components/sections/Hero.tsx [Server Component]
    ./src/app/page.tsx [Server Component]

  Client Component SSR:
    ./src/components/ui/background-boxes.tsx [Client Component SSR]
    ./src/components/sections/Hero.tsx [Client Component SSR]
    ./src/components/sections/Hero.tsx [Server Component]
    ./src/app/page.tsx [Server Component] @ http://localhost:3000/_next/static/chunks/node_modules_next_dist_f3530cac._.js:3127
[   67407ms] [ERROR] ./src/components/ui/background-boxes.tsx:1:2
Parsing ecmascript source code failed
> 1 | o'use client'
    |  ^^^^^^^^^^^^
  2 |
  3 | import React, { useEffect, useRef } from 'react'
  4 | import { cn } from '@/lib/utils'

Expected ';', '}' or <eof>

Import traces:
  Client Component Browser:
    ./src/components/ui/background-boxes.tsx [Client Component Browser]
    ./src/components/sections/Hero.tsx [Client Component Browser]
    ./src/components/sections/Hero.tsx [Server Component]
    ./src/app/page.tsx [Server Component]

  Client Component SSR:
    ./src/components/ui/background-boxes.tsx [Client Component SSR]
    ./src/components/sections/Hero.tsx [Client Component SSR]
    ./src/components/sections/Hero.tsx [Server Component]
    ./src/app/page.tsx [Server Component] @ http://localhost:3000/_next/static/chunks/node_modules_next_dist_f3530cac._.js:3127
[   67495ms] [ERROR] ./src/components/ui/background-boxes.tsx:1:2
Parsing ecmascript source code failed
> 1 | o'use client'
    |  ^^^^^^^^^^^^
  2 |
  3 | import React, { useEffect, useRef } from 'react'
  4 | import { cn } from '@/lib/utils'

Expected ';', '}' or <eof>

Import traces:
  Client Component Browser:
    ./src/components/ui/background-boxes.tsx [Client Component Browser]
    ./src/components/sections/Hero.tsx [Client Component Browser]
    ./src/components/sections/Hero.tsx [Server Component]
    ./src/app/page.tsx [Server Component]

  Client Component SSR:
    ./src/components/ui/background-boxes.tsx [Client Component SSR]
    ./src/components/sections/Hero.tsx [Client Component SSR]
    ./src/components/sections/Hero.tsx [Server Component]
    ./src/app/page.tsx [Server Component] @ http://localhost:3000/_next/static/chunks/node_modules_next_dist_f3530cac._.js:3127
[   67573ms] [ERROR] ./src/components/ui/background-boxes.tsx:1:2
Parsing ecmascript source code failed
> 1 | o'use client'
    |  ^^^^^^^^^^^^
  2 |
  3 | import React, { useEffect, useRef } from 'react'
  4 | import { cn } from '@/lib/utils'

Expected ';', '}' or <eof>

Import traces:
  Client Component Browser:
    ./src/components/ui/background-boxes.tsx [Client Component Browser]
    ./src/components/sections/Hero.tsx [Client Component Browser]
    ./src/components/sections/Hero.tsx [Server Component]
    ./src/app/page.tsx [Server Component]

  Client Component SSR:
    ./src/components/ui/background-boxes.tsx [Client Component SSR]
    ./src/components/sections/Hero.tsx [Client Component SSR]
    ./src/components/sections/Hero.tsx [Server Component]
    ./src/app/page.tsx [Server Component] @ http://localhost:3000/_next/static/chunks/node_modules_next_dist_f3530cac._.js:3127
[   67665ms] [ERROR] ./src/components/ui/background-boxes.tsx:1:2
Parsing ecmascript source code failed
> 1 | o'use client'
    |  ^^^^^^^^^^^^
  2 |
  3 | import React, { useEffect, useRef } from 'react'
  4 | import { cn } from '@/lib/utils'

Expected ';', '}' or <eof>

Import traces:
  Client Component Browser:
    ./src/components/ui/background-boxes.tsx [Client Component Browser]
    ./src/components/sections/Hero.tsx [Client Component Browser]
    ./src/components/sections/Hero.tsx [Server Component]
    ./src/app/page.tsx [Server Component]

  Client Component SSR:
    ./src/components/ui/background-boxes.tsx [Client Component SSR]
    ./src/components/sections/Hero.tsx [Client Component SSR]
    ./src/components/sections/Hero.tsx [Server Component]
    ./src/app/page.tsx [Server Component] @ http://localhost:3000/_next/static/chunks/node_modules_next_dist_f3530cac._.js:3127
[   67724ms] [ERROR] ./src/components/ui/background-boxes.tsx:1:2
Parsing ecmascript source code failed
> 1 | o'use client'
    |  ^^^^^^^^^^^^
  2 |
  3 | import React, { useEffect, useRef } from 'react'
  4 | import { cn } from '@/lib/utils'

Expected ';', '}' or <eof>

Import traces:
  Client Component Browser:
    ./src/components/ui/background-boxes.tsx [Client Component Browser]
    ./src/components/sections/Hero.tsx [Client Component Browser]
    ./src/components/sections/Hero.tsx [Server Component]
    ./src/app/page.tsx [Server Component]

  Client Component SSR:
    ./src/components/ui/background-boxes.tsx [Client Component SSR]
    ./src/components/sections/Hero.tsx [Client Component SSR]
    ./src/components/sections/Hero.tsx [Server Component]
    ./src/app/page.tsx [Server Component] @ http://localhost:3000/_next/static/chunks/node_modules_next_dist_f3530cac._.js:3127
[   67812ms] [ERROR] ./src/components/ui/background-boxes.tsx:1:2
Parsing ecmascript source code failed
> 1 | o'use client'
    |  ^^^^^^^^^^^^
  2 |
  3 | import React, { useEffect, useRef } from 'react'
  4 | import { cn } from '@/lib/utils'

Expected ';', '}' or <eof>

Import traces:
  Client Component Browser:
    ./src/components/ui/background-boxes.tsx [Client Component Browser]
    ./src/components/sections/Hero.tsx [Client Component Browser]
    ./src/components/sections/Hero.tsx [Server Component]
    ./src/app/page.tsx [Server Component]

  Client Component SSR:
    ./src/components/ui/background-boxes.tsx [Client Component SSR]
    ./src/components/sections/Hero.tsx [Client Component SSR]
    ./src/components/sections/Hero.tsx [Server Component]
    ./src/app/page.tsx [Server Component] @ http://localhost:3000/_next/static/chunks/node_modules_next_dist_f3530cac._.js:3127
[   67901ms] [ERROR] ./src/components/ui/background-boxes.tsx:1:2
Parsing ecmascript source code failed
> 1 | o'use client'
    |  ^^^^^^^^^^^^
  2 |
  3 | import React, { useEffect, useRef } from 'react'
  4 | import { cn } from '@/lib/utils'

Expected ';', '}' or <eof>

Import traces:
  Client Component Browser:
    ./src/components/ui/background-boxes.tsx [Client Component Browser]
    ./src/components/sections/Hero.tsx [Client Component Browser]
    ./src/components/sections/Hero.tsx [Server Component]
    ./src/app/page.tsx [Server Component]

  Client Component SSR:
    ./src/components/ui/background-boxes.tsx [Client Component SSR]
    ./src/components/sections/Hero.tsx [Client Component SSR]
    ./src/components/sections/Hero.tsx [Server Component]
    ./src/app/page.tsx [Server Component] @ http://localhost:3000/_next/static/chunks/node_modules_next_dist_f3530cac._.js:3127
[   67958ms] [ERROR] ./src/components/ui/background-boxes.tsx:1:2
Parsing ecmascript source code failed
> 1 | o'use client'
    |  ^^^^^^^^^^^^
  2 |
  3 | import React, { useEffect, useRef } from 'react'
  4 | import { cn } from '@/lib/utils'

Expected ';', '}' or <eof>

Import traces:
  Client Component Browser:
    ./src/components/ui/background-boxes.tsx [Client Component Browser]
    ./src/components/sections/Hero.tsx [Client Component Browser]
    ./src/components/sections/Hero.tsx [Server Component]
    ./src/app/page.tsx [Server Component]

  Client Component SSR:
    ./src/components/ui/background-boxes.tsx [Client Component SSR]
    ./src/components/sections/Hero.tsx [Client Component SSR]
    ./src/components/sections/Hero.tsx [Server Component]
    ./src/app/page.tsx [Server Component] @ http://localhost:3000/_next/static/chunks/node_modules_next_dist_f3530cac._.js:3127
[   68048ms] [ERROR] ./src/components/ui/background-boxes.tsx:1:2
Parsing ecmascript source code failed
> 1 | o'use client'
    |  ^^^^^^^^^^^^
  2 |
  3 | import React, { useEffect, useRef } from 'react'
  4 | import { cn } from '@/lib/utils'

Expected ';', '}' or <eof>

Import traces:
  Client Component Browser:
    ./src/components/ui/background-boxes.tsx [Client Component Browser]
    ./src/components/sections/Hero.tsx [Client Component Browser]
    ./src/components/sections/Hero.tsx [Server Component]
    ./src/app/page.tsx [Server Component]

  Client Component SSR:
    ./src/components/ui/background-boxes.tsx [Client Component SSR]
    ./src/components/sections/Hero.tsx [Client Component SSR]
    ./src/components/sections/Hero.tsx [Server Component]
    ./src/app/page.tsx [Server Component] @ http://localhost:3000/_next/static/chunks/node_modules_next_dist_f3530cac._.js:3127
[   68137ms] [ERROR] ./src/components/ui/background-boxes.tsx:1:2
Parsing ecmascript source code failed
> 1 | o'use client'
    |  ^^^^^^^^^^^^
  2 |
  3 | import React, { useEffect, useRef } from 'react'
  4 | import { cn } from '@/lib/utils'

Expected ';', '}' or <eof>

Import traces:
  Client Component Browser:
    ./src/components/ui/background-boxes.tsx [Client Component Browser]
    ./src/components/sections/Hero.tsx [Client Component Browser]
    ./src/components/sections/Hero.tsx [Server Component]
    ./src/app/page.tsx [Server Component]

  Client Component SSR:
    ./src/components/ui/background-boxes.tsx [Client Component SSR]
    ./src/components/sections/Hero.tsx [Client Component SSR]
    ./src/components/sections/Hero.tsx [Server Component]
    ./src/app/page.tsx [Server Component] @ http://localhost:3000/_next/static/chunks/node_modules_next_dist_f3530cac._.js:3127
[   68210ms] [ERROR] ./src/components/ui/background-boxes.tsx:1:2
Parsing ecmascript source code failed
> 1 | o'use client'
    |  ^^^^^^^^^^^^
  2 |
  3 | import React, { useEffect, useRef } from 'react'
  4 | import { cn } from '@/lib/utils'

Expected ';', '}' or <eof>

Import traces:
  Client Component Browser:
    ./src/components/ui/background-boxes.tsx [Client Component Browser]
    ./src/components/sections/Hero.tsx [Client Component Browser]
    ./src/components/sections/Hero.tsx [Server Component]
    ./src/app/page.tsx [Server Component]

  Client Component SSR:
    ./src/components/ui/background-boxes.tsx [Client Component SSR]
    ./src/components/sections/Hero.tsx [Client Component SSR]
    ./src/components/sections/Hero.tsx [Server Component]
    ./src/app/page.tsx [Server Component] @ http://localhost:3000/_next/static/chunks/node_modules_next_dist_f3530cac._.js:3127
[   68300ms] [ERROR] ./src/components/ui/background-boxes.tsx:1:2
Parsing ecmascript source code failed
> 1 | o'use client'
    |  ^^^^^^^^^^^^
  2 |
  3 | import React, { useEffect, useRef } from 'react'
  4 | import { cn } from '@/lib/utils'

Expected ';', '}' or <eof>

Import traces:
  Client Component Browser:
    ./src/components/ui/background-boxes.tsx [Client Component Browser]
    ./src/components/sections/Hero.tsx [Client Component Browser]
    ./src/components/sections/Hero.tsx [Server Component]
    ./src/app/page.tsx [Server Component]

  Client Component SSR:
    ./src/components/ui/background-boxes.tsx [Client Component SSR]
    ./src/components/sections/Hero.tsx [Client Component SSR]
    ./src/components/sections/Hero.tsx [Server Component]
    ./src/app/page.tsx [Server Component] @ http://localhost:3000/_next/static/chunks/node_modules_next_dist_f3530cac._.js:3127
[   68389ms] [ERROR] ./src/components/ui/background-boxes.tsx:1:2
Parsing ecmascript source code failed
> 1 | o'use client'
    |  ^^^^^^^^^^^^
  2 |
  3 | import React, { useEffect, useRef } from 'react'
  4 | import { cn } from '@/lib/utils'

Expected ';', '}' or <eof>

Import traces:
  Client Component Browser:
    ./src/components/ui/background-boxes.tsx [Client Component Browser]
    ./src/components/sections/Hero.tsx [Client Component Browser]
    ./src/components/sections/Hero.tsx [Server Component]
    ./src/app/page.tsx [Server Component]

  Client Component SSR:
    ./src/components/ui/background-boxes.tsx [Client Component SSR]
    ./src/components/sections/Hero.tsx [Client Component SSR]
    ./src/components/sections/Hero.tsx [Server Component]
    ./src/app/page.tsx [Server Component] @ http://localhost:3000/_next/static/chunks/node_modules_next_dist_f3530cac._.js:3127
[   68461ms] [ERROR] ./src/components/ui/background-boxes.tsx:1:2
Parsing ecmascript source code failed
> 1 | o'use client'
    |  ^^^^^^^^^^^^
  2 |
  3 | import React, { useEffect, useRef } from 'react'
  4 | import { cn } from '@/lib/utils'

Expected ';', '}' or <eof>

Import traces:
  Client Component Browser:
    ./src/components/ui/background-boxes.tsx [Client Component Browser]
    ./src/components/sections/Hero.tsx [Client Component Browser]
    ./src/components/sections/Hero.tsx [Server Component]
    ./src/app/page.tsx [Server Component]

  Client Component SSR:
    ./src/components/ui/background-boxes.tsx [Client Component SSR]
    ./src/components/sections/Hero.tsx [Client Component SSR]
    ./src/components/sections/Hero.tsx [Server Component]
    ./src/app/page.tsx [Server Component] @ http://localhost:3000/_next/static/chunks/node_modules_next_dist_f3530cac._.js:3127
[   68550ms] [ERROR] ./src/components/ui/background-boxes.tsx:1:2
Parsing ecmascript source code failed
> 1 | o'use client'
    |  ^^^^^^^^^^^^
  2 |
  3 | import React, { useEffect, useRef } from 'react'
  4 | import { cn } from '@/lib/utils'

Expected ';', '}' or <eof>

Import traces:
  Client Component Browser:
    ./src/components/ui/background-boxes.tsx [Client Component Browser]
    ./src/components/sections/Hero.tsx [Client Component Browser]
    ./src/components/sections/Hero.tsx [Server Component]
    ./src/app/page.tsx [Server Component]

  Client Component SSR:
    ./src/components/ui/background-boxes.tsx [Client Component SSR]
    ./src/components/sections/Hero.tsx [Client Component SSR]
    ./src/components/sections/Hero.tsx [Server Component]
    ./src/app/page.tsx [Server Component] @ http://localhost:3000/_next/static/chunks/node_modules_next_dist_f3530cac._.js:3127
[   68636ms] [ERROR] ./src/components/ui/background-boxes.tsx:1:2
Parsing ecmascript source code failed
> 1 | o'use client'
    |  ^^^^^^^^^^^^
  2 |
  3 | import React, { useEffect, useRef } from 'react'
  4 | import { cn } from '@/lib/utils'

Expected ';', '}' or <eof>

Import traces:
  Client Component Browser:
    ./src/components/ui/background-boxes.tsx [Client Component Browser]
    ./src/components/sections/Hero.tsx [Client Component Browser]
    ./src/components/sections/Hero.tsx [Server Component]
    ./src/app/page.tsx [Server Component]

  Client Component SSR:
    ./src/components/ui/background-boxes.tsx [Client Component SSR]
    ./src/components/sections/Hero.tsx [Client Component SSR]
    ./src/components/sections/Hero.tsx [Server Component]
    ./src/app/page.tsx [Server Component] @ http://localhost:3000/_next/static/chunks/node_modules_next_dist_f3530cac._.js:3127
[   68722ms] [ERROR] ./src/components/ui/background-boxes.tsx:1:2
Parsing ecmascript source code failed
> 1 | o'use client'
    |  ^^^^^^^^^^^^
  2 |
  3 | import React, { useEffect, useRef } from 'react'
  4 | import { cn } from '@/lib/utils'

Expected ';', '}' or <eof>

Import traces:
  Client Component Browser:
    ./src/components/ui/background-boxes.tsx [Client Component Browser]
    ./src/components/sections/Hero.tsx [Client Component Browser]
    ./src/components/sections/Hero.tsx [Server Component]
    ./src/app/page.tsx [Server Component]

  Client Component SSR:
    ./src/components/ui/background-boxes.tsx [Client Component SSR]
    ./src/components/sections/Hero.tsx [Client Component SSR]
    ./src/components/sections/Hero.tsx [Server Component]
    ./src/app/page.tsx [Server Component] @ http://localhost:3000/_next/static/chunks/node_modules_next_dist_f3530cac._.js:3127
[   68810ms] [ERROR] ./src/components/ui/background-boxes.tsx:1:2
Parsing ecmascript source code failed
> 1 | o'use client'
    |  ^^^^^^^^^^^^
  2 |
  3 | import React, { useEffect, useRef } from 'react'
  4 | import { cn } from '@/lib/utils'

Expected ';', '}' or <eof>

Import traces:
  Client Component Browser:
    ./src/components/ui/background-boxes.tsx [Client Component Browser]
    ./src/components/sections/Hero.tsx [Client Component Browser]
    ./src/components/sections/Hero.tsx [Server Component]
    ./src/app/page.tsx [Server Component]

  Client Component SSR:
    ./src/components/ui/background-boxes.tsx [Client Component SSR]
    ./src/components/sections/Hero.tsx [Client Component SSR]
    ./src/components/sections/Hero.tsx [Server Component]
    ./src/app/page.tsx [Server Component] @ http://localhost:3000/_next/static/chunks/node_modules_next_dist_f3530cac._.js:3127
[   68881ms] [ERROR] ./src/components/ui/background-boxes.tsx:1:2
Parsing ecmascript source code failed
> 1 | o'use client'
    |  ^^^^^^^^^^^^
  2 |
  3 | import React, { useEffect, useRef } from 'react'
  4 | import { cn } from '@/lib/utils'

Expected ';', '}' or <eof>

Import traces:
  Client Component Browser:
    ./src/components/ui/background-boxes.tsx [Client Component Browser]
    ./src/components/sections/Hero.tsx [Client Component Browser]
    ./src/components/sections/Hero.tsx [Server Component]
    ./src/app/page.tsx [Server Component]

  Client Component SSR:
    ./src/components/ui/background-boxes.tsx [Client Component SSR]
    ./src/components/sections/Hero.tsx [Client Component SSR]
    ./src/components/sections/Hero.tsx [Server Component]
    ./src/app/page.tsx [Server Component] @ http://localhost:3000/_next/static/chunks/node_modules_next_dist_f3530cac._.js:3127
[   68973ms] [ERROR] ./src/components/ui/background-boxes.tsx:1:2
Parsing ecmascript source code failed
> 1 | o'use client'
    |  ^^^^^^^^^^^^
  2 |
  3 | import React, { useEffect, useRef } from 'react'
  4 | import { cn } from '@/lib/utils'

Expected ';', '}' or <eof>

Import traces:
  Client Component Browser:
    ./src/components/ui/background-boxes.tsx [Client Component Browser]
    ./src/components/sections/Hero.tsx [Client Component Browser]
    ./src/components/sections/Hero.tsx [Server Component]
    ./src/app/page.tsx [Server Component]

  Client Component SSR:
    ./src/components/ui/background-boxes.tsx [Client Component SSR]
    ./src/components/sections/Hero.tsx [Client Component SSR]
    ./src/components/sections/Hero.tsx [Server Component]
    ./src/app/page.tsx [Server Component] @ http://localhost:3000/_next/static/chunks/node_modules_next_dist_f3530cac._.js:3127
[   69066ms] [ERROR] ./src/components/ui/background-boxes.tsx:1:2
Parsing ecmascript source code failed
> 1 | o'use client'
    |  ^^^^^^^^^^^^
  2 |
  3 | import React, { useEffect, useRef } from 'react'
  4 | import { cn } from '@/lib/utils'

Expected ';', '}' or <eof>

Import traces:
  Client Component Browser:
    ./src/components/ui/background-boxes.tsx [Client Component Browser]
    ./src/components/sections/Hero.tsx [Client Component Browser]
    ./src/components/sections/Hero.tsx [Server Component]
    ./src/app/page.tsx [Server Component]

  Client Component SSR:
    ./src/components/ui/background-boxes.tsx [Client Component SSR]
    ./src/components/sections/Hero.tsx [Client Component SSR]
    ./src/components/sections/Hero.tsx [Server Component]
    ./src/app/page.tsx [Server Component] @ http://localhost:3000/_next/static/chunks/node_modules_next_dist_f3530cac._.js:3127
[   69146ms] [ERROR] ./src/components/ui/background-boxes.tsx:1:2
Parsing ecmascript source code failed
> 1 | o'use client'
    |  ^^^^^^^^^^^^
  2 |
  3 | import React, { useEffect, useRef } from 'react'
  4 | import { cn } from '@/lib/utils'

Expected ';', '}' or <eof>

Import traces:
  Client Component Browser:
    ./src/components/ui/background-boxes.tsx [Client Component Browser]
    ./src/components/sections/Hero.tsx [Client Component Browser]
    ./src/components/sections/Hero.tsx [Server Component]
    ./src/app/page.tsx [Server Component]

  Client Component SSR:
    ./src/components/ui/background-boxes.tsx [Client Component SSR]
    ./src/components/sections/Hero.tsx [Client Component SSR]
    ./src/components/sections/Hero.tsx [Server Component]
    ./src/app/page.tsx [Server Component] @ http://localhost:3000/_next/static/chunks/node_modules_next_dist_f3530cac._.js:3127
[   69229ms] [ERROR] ./src/components/ui/background-boxes.tsx:1:2
Parsing ecmascript source code failed
> 1 | o'use client'
    |  ^^^^^^^^^^^^
  2 |
  3 | import React, { useEffect, useRef } from 'react'
  4 | import { cn } from '@/lib/utils'

Expected ';', '}' or <eof>

Import traces:
  Client Component Browser:
    ./src/components/ui/background-boxes.tsx [Client Component Browser]
    ./src/components/sections/Hero.tsx [Client Component Browser]
    ./src/components/sections/Hero.tsx [Server Component]
    ./src/app/page.tsx [Server Component]

  Client Component SSR:
    ./src/components/ui/background-boxes.tsx [Client Component SSR]
    ./src/components/sections/Hero.tsx [Client Component SSR]
    ./src/components/sections/Hero.tsx [Server Component]
    ./src/app/page.tsx [Server Component] @ http://localhost:3000/_next/static/chunks/node_modules_next_dist_f3530cac._.js:3127
[   69300ms] [ERROR] ./src/components/ui/background-boxes.tsx:1:2
Parsing ecmascript source code failed
> 1 | o'use client'
    |  ^^^^^^^^^^^^
  2 |
  3 | import React, { useEffect, useRef } from 'react'
  4 | import { cn } from '@/lib/utils'

Expected ';', '}' or <eof>

Import traces:
  Client Component Browser:
    ./src/components/ui/background-boxes.tsx [Client Component Browser]
    ./src/components/sections/Hero.tsx [Client Component Browser]
    ./src/components/sections/Hero.tsx [Server Component]
    ./src/app/page.tsx [Server Component]

  Client Component SSR:
    ./src/components/ui/background-boxes.tsx [Client Component SSR]
    ./src/components/sections/Hero.tsx [Client Component SSR]
    ./src/components/sections/Hero.tsx [Server Component]
    ./src/app/page.tsx [Server Component] @ http://localhost:3000/_next/static/chunks/node_modules_next_dist_f3530cac._.js:3127
[   69384ms] [ERROR] ./src/components/ui/background-boxes.tsx:1:2
Parsing ecmascript source code failed
> 1 | o'use client'
    |  ^^^^^^^^^^^^
  2 |
  3 | import React, { useEffect, useRef } from 'react'
  4 | import { cn } from '@/lib/utils'

Expected ';', '}' or <eof>

Import traces:
  Client Component Browser:
    ./src/components/ui/background-boxes.tsx [Client Component Browser]
    ./src/components/sections/Hero.tsx [Client Component Browser]
    ./src/components/sections/Hero.tsx [Server Component]
    ./src/app/page.tsx [Server Component]

  Client Component SSR:
    ./src/components/ui/background-boxes.tsx [Client Component SSR]
    ./src/components/sections/Hero.tsx [Client Component SSR]
    ./src/components/sections/Hero.tsx [Server Component]
    ./src/app/page.tsx [Server Component] @ http://localhost:3000/_next/static/chunks/node_modules_next_dist_f3530cac._.js:3127
[   69442ms] [ERROR] ./src/components/ui/background-boxes.tsx:1:2
Parsing ecmascript source code failed
> 1 | o'use client'
    |  ^^^^^^^^^^^^
  2 |
  3 | import React, { useEffect, useRef } from 'react'
  4 | import { cn } from '@/lib/utils'

Expected ';', '}' or <eof>

Import traces:
  Client Component Browser:
    ./src/components/ui/background-boxes.tsx [Client Component Browser]
    ./src/components/sections/Hero.tsx [Client Component Browser]
    ./src/components/sections/Hero.tsx [Server Component]
    ./src/app/page.tsx [Server Component]

  Client Component SSR:
    ./src/components/ui/background-boxes.tsx [Client Component SSR]
    ./src/components/sections/Hero.tsx [Client Component SSR]
    ./src/components/sections/Hero.tsx [Server Component]
    ./src/app/page.tsx [Server Component] @ http://localhost:3000/_next/static/chunks/node_modules_next_dist_f3530cac._.js:3127
[   69535ms] [ERROR] ./src/components/ui/background-boxes.tsx:1:2
Parsing ecmascript source code failed
> 1 | o'use client'
    |  ^^^^^^^^^^^^
  2 |
  3 | import React, { useEffect, useRef } from 'react'
  4 | import { cn } from '@/lib/utils'

Expected ';', '}' or <eof>

Import traces:
  Client Component Browser:
    ./src/components/ui/background-boxes.tsx [Client Component Browser]
    ./src/components/sections/Hero.tsx [Client Component Browser]
    ./src/components/sections/Hero.tsx [Server Component]
    ./src/app/page.tsx [Server Component]

  Client Component SSR:
    ./src/components/ui/background-boxes.tsx [Client Component SSR]
    ./src/components/sections/Hero.tsx [Client Component SSR]
    ./src/components/sections/Hero.tsx [Server Component]
    ./src/app/page.tsx [Server Component] @ http://localhost:3000/_next/static/chunks/node_modules_next_dist_f3530cac._.js:3127
[   69619ms] [ERROR] ./src/components/ui/background-boxes.tsx:1:2
Parsing ecmascript source code failed
> 1 | o'use client'
    |  ^^^^^^^^^^^^
  2 |
  3 | import React, { useEffect, useRef } from 'react'
  4 | import { cn } from '@/lib/utils'

Expected ';', '}' or <eof>

Import traces:
  Client Component Browser:
    ./src/components/ui/background-boxes.tsx [Client Component Browser]
    ./src/components/sections/Hero.tsx [Client Component Browser]
    ./src/components/sections/Hero.tsx [Server Component]
    ./src/app/page.tsx [Server Component]

  Client Component SSR:
    ./src/components/ui/background-boxes.tsx [Client Component SSR]
    ./src/components/sections/Hero.tsx [Client Component SSR]
    ./src/components/sections/Hero.tsx [Server Component]
    ./src/app/page.tsx [Server Component] @ http://localhost:3000/_next/static/chunks/node_modules_next_dist_f3530cac._.js:3127
[   69672ms] [ERROR] ./src/components/ui/background-boxes.tsx:1:2
Parsing ecmascript source code failed
> 1 | o'use client'
    |  ^^^^^^^^^^^^
  2 |
  3 | import React, { useEffect, useRef } from 'react'
  4 | import { cn } from '@/lib/utils'

Expected ';', '}' or <eof>

Import traces:
  Client Component Browser:
    ./src/components/ui/background-boxes.tsx [Client Component Browser]
    ./src/components/sections/Hero.tsx [Client Component Browser]
    ./src/components/sections/Hero.tsx [Server Component]
    ./src/app/page.tsx [Server Component]

  Client Component SSR:
    ./src/components/ui/background-boxes.tsx [Client Component SSR]
    ./src/components/sections/Hero.tsx [Client Component SSR]
    ./src/components/sections/Hero.tsx [Server Component]
    ./src/app/page.tsx [Server Component] @ http://localhost:3000/_next/static/chunks/node_modules_next_dist_f3530cac._.js:3127
[   69791ms] [ERROR] ./src/components/ui/background-boxes.tsx:1:2
Parsing ecmascript source code failed
> 1 | o'use client'
    |  ^^^^^^^^^^^^
  2 |
  3 | import React, { useEffect, useRef } from 'react'
  4 | import { cn } from '@/lib/utils'

Expected ';', '}' or <eof>

Import traces:
  Client Component Browser:
    ./src/components/ui/background-boxes.tsx [Client Component Browser]
    ./src/components/sections/Hero.tsx [Client Component Browser]
    ./src/components/sections/Hero.tsx [Server Component]
    ./src/app/page.tsx [Server Component]

  Client Component SSR:
    ./src/components/ui/background-boxes.tsx [Client Component SSR]
    ./src/components/sections/Hero.tsx [Client Component SSR]
    ./src/components/sections/Hero.tsx [Server Component]
    ./src/app/page.tsx [Server Component] @ http://localhost:3000/_next/static/chunks/node_modules_next_dist_f3530cac._.js:3127
[   69864ms] [ERROR] ./src/components/ui/background-boxes.tsx:1:2
Parsing ecmascript source code failed
> 1 | o'use client'
    |  ^^^^^^^^^^^^
  2 |
  3 | import React, { useEffect, useRef } from 'react'
  4 | import { cn } from '@/lib/utils'

Expected ';', '}' or <eof>

Import traces:
  Client Component Browser:
    ./src/components/ui/background-boxes.tsx [Client Component Browser]
    ./src/components/sections/Hero.tsx [Client Component Browser]
    ./src/components/sections/Hero.tsx [Server Component]
    ./src/app/page.tsx [Server Component]

  Client Component SSR:
    ./src/components/ui/background-boxes.tsx [Client Component SSR]
    ./src/components/sections/Hero.tsx [Client Component SSR]
    ./src/components/sections/Hero.tsx [Server Component]
    ./src/app/page.tsx [Server Component] @ http://localhost:3000/_next/static/chunks/node_modules_next_dist_f3530cac._.js:3127
[   69945ms] [ERROR] ./src/components/ui/background-boxes.tsx:1:2
Parsing ecmascript source code failed
> 1 | o'use client'
    |  ^^^^^^^^^^^^
  2 |
  3 | import React, { useEffect, useRef } from 'react'
  4 | import { cn } from '@/lib/utils'

Expected ';', '}' or <eof>

Import traces:
  Client Component Browser:
    ./src/components/ui/background-boxes.tsx [Client Component Browser]
    ./src/components/sections/Hero.tsx [Client Component Browser]
    ./src/components/sections/Hero.tsx [Server Component]
    ./src/app/page.tsx [Server Component]

  Client Component SSR:
    ./src/components/ui/background-boxes.tsx [Client Component SSR]
    ./src/components/sections/Hero.tsx [Client Component SSR]
    ./src/components/sections/Hero.tsx [Server Component]
    ./src/app/page.tsx [Server Component] @ http://localhost:3000/_next/static/chunks/node_modules_next_dist_f3530cac._.js:3127
[   70025ms] [ERROR] ./src/components/ui/background-boxes.tsx:1:2
Parsing ecmascript source code failed
> 1 | o'use client'
    |  ^^^^^^^^^^^^
  2 |
  3 | import React, { useEffect, useRef } from 'react'
  4 | import { cn } from '@/lib/utils'

Expected ';', '}' or <eof>

Import traces:
  Client Component Browser:
    ./src/components/ui/background-boxes.tsx [Client Component Browser]
    ./src/components/sections/Hero.tsx [Client Component Browser]
    ./src/components/sections/Hero.tsx [Server Component]
    ./src/app/page.tsx [Server Component]

  Client Component SSR:
    ./src/components/ui/background-boxes.tsx [Client Component SSR]
    ./src/components/sections/Hero.tsx [Client Component SSR]
    ./src/components/sections/Hero.tsx [Server Component]
    ./src/app/page.tsx [Server Component] @ http://localhost:3000/_next/static/chunks/node_modules_next_dist_f3530cac._.js:3127
[   70100ms] [ERROR] ./src/components/ui/background-boxes.tsx:1:2
Parsing ecmascript source code failed
> 1 | o'use client'
    |  ^^^^^^^^^^^^
  2 |
  3 | import React, { useEffect, useRef } from 'react'
  4 | import { cn } from '@/lib/utils'

Expected ';', '}' or <eof>

Import traces:
  Client Component Browser:
    ./src/components/ui/background-boxes.tsx [Client Component Browser]
    ./src/components/sections/Hero.tsx [Client Component Browser]
    ./src/components/sections/Hero.tsx [Server Component]
    ./src/app/page.tsx [Server Component]

  Client Component SSR:
    ./src/components/ui/background-boxes.tsx [Client Component SSR]
    ./src/components/sections/Hero.tsx [Client Component SSR]
    ./src/components/sections/Hero.tsx [Server Component]
    ./src/app/page.tsx [Server Component] @ http://localhost:3000/_next/static/chunks/node_modules_next_dist_f3530cac._.js:3127
[   70186ms] [ERROR] ./src/components/ui/background-boxes.tsx:1:2
Parsing ecmascript source code failed
> 1 | o'use client'
    |  ^^^^^^^^^^^^
  2 |
  3 | import React, { useEffect, useRef } from 'react'
  4 | import { cn } from '@/lib/utils'

Expected ';', '}' or <eof>

Import traces:
  Client Component Browser:
    ./src/components/ui/background-boxes.tsx [Client Component Browser]
    ./src/components/sections/Hero.tsx [Client Component Browser]
    ./src/components/sections/Hero.tsx [Server Component]
    ./src/app/page.tsx [Server Component]

  Client Component SSR:
    ./src/components/ui/background-boxes.tsx [Client Component SSR]
    ./src/components/sections/Hero.tsx [Client Component SSR]
    ./src/components/sections/Hero.tsx [Server Component]
    ./src/app/page.tsx [Server Component] @ http://localhost:3000/_next/static/chunks/node_modules_next_dist_f3530cac._.js:3127
[   70275ms] [ERROR] ./src/components/ui/background-boxes.tsx:1:2
Parsing ecmascript source code failed
> 1 | o'use client'
    |  ^^^^^^^^^^^^
  2 |
  3 | import React, { useEffect, useRef } from 'react'
  4 | import { cn } from '@/lib/utils'

Expected ';', '}' or <eof>

Import traces:
  Client Component Browser:
    ./src/components/ui/background-boxes.tsx [Client Component Browser]
    ./src/components/sections/Hero.tsx [Client Component Browser]
    ./src/components/sections/Hero.tsx [Server Component]
    ./src/app/page.tsx [Server Component]

  Client Component SSR:
    ./src/components/ui/background-boxes.tsx [Client Component SSR]
    ./src/components/sections/Hero.tsx [Client Component SSR]
    ./src/components/sections/Hero.tsx [Server Component]
    ./src/app/page.tsx [Server Component] @ http://localhost:3000/_next/static/chunks/node_modules_next_dist_f3530cac._.js:3127
[   70364ms] [ERROR] ./src/components/ui/background-boxes.tsx:1:2
Parsing ecmascript source code failed
> 1 | o'use client'
    |  ^^^^^^^^^^^^
  2 |
  3 | import React, { useEffect, useRef } from 'react'
  4 | import { cn } from '@/lib/utils'

Expected ';', '}' or <eof>

Import traces:
  Client Component Browser:
    ./src/components/ui/background-boxes.tsx [Client Component Browser]
    ./src/components/sections/Hero.tsx [Client Component Browser]
    ./src/components/sections/Hero.tsx [Server Component]
    ./src/app/page.tsx [Server Component]

  Client Component SSR:
    ./src/components/ui/background-boxes.tsx [Client Component SSR]
    ./src/components/sections/Hero.tsx [Client Component SSR]
    ./src/components/sections/Hero.tsx [Server Component]
    ./src/app/page.tsx [Server Component] @ http://localhost:3000/_next/static/chunks/node_modules_next_dist_f3530cac._.js:3127
[   70425ms] [ERROR] ./src/components/ui/background-boxes.tsx:1:2
Parsing ecmascript source code failed
> 1 | o'use client'
    |  ^^^^^^^^^^^^
  2 |
  3 | import React, { useEffect, useRef } from 'react'
  4 | import { cn } from '@/lib/utils'

Expected ';', '}' or <eof>

Import traces:
  Client Component Browser:
    ./src/components/ui/background-boxes.tsx [Client Component Browser]
    ./src/components/sections/Hero.tsx [Client Component Browser]
    ./src/components/sections/Hero.tsx [Server Component]
    ./src/app/page.tsx [Server Component]

  Client Component SSR:
    ./src/components/ui/background-boxes.tsx [Client Component SSR]
    ./src/components/sections/Hero.tsx [Client Component SSR]
    ./src/components/sections/Hero.tsx [Server Component]
    ./src/app/page.tsx [Server Component] @ http://localhost:3000/_next/static/chunks/node_modules_next_dist_f3530cac._.js:3127
[   70524ms] [ERROR] ./src/components/ui/background-boxes.tsx:1:2
Parsing ecmascript source code failed
> 1 | o'use client'
    |  ^^^^^^^^^^^^
  2 |
  3 | import React, { useEffect, useRef } from 'react'
  4 | import { cn } from '@/lib/utils'

Expected ';', '}' or <eof>

Import traces:
  Client Component Browser:
    ./src/components/ui/background-boxes.tsx [Client Component Browser]
    ./src/components/sections/Hero.tsx [Client Component Browser]
    ./src/components/sections/Hero.tsx [Server Component]
    ./src/app/page.tsx [Server Component]

  Client Component SSR:
    ./src/components/ui/background-boxes.tsx [Client Component SSR]
    ./src/components/sections/Hero.tsx [Client Component SSR]
    ./src/components/sections/Hero.tsx [Server Component]
    ./src/app/page.tsx [Server Component] @ http://localhost:3000/_next/static/chunks/node_modules_next_dist_f3530cac._.js:3127
[   70616ms] [ERROR] ./src/components/ui/background-boxes.tsx:1:2
Parsing ecmascript source code failed
> 1 | o'use client'
    |  ^^^^^^^^^^^^
  2 |
  3 | import React, { useEffect, useRef } from 'react'
  4 | import { cn } from '@/lib/utils'

Expected ';', '}' or <eof>

Import traces:
  Client Component Browser:
    ./src/components/ui/background-boxes.tsx [Client Component Browser]
    ./src/components/sections/Hero.tsx [Client Component Browser]
    ./src/components/sections/Hero.tsx [Server Component]
    ./src/app/page.tsx [Server Component]

  Client Component SSR:
    ./src/components/ui/background-boxes.tsx [Client Component SSR]
    ./src/components/sections/Hero.tsx [Client Component SSR]
    ./src/components/sections/Hero.tsx [Server Component]
    ./src/app/page.tsx [Server Component] @ http://localhost:3000/_next/static/chunks/node_modules_next_dist_f3530cac._.js:3127
[   70701ms] [ERROR] ./src/components/ui/background-boxes.tsx:1:2
Parsing ecmascript source code failed
> 1 | o'use client'
    |  ^^^^^^^^^^^^
  2 |
  3 | import React, { useEffect, useRef } from 'react'
  4 | import { cn } from '@/lib/utils'

Expected ';', '}' or <eof>

Import traces:
  Client Component Browser:
    ./src/components/ui/background-boxes.tsx [Client Component Browser]
    ./src/components/sections/Hero.tsx [Client Component Browser]
    ./src/components/sections/Hero.tsx [Server Component]
    ./src/app/page.tsx [Server Component]

  Client Component SSR:
    ./src/components/ui/background-boxes.tsx [Client Component SSR]
    ./src/components/sections/Hero.tsx [Client Component SSR]
    ./src/components/sections/Hero.tsx [Server Component]
    ./src/app/page.tsx [Server Component] @ http://localhost:3000/_next/static/chunks/node_modules_next_dist_f3530cac._.js:3127
[   70770ms] [ERROR] ./src/components/ui/background-boxes.tsx:1:2
Parsing ecmascript source code failed
> 1 | o'use client'
    |  ^^^^^^^^^^^^
  2 |
  3 | import React, { useEffect, useRef } from 'react'
  4 | import { cn } from '@/lib/utils'

Expected ';', '}' or <eof>

Import traces:
  Client Component Browser:
    ./src/components/ui/background-boxes.tsx [Client Component Browser]
    ./src/components/sections/Hero.tsx [Client Component Browser]
    ./src/components/sections/Hero.tsx [Server Component]
    ./src/app/page.tsx [Server Component]

  Client Component SSR:
    ./src/components/ui/background-boxes.tsx [Client Component SSR]
    ./src/components/sections/Hero.tsx [Client Component SSR]
    ./src/components/sections/Hero.tsx [Server Component]
    ./src/app/page.tsx [Server Component] @ http://localhost:3000/_next/static/chunks/node_modules_next_dist_f3530cac._.js:3127
[   70848ms] [ERROR] ./src/components/ui/background-boxes.tsx:1:2
Parsing ecmascript source code failed
> 1 | o'use client'
    |  ^^^^^^^^^^^^
  2 |
  3 | import React, { useEffect, useRef } from 'react'
  4 | import { cn } from '@/lib/utils'

Expected ';', '}' or <eof>

Import traces:
  Client Component Browser:
    ./src/components/ui/background-boxes.tsx [Client Component Browser]
    ./src/components/sections/Hero.tsx [Client Component Browser]
    ./src/components/sections/Hero.tsx [Server Component]
    ./src/app/page.tsx [Server Component]

  Client Component SSR:
    ./src/components/ui/background-boxes.tsx [Client Component SSR]
    ./src/components/sections/Hero.tsx [Client Component SSR]
    ./src/components/sections/Hero.tsx [Server Component]
    ./src/app/page.tsx [Server Component] @ http://localhost:3000/_next/static/chunks/node_modules_next_dist_f3530cac._.js:3127
[   70936ms] [ERROR] ./src/components/ui/background-boxes.tsx:1:2
Parsing ecmascript source code failed
> 1 | o'use client'
    |  ^^^^^^^^^^^^
  2 |
  3 | import React, { useEffect, useRef } from 'react'
  4 | import { cn } from '@/lib/utils'

Expected ';', '}' or <eof>

Import traces:
  Client Component Browser:
    ./src/components/ui/background-boxes.tsx [Client Component Browser]
    ./src/components/sections/Hero.tsx [Client Component Browser]
    ./src/components/sections/Hero.tsx [Server Component]
    ./src/app/page.tsx [Server Component]

  Client Component SSR:
    ./src/components/ui/background-boxes.tsx [Client Component SSR]
    ./src/components/sections/Hero.tsx [Client Component SSR]
    ./src/components/sections/Hero.tsx [Server Component]
    ./src/app/page.tsx [Server Component] @ http://localhost:3000/_next/static/chunks/node_modules_next_dist_f3530cac._.js:3127
[   71035ms] [ERROR] ./src/components/ui/background-boxes.tsx:1:2
Parsing ecmascript source code failed
> 1 | o'use client'
    |  ^^^^^^^^^^^^
  2 |
  3 | import React, { useEffect, useRef } from 'react'
  4 | import { cn } from '@/lib/utils'

Expected ';', '}' or <eof>

Import traces:
  Client Component Browser:
    ./src/components/ui/background-boxes.tsx [Client Component Browser]
    ./src/components/sections/Hero.tsx [Client Component Browser]
    ./src/components/sections/Hero.tsx [Server Component]
    ./src/app/page.tsx [Server Component]

  Client Component SSR:
    ./src/components/ui/background-boxes.tsx [Client Component SSR]
    ./src/components/sections/Hero.tsx [Client Component SSR]
    ./src/components/sections/Hero.tsx [Server Component]
    ./src/app/page.tsx [Server Component] @ http://localhost:3000/_next/static/chunks/node_modules_next_dist_f3530cac._.js:3127
[   71196ms] [LOG] [Fast Refresh] rebuilding @ http://localhost:3000/_next/static/chunks/node_modules_next_dist_f3530cac._.js:2297
[   71279ms] [ERROR] ./src/components/ui/background-boxes.tsx:1:2
Parsing ecmascript source code failed
> 1 | o'use client'
    |  ^^^^^^^^^^^^
  2 |
  3 | import React, { useEffect, useRef } from 'react'
  4 | import { cn } from '@/lib/utils'

Expected ';', '}' or <eof>

Import traces:
  Client Component Browser:
    ./src/components/ui/background-boxes.tsx [Client Component Browser]
    ./src/components/sections/Hero.tsx [Client Component Browser]
    ./src/components/sections/Hero.tsx [Server Component]
    ./src/app/page.tsx [Server Component]

  Client Component SSR:
    ./src/components/ui/background-boxes.tsx [Client Component SSR]
    ./src/components/sections/Hero.tsx [Client Component SSR]
    ./src/components/sections/Hero.tsx [Server Component]
    ./src/app/page.tsx [Server Component] @ http://localhost:3000/_next/static/chunks/node_modules_next_dist_f3530cac._.js:3127
[   71353ms] [ERROR] ./src/components/ui/background-boxes.tsx:1:2
Parsing ecmascript source code failed
> 1 | o'use client'
    |  ^^^^^^^^^^^^
  2 |
  3 | import React, { useEffect, useRef } from 'react'
  4 | import { cn } from '@/lib/utils'

Expected ';', '}' or <eof>

Import traces:
  Client Component Browser:
    ./src/components/ui/background-boxes.tsx [Client Component Browser]
    ./src/components/sections/Hero.tsx [Client Component Browser]
    ./src/components/sections/Hero.tsx [Server Component]
    ./src/app/page.tsx [Server Component]

  Client Component SSR:
    ./src/components/ui/background-boxes.tsx [Client Component SSR]
    ./src/components/sections/Hero.tsx [Client Component SSR]
    ./src/components/sections/Hero.tsx [Server Component]
    ./src/app/page.tsx [Server Component] @ http://localhost:3000/_next/static/chunks/node_modules_next_dist_f3530cac._.js:3127
[   71409ms] [ERROR] ./src/components/ui/background-boxes.tsx:1:2
Parsing ecmascript source code failed
> 1 | o'use client'
    |  ^^^^^^^^^^^^
  2 |
  3 | import React, { useEffect, useRef } from 'react'
  4 | import { cn } from '@/lib/utils'

Expected ';', '}' or <eof>

Import traces:
  Client Component Browser:
    ./src/components/ui/background-boxes.tsx [Client Component Browser]
    ./src/components/sections/Hero.tsx [Client Component Browser]
    ./src/components/sections/Hero.tsx [Server Component]
    ./src/app/page.tsx [Server Component]

  Client Component SSR:
    ./src/components/ui/background-boxes.tsx [Client Component SSR]
    ./src/components/sections/Hero.tsx [Client Component SSR]
    ./src/components/sections/Hero.tsx [Server Component]
    ./src/app/page.tsx [Server Component] @ http://localhost:3000/_next/static/chunks/node_modules_next_dist_f3530cac._.js:3127
[   71470ms] [ERROR] ./src/components/ui/background-boxes.tsx:1:2
Parsing ecmascript source code failed
> 1 | o'use client'
    |  ^^^^^^^^^^^^
  2 |
  3 | import React, { useEffect, useRef } from 'react'
  4 | import { cn } from '@/lib/utils'

Expected ';', '}' or <eof>

Import traces:
  Client Component Browser:
    ./src/components/ui/background-boxes.tsx [Client Component Browser]
    ./src/components/sections/Hero.tsx [Client Component Browser]
    ./src/components/sections/Hero.tsx [Server Component]
    ./src/app/page.tsx [Server Component]

  Client Component SSR:
    ./src/components/ui/background-boxes.tsx [Client Component SSR]
    ./src/components/sections/Hero.tsx [Client Component SSR]
    ./src/components/sections/Hero.tsx [Server Component]
    ./src/app/page.tsx [Server Component] @ http://localhost:3000/_next/static/chunks/node_modules_next_dist_f3530cac._.js:3127
[   71545ms] [ERROR] ./src/components/ui/background-boxes.tsx:1:2
Parsing ecmascript source code failed
> 1 | o'use client'
    |  ^^^^^^^^^^^^
  2 |
  3 | import React, { useEffect, useRef } from 'react'
  4 | import { cn } from '@/lib/utils'

Expected ';', '}' or <eof>

Import traces:
  Client Component Browser:
    ./src/components/ui/background-boxes.tsx [Client Component Browser]
    ./src/components/sections/Hero.tsx [Client Component Browser]
    ./src/components/sections/Hero.tsx [Server Component]
    ./src/app/page.tsx [Server Component]

  Client Component SSR:
    ./src/components/ui/background-boxes.tsx [Client Component SSR]
    ./src/components/sections/Hero.tsx [Client Component SSR]
    ./src/components/sections/Hero.tsx [Server Component]
    ./src/app/page.tsx [Server Component] @ http://localhost:3000/_next/static/chunks/node_modules_next_dist_f3530cac._.js:3127
[   71607ms] [ERROR] ./src/components/ui/background-boxes.tsx:1:2
Parsing ecmascript source code failed
> 1 | o'use client'
    |  ^^^^^^^^^^^^
  2 |
  3 | import React, { useEffect, useRef } from 'react'
  4 | import { cn } from '@/lib/utils'

Expected ';', '}' or <eof>

Import traces:
  Client Component Browser:
    ./src/components/ui/background-boxes.tsx [Client Component Browser]
    ./src/components/sections/Hero.tsx [Client Component Browser]
    ./src/components/sections/Hero.tsx [Server Component]
    ./src/app/page.tsx [Server Component]

  Client Component SSR:
    ./src/components/ui/background-boxes.tsx [Client Component SSR]
    ./src/components/sections/Hero.tsx [Client Component SSR]
    ./src/components/sections/Hero.tsx [Server Component]
    ./src/app/page.tsx [Server Component] @ http://localhost:3000/_next/static/chunks/node_modules_next_dist_f3530cac._.js:3127
[   71669ms] [ERROR] ./src/components/ui/background-boxes.tsx:1:2
Parsing ecmascript source code failed
> 1 | o'use client'
    |  ^^^^^^^^^^^^
  2 |
  3 | import React, { useEffect, useRef } from 'react'
  4 | import { cn } from '@/lib/utils'

Expected ';', '}' or <eof>

Import traces:
  Client Component Browser:
    ./src/components/ui/background-boxes.tsx [Client Component Browser]
    ./src/components/sections/Hero.tsx [Client Component Browser]
    ./src/components/sections/Hero.tsx [Server Component]
    ./src/app/page.tsx [Server Component]

  Client Component SSR:
    ./src/components/ui/background-boxes.tsx [Client Component SSR]
    ./src/components/sections/Hero.tsx [Client Component SSR]
    ./src/components/sections/Hero.tsx [Server Component]
    ./src/app/page.tsx [Server Component] @ http://localhost:3000/_next/static/chunks/node_modules_next_dist_f3530cac._.js:3127
[   71743ms] [ERROR] ./src/components/ui/background-boxes.tsx:1:2
Parsing ecmascript source code failed
> 1 | o'use client'
    |  ^^^^^^^^^^^^
  2 |
  3 | import React, { useEffect, useRef } from 'react'
  4 | import { cn } from '@/lib/utils'

Expected ';', '}' or <eof>

Import traces:
  Client Component Browser:
    ./src/components/ui/background-boxes.tsx [Client Component Browser]
    ./src/components/sections/Hero.tsx [Client Component Browser]
    ./src/components/sections/Hero.tsx [Server Component]
    ./src/app/page.tsx [Server Component]

  Client Component SSR:
    ./src/components/ui/background-boxes.tsx [Client Component SSR]
    ./src/components/sections/Hero.tsx [Client Component SSR]
    ./src/components/sections/Hero.tsx [Server Component]
    ./src/app/page.tsx [Server Component] @ http://localhost:3000/_next/static/chunks/node_modules_next_dist_f3530cac._.js:3127
[   71806ms] [ERROR] ./src/components/ui/background-boxes.tsx:1:2
Parsing ecmascript source code failed
> 1 | o'use client'
    |  ^^^^^^^^^^^^
  2 |
  3 | import React, { useEffect, useRef } from 'react'
  4 | import { cn } from '@/lib/utils'

Expected ';', '}' or <eof>

Import traces:
  Client Component Browser:
    ./src/components/ui/background-boxes.tsx [Client Component Browser]
    ./src/components/sections/Hero.tsx [Client Component Browser]
    ./src/components/sections/Hero.tsx [Server Component]
    ./src/app/page.tsx [Server Component]

  Client Component SSR:
    ./src/components/ui/background-boxes.tsx [Client Component SSR]
    ./src/components/sections/Hero.tsx [Client Component SSR]
    ./src/components/sections/Hero.tsx [Server Component]
    ./src/app/page.tsx [Server Component] @ http://localhost:3000/_next/static/chunks/node_modules_next_dist_f3530cac._.js:3127
[   71872ms] [ERROR] ./src/components/ui/background-boxes.tsx:1:2
Parsing ecmascript source code failed
> 1 | o'use client'
    |  ^^^^^^^^^^^^
  2 |
  3 | import React, { useEffect, useRef } from 'react'
  4 | import { cn } from '@/lib/utils'

Expected ';', '}' or <eof>

Import traces:
  Client Component Browser:
    ./src/components/ui/background-boxes.tsx [Client Component Browser]
    ./src/components/sections/Hero.tsx [Client Component Browser]
    ./src/components/sections/Hero.tsx [Server Component]
    ./src/app/page.tsx [Server Component]

  Client Component SSR:
    ./src/components/ui/background-boxes.tsx [Client Component SSR]
    ./src/components/sections/Hero.tsx [Client Component SSR]
    ./src/components/sections/Hero.tsx [Server Component]
    ./src/app/page.tsx [Server Component] @ http://localhost:3000/_next/static/chunks/node_modules_next_dist_f3530cac._.js:3127
[   71938ms] [ERROR] ./src/components/ui/background-boxes.tsx:1:2
Parsing ecmascript source code failed
> 1 | o'use client'
    |  ^^^^^^^^^^^^
  2 |
  3 | import React, { useEffect, useRef } from 'react'
  4 | import { cn } from '@/lib/utils'

Expected ';', '}' or <eof>

Import traces:
  Client Component Browser:
    ./src/components/ui/background-boxes.tsx [Client Component Browser]
    ./src/components/sections/Hero.tsx [Client Component Browser]
    ./src/components/sections/Hero.tsx [Server Component]
    ./src/app/page.tsx [Server Component]

  Client Component SSR:
    ./src/components/ui/background-boxes.tsx [Client Component SSR]
    ./src/components/sections/Hero.tsx [Client Component SSR]
    ./src/components/sections/Hero.tsx [Server Component]
    ./src/app/page.tsx [Server Component] @ http://localhost:3000/_next/static/chunks/node_modules_next_dist_f3530cac._.js:3127
[   72004ms] [ERROR] ./src/components/ui/background-boxes.tsx:1:2
Parsing ecmascript source code failed
> 1 | o'use client'
    |  ^^^^^^^^^^^^
  2 |
  3 | import React, { useEffect, useRef } from 'react'
  4 | import { cn } from '@/lib/utils'

Expected ';', '}' or <eof>

Import traces:
  Client Component Browser:
    ./src/components/ui/background-boxes.tsx [Client Component Browser]
    ./src/components/sections/Hero.tsx [Client Component Browser]
    ./src/components/sections/Hero.tsx [Server Component]
    ./src/app/page.tsx [Server Component]

  Client Component SSR:
    ./src/components/ui/background-boxes.tsx [Client Component SSR]
    ./src/components/sections/Hero.tsx [Client Component SSR]
    ./src/components/sections/Hero.tsx [Server Component]
    ./src/app/page.tsx [Server Component] @ http://localhost:3000/_next/static/chunks/node_modules_next_dist_f3530cac._.js:3127
[   72074ms] [ERROR] ./src/components/ui/background-boxes.tsx:1:2
Parsing ecmascript source code failed
> 1 | o'use client'
    |  ^^^^^^^^^^^^
  2 |
  3 | import React, { useEffect, useRef } from 'react'
  4 | import { cn } from '@/lib/utils'

Expected ';', '}' or <eof>

Import traces:
  Client Component Browser:
    ./src/components/ui/background-boxes.tsx [Client Component Browser]
    ./src/components/sections/Hero.tsx [Client Component Browser]
    ./src/components/sections/Hero.tsx [Server Component]
    ./src/app/page.tsx [Server Component]

  Client Component SSR:
    ./src/components/ui/background-boxes.tsx [Client Component SSR]
    ./src/components/sections/Hero.tsx [Client Component SSR]
    ./src/components/sections/Hero.tsx [Server Component]
    ./src/app/page.tsx [Server Component] @ http://localhost:3000/_next/static/chunks/node_modules_next_dist_f3530cac._.js:3127
[   72151ms] [ERROR] ./src/components/ui/background-boxes.tsx:1:2
Parsing ecmascript source code failed
> 1 | o'use client'
    |  ^^^^^^^^^^^^
  2 |
  3 | import React, { useEffect, useRef } from 'react'
  4 | import { cn } from '@/lib/utils'

Expected ';', '}' or <eof>

Import traces:
  Client Component Browser:
    ./src/components/ui/background-boxes.tsx [Client Component Browser]
    ./src/components/sections/Hero.tsx [Client Component Browser]
    ./src/components/sections/Hero.tsx [Server Component]
    ./src/app/page.tsx [Server Component]

  Client Component SSR:
    ./src/components/ui/background-boxes.tsx [Client Component SSR]
    ./src/components/sections/Hero.tsx [Client Component SSR]
    ./src/components/sections/Hero.tsx [Server Component]
    ./src/app/page.tsx [Server Component] @ http://localhost:3000/_next/static/chunks/node_modules_next_dist_f3530cac._.js:3127
[   72239ms] [ERROR] ./src/components/ui/background-boxes.tsx:1:2
Parsing ecmascript source code failed
> 1 | o'use client'
    |  ^^^^^^^^^^^^
  2 |
  3 | import React, { useEffect, useRef } from 'react'
  4 | import { cn } from '@/lib/utils'

Expected ';', '}' or <eof>

Import traces:
  Client Component Browser:
    ./src/components/ui/background-boxes.tsx [Client Component Browser]
    ./src/components/sections/Hero.tsx [Client Component Browser]
    ./src/components/sections/Hero.tsx [Server Component]
    ./src/app/page.tsx [Server Component]

  Client Component SSR:
    ./src/components/ui/background-boxes.tsx [Client Component SSR]
    ./src/components/sections/Hero.tsx [Client Component SSR]
    ./src/components/sections/Hero.tsx [Server Component]
    ./src/app/page.tsx [Server Component] @ http://localhost:3000/_next/static/chunks/node_modules_next_dist_f3530cac._.js:3127
[   72331ms] [ERROR] ./src/components/ui/background-boxes.tsx:1:2
Parsing ecmascript source code failed
> 1 | o'use client'
    |  ^^^^^^^^^^^^
  2 |
  3 | import React, { useEffect, useRef } from 'react'
  4 | import { cn } from '@/lib/utils'

Expected ';', '}' or <eof>

Import traces:
  Client Component Browser:
    ./src/components/ui/background-boxes.tsx [Client Component Browser]
    ./src/components/sections/Hero.tsx [Client Component Browser]
    ./src/components/sections/Hero.tsx [Server Component]
    ./src/app/page.tsx [Server Component]

  Client Component SSR:
    ./src/components/ui/background-boxes.tsx [Client Component SSR]
    ./src/components/sections/Hero.tsx [Client Component SSR]
    ./src/components/sections/Hero.tsx [Server Component]
    ./src/app/page.tsx [Server Component] @ http://localhost:3000/_next/static/chunks/node_modules_next_dist_f3530cac._.js:3127
[   72422ms] [ERROR] ./src/components/ui/background-boxes.tsx:1:2
Parsing ecmascript source code failed
> 1 | o'use client'
    |  ^^^^^^^^^^^^
  2 |
  3 | import React, { useEffect, useRef } from 'react'
  4 | import { cn } from '@/lib/utils'

Expected ';', '}' or <eof>

Import traces:
  Client Component Browser:
    ./src/components/ui/background-boxes.tsx [Client Component Browser]
    ./src/components/sections/Hero.tsx [Client Component Browser]
    ./src/components/sections/Hero.tsx [Server Component]
    ./src/app/page.tsx [Server Component]

  Client Component SSR:
    ./src/components/ui/background-boxes.tsx [Client Component SSR]
    ./src/components/sections/Hero.tsx [Client Component SSR]
    ./src/components/sections/Hero.tsx [Server Component]
    ./src/app/page.tsx [Server Component] @ http://localhost:3000/_next/static/chunks/node_modules_next_dist_f3530cac._.js:3127
[   72513ms] [ERROR] ./src/components/ui/background-boxes.tsx:1:2
Parsing ecmascript source code failed
> 1 | o'use client'
    |  ^^^^^^^^^^^^
  2 |
  3 | import React, { useEffect, useRef } from 'react'
  4 | import { cn } from '@/lib/utils'

Expected ';', '}' or <eof>

Import traces:
  Client Component Browser:
    ./src/components/ui/background-boxes.tsx [Client Component Browser]
    ./src/components/sections/Hero.tsx [Client Component Browser]
    ./src/components/sections/Hero.tsx [Server Component]
    ./src/app/page.tsx [Server Component]

  Client Component SSR:
    ./src/components/ui/background-boxes.tsx [Client Component SSR]
    ./src/components/sections/Hero.tsx [Client Component SSR]
    ./src/components/sections/Hero.tsx [Server Component]
    ./src/app/page.tsx [Server Component] @ http://localhost:3000/_next/static/chunks/node_modules_next_dist_f3530cac._.js:3127
[   72587ms] [ERROR] ./src/components/ui/background-boxes.tsx:1:2
Parsing ecmascript source code failed
> 1 | o'use client'
    |  ^^^^^^^^^^^^
  2 |
  3 | import React, { useEffect, useRef } from 'react'
  4 | import { cn } from '@/lib/utils'

Expected ';', '}' or <eof>

Import traces:
  Client Component Browser:
    ./src/components/ui/background-boxes.tsx [Client Component Browser]
    ./src/components/sections/Hero.tsx [Client Component Browser]
    ./src/components/sections/Hero.tsx [Server Component]
    ./src/app/page.tsx [Server Component]

  Client Component SSR:
    ./src/components/ui/background-boxes.tsx [Client Component SSR]
    ./src/components/sections/Hero.tsx [Client Component SSR]
    ./src/components/sections/Hero.tsx [Server Component]
    ./src/app/page.tsx [Server Component] @ http://localhost:3000/_next/static/chunks/node_modules_next_dist_f3530cac._.js:3127
[   72684ms] [ERROR] ./src/components/ui/background-boxes.tsx:1:2
Parsing ecmascript source code failed
> 1 | o'use client'
    |  ^^^^^^^^^^^^
  2 |
  3 | import React, { useEffect, useRef } from 'react'
  4 | import { cn } from '@/lib/utils'

Expected ';', '}' or <eof>

Import traces:
  Client Component Browser:
    ./src/components/ui/background-boxes.tsx [Client Component Browser]
    ./src/components/sections/Hero.tsx [Client Component Browser]
    ./src/components/sections/Hero.tsx [Server Component]
    ./src/app/page.tsx [Server Component]

  Client Component SSR:
    ./src/components/ui/background-boxes.tsx [Client Component SSR]
    ./src/components/sections/Hero.tsx [Client Component SSR]
    ./src/components/sections/Hero.tsx [Server Component]
    ./src/app/page.tsx [Server Component] @ http://localhost:3000/_next/static/chunks/node_modules_next_dist_f3530cac._.js:3127
[   72761ms] [ERROR] ./src/components/ui/background-boxes.tsx:1:2
Parsing ecmascript source code failed
> 1 | o'use client'
    |  ^^^^^^^^^^^^
  2 |
  3 | import React, { useEffect, useRef } from 'react'
  4 | import { cn } from '@/lib/utils'

Expected ';', '}' or <eof>

Import traces:
  Client Component Browser:
    ./src/components/ui/background-boxes.tsx [Client Component Browser]
    ./src/components/sections/Hero.tsx [Client Component Browser]
    ./src/components/sections/Hero.tsx [Server Component]
    ./src/app/page.tsx [Server Component]

  Client Component SSR:
    ./src/components/ui/background-boxes.tsx [Client Component SSR]
    ./src/components/sections/Hero.tsx [Client Component SSR]
    ./src/components/sections/Hero.tsx [Server Component]
    ./src/app/page.tsx [Server Component] @ http://localhost:3000/_next/static/chunks/node_modules_next_dist_f3530cac._.js:3127
[   72854ms] [ERROR] ./src/components/ui/background-boxes.tsx:1:2
Parsing ecmascript source code failed
> 1 | o'use client'
    |  ^^^^^^^^^^^^
  2 |
  3 | import React, { useEffect, useRef } from 'react'
  4 | import { cn } from '@/lib/utils'

Expected ';', '}' or <eof>

Import traces:
  Client Component Browser:
    ./src/components/ui/background-boxes.tsx [Client Component Browser]
    ./src/components/sections/Hero.tsx [Client Component Browser]
    ./src/components/sections/Hero.tsx [Server Component]
    ./src/app/page.tsx [Server Component]

  Client Component SSR:
    ./src/components/ui/background-boxes.tsx [Client Component SSR]
    ./src/components/sections/Hero.tsx [Client Component SSR]
    ./src/components/sections/Hero.tsx [Server Component]
    ./src/app/page.tsx [Server Component] @ http://localhost:3000/_next/static/chunks/node_modules_next_dist_f3530cac._.js:3127
[   72949ms] [ERROR] ./src/components/ui/background-boxes.tsx:1:2
Parsing ecmascript source code failed
> 1 | o'use client'
    |  ^^^^^^^^^^^^
  2 |
  3 | import React, { useEffect, useRef } from 'react'
  4 | import { cn } from '@/lib/utils'

Expected ';', '}' or <eof>

Import traces:
  Client Component Browser:
    ./src/components/ui/background-boxes.tsx [Client Component Browser]
    ./src/components/sections/Hero.tsx [Client Component Browser]
    ./src/components/sections/Hero.tsx [Server Component]
    ./src/app/page.tsx [Server Component]

  Client Component SSR:
    ./src/components/ui/background-boxes.tsx [Client Component SSR]
    ./src/components/sections/Hero.tsx [Client Component SSR]
    ./src/components/sections/Hero.tsx [Server Component]
    ./src/app/page.tsx [Server Component] @ http://localhost:3000/_next/static/chunks/node_modules_next_dist_f3530cac._.js:3127
[   73028ms] [ERROR] ./src/components/ui/background-boxes.tsx:1:2
Parsing ecmascript source code failed
> 1 | o'use client'
    |  ^^^^^^^^^^^^
  2 |
  3 | import React, { useEffect, useRef } from 'react'
  4 | import { cn } from '@/lib/utils'

Expected ';', '}' or <eof>

Import traces:
  Client Component Browser:
    ./src/components/ui/background-boxes.tsx [Client Component Browser]
    ./src/components/sections/Hero.tsx [Client Component Browser]
    ./src/components/sections/Hero.tsx [Server Component]
    ./src/app/page.tsx [Server Component]

  Client Component SSR:
    ./src/components/ui/background-boxes.tsx [Client Component SSR]
    ./src/components/sections/Hero.tsx [Client Component SSR]
    ./src/components/sections/Hero.tsx [Server Component]
    ./src/app/page.tsx [Server Component] @ http://localhost:3000/_next/static/chunks/node_modules_next_dist_f3530cac._.js:3127
[   73087ms] [ERROR] ./src/components/ui/background-boxes.tsx:1:2
Parsing ecmascript source code failed
> 1 | o'use client'
    |  ^^^^^^^^^^^^
  2 |
  3 | import React, { useEffect, useRef } from 'react'
  4 | import { cn } from '@/lib/utils'

Expected ';', '}' or <eof>

Import traces:
  Client Component Browser:
    ./src/components/ui/background-boxes.tsx [Client Component Browser]
    ./src/components/sections/Hero.tsx [Client Component Browser]
    ./src/components/sections/Hero.tsx [Server Component]
    ./src/app/page.tsx [Server Component]

  Client Component SSR:
    ./src/components/ui/background-boxes.tsx [Client Component SSR]
    ./src/components/sections/Hero.tsx [Client Component SSR]
    ./src/components/sections/Hero.tsx [Server Component]
    ./src/app/page.tsx [Server Component] @ http://localhost:3000/_next/static/chunks/node_modules_next_dist_f3530cac._.js:3127
[   73164ms] [ERROR] ./src/components/ui/background-boxes.tsx:1:2
Parsing ecmascript source code failed
> 1 | o'use client'
    |  ^^^^^^^^^^^^
  2 |
  3 | import React, { useEffect, useRef } from 'react'
  4 | import { cn } from '@/lib/utils'

Expected ';', '}' or <eof>

Import traces:
  Client Component Browser:
    ./src/components/ui/background-boxes.tsx [Client Component Browser]
    ./src/components/sections/Hero.tsx [Client Component Browser]
    ./src/components/sections/Hero.tsx [Server Component]
    ./src/app/page.tsx [Server Component]

  Client Component SSR:
    ./src/components/ui/background-boxes.tsx [Client Component SSR]
    ./src/components/sections/Hero.tsx [Client Component SSR]
    ./src/components/sections/Hero.tsx [Server Component]
    ./src/app/page.tsx [Server Component] @ http://localhost:3000/_next/static/chunks/node_modules_next_dist_f3530cac._.js:3127
[   73222ms] [ERROR] ./src/components/ui/background-boxes.tsx:1:2
Parsing ecmascript source code failed
> 1 | o'use client'
    |  ^^^^^^^^^^^^
  2 |
  3 | import React, { useEffect, useRef } from 'react'
  4 | import { cn } from '@/lib/utils'

Expected ';', '}' or <eof>

Import traces:
  Client Component Browser:
    ./src/components/ui/background-boxes.tsx [Client Component Browser]
    ./src/components/sections/Hero.tsx [Client Component Browser]
    ./src/components/sections/Hero.tsx [Server Component]
    ./src/app/page.tsx [Server Component]

  Client Component SSR:
    ./src/components/ui/background-boxes.tsx [Client Component SSR]
    ./src/components/sections/Hero.tsx [Client Component SSR]
    ./src/components/sections/Hero.tsx [Server Component]
    ./src/app/page.tsx [Server Component] @ http://localhost:3000/_next/static/chunks/node_modules_next_dist_f3530cac._.js:3127
[   73309ms] [ERROR] ./src/components/ui/background-boxes.tsx:1:2
Parsing ecmascript source code failed
> 1 | o'use client'
    |  ^^^^^^^^^^^^
  2 |
  3 | import React, { useEffect, useRef } from 'react'
  4 | import { cn } from '@/lib/utils'

Expected ';', '}' or <eof>

Import traces:
  Client Component Browser:
    ./src/components/ui/background-boxes.tsx [Client Component Browser]
    ./src/components/sections/Hero.tsx [Client Component Browser]
    ./src/components/sections/Hero.tsx [Server Component]
    ./src/app/page.tsx [Server Component]

  Client Component SSR:
    ./src/components/ui/background-boxes.tsx [Client Component SSR]
    ./src/components/sections/Hero.tsx [Client Component SSR]
    ./src/components/sections/Hero.tsx [Server Component]
    ./src/app/page.tsx [Server Component] @ http://localhost:3000/_next/static/chunks/node_modules_next_dist_f3530cac._.js:3127
[   73388ms] [ERROR] ./src/components/ui/background-boxes.tsx:1:2
Parsing ecmascript source code failed
> 1 | o'use client'
    |  ^^^^^^^^^^^^
  2 |
  3 | import React, { useEffect, useRef } from 'react'
  4 | import { cn } from '@/lib/utils'

Expected ';', '}' or <eof>

Import traces:
  Client Component Browser:
    ./src/components/ui/background-boxes.tsx [Client Component Browser]
    ./src/components/sections/Hero.tsx [Client Component Browser]
    ./src/components/sections/Hero.tsx [Server Component]
    ./src/app/page.tsx [Server Component]

  Client Component SSR:
    ./src/components/ui/background-boxes.tsx [Client Component SSR]
    ./src/components/sections/Hero.tsx [Client Component SSR]
    ./src/components/sections/Hero.tsx [Server Component]
    ./src/app/page.tsx [Server Component] @ http://localhost:3000/_next/static/chunks/node_modules_next_dist_f3530cac._.js:3127
[   73454ms] [ERROR] ./src/components/ui/background-boxes.tsx:1:2
Parsing ecmascript source code failed
> 1 | o'use client'
    |  ^^^^^^^^^^^^
  2 |
  3 | import React, { useEffect, useRef } from 'react'
  4 | import { cn } from '@/lib/utils'

Expected ';', '}' or <eof>

Import traces:
  Client Component Browser:
    ./src/components/ui/background-boxes.tsx [Client Component Browser]
    ./src/components/sections/Hero.tsx [Client Component Browser]
    ./src/components/sections/Hero.tsx [Server Component]
    ./src/app/page.tsx [Server Component]

  Client Component SSR:
    ./src/components/ui/background-boxes.tsx [Client Component SSR]
    ./src/components/sections/Hero.tsx [Client Component SSR]
    ./src/components/sections/Hero.tsx [Server Component]
    ./src/app/page.tsx [Server Component] @ http://localhost:3000/_next/static/chunks/node_modules_next_dist_f3530cac._.js:3127
[   73547ms] [ERROR] ./src/components/ui/background-boxes.tsx:1:2
Parsing ecmascript source code failed
> 1 | o'use client'
    |  ^^^^^^^^^^^^
  2 |
  3 | import React, { useEffect, useRef } from 'react'
  4 | import { cn } from '@/lib/utils'

Expected ';', '}' or <eof>

Import traces:
  Client Component Browser:
    ./src/components/ui/background-boxes.tsx [Client Component Browser]
    ./src/components/sections/Hero.tsx [Client Component Browser]
    ./src/components/sections/Hero.tsx [Server Component]
    ./src/app/page.tsx [Server Component]

  Client Component SSR:
    ./src/components/ui/background-boxes.tsx [Client Component SSR]
    ./src/components/sections/Hero.tsx [Client Component SSR]
    ./src/components/sections/Hero.tsx [Server Component]
    ./src/app/page.tsx [Server Component] @ http://localhost:3000/_next/static/chunks/node_modules_next_dist_f3530cac._.js:3127
[   73638ms] [ERROR] ./src/components/ui/background-boxes.tsx:1:2
Parsing ecmascript source code failed
> 1 | o'use client'
    |  ^^^^^^^^^^^^
  2 |
  3 | import React, { useEffect, useRef } from 'react'
  4 | import { cn } from '@/lib/utils'

Expected ';', '}' or <eof>

Import traces:
  Client Component Browser:
    ./src/components/ui/background-boxes.tsx [Client Component Browser]
    ./src/components/sections/Hero.tsx [Client Component Browser]
    ./src/components/sections/Hero.tsx [Server Component]
    ./src/app/page.tsx [Server Component]

  Client Component SSR:
    ./src/components/ui/background-boxes.tsx [Client Component SSR]
    ./src/components/sections/Hero.tsx [Client Component SSR]
    ./src/components/sections/Hero.tsx [Server Component]
    ./src/app/page.tsx [Server Component] @ http://localhost:3000/_next/static/chunks/node_modules_next_dist_f3530cac._.js:3127
[   73690ms] [ERROR] ./src/components/ui/background-boxes.tsx:1:2
Parsing ecmascript source code failed
> 1 | o'use client'
    |  ^^^^^^^^^^^^
  2 |
  3 | import React, { useEffect, useRef } from 'react'
  4 | import { cn } from '@/lib/utils'

Expected ';', '}' or <eof>

Import traces:
  Client Component Browser:
    ./src/components/ui/background-boxes.tsx [Client Component Browser]
    ./src/components/sections/Hero.tsx [Client Component Browser]
    ./src/components/sections/Hero.tsx [Server Component]
    ./src/app/page.tsx [Server Component]

  Client Component SSR:
    ./src/components/ui/background-boxes.tsx [Client Component SSR]
    ./src/components/sections/Hero.tsx [Client Component SSR]
    ./src/components/sections/Hero.tsx [Server Component]
    ./src/app/page.tsx [Server Component] @ http://localhost:3000/_next/static/chunks/node_modules_next_dist_f3530cac._.js:3127
[   73753ms] [ERROR] ./src/components/ui/background-boxes.tsx:1:2
Parsing ecmascript source code failed
> 1 | o'use client'
    |  ^^^^^^^^^^^^
  2 |
  3 | import React, { useEffect, useRef } from 'react'
  4 | import { cn } from '@/lib/utils'

Expected ';', '}' or <eof>

Import traces:
  Client Component Browser:
    ./src/components/ui/background-boxes.tsx [Client Component Browser]
    ./src/components/sections/Hero.tsx [Client Component Browser]
    ./src/components/sections/Hero.tsx [Server Component]
    ./src/app/page.tsx [Server Component]

  Client Component SSR:
    ./src/components/ui/background-boxes.tsx [Client Component SSR]
    ./src/components/sections/Hero.tsx [Client Component SSR]
    ./src/components/sections/Hero.tsx [Server Component]
    ./src/app/page.tsx [Server Component] @ http://localhost:3000/_next/static/chunks/node_modules_next_dist_f3530cac._.js:3127
[   73836ms] [ERROR] ./src/components/ui/background-boxes.tsx:1:2
Parsing ecmascript source code failed
> 1 | o'use client'
    |  ^^^^^^^^^^^^
  2 |
  3 | import React, { useEffect, useRef } from 'react'
  4 | import { cn } from '@/lib/utils'

Expected ';', '}' or <eof>

Import traces:
  Client Component Browser:
    ./src/components/ui/background-boxes.tsx [Client Component Browser]
    ./src/components/sections/Hero.tsx [Client Component Browser]
    ./src/components/sections/Hero.tsx [Server Component]
    ./src/app/page.tsx [Server Component]

  Client Component SSR:
    ./src/components/ui/background-boxes.tsx [Client Component SSR]
    ./src/components/sections/Hero.tsx [Client Component SSR]
    ./src/components/sections/Hero.tsx [Server Component]
    ./src/app/page.tsx [Server Component] @ http://localhost:3000/_next/static/chunks/node_modules_next_dist_f3530cac._.js:3127
[   73924ms] [ERROR] ./src/components/ui/background-boxes.tsx:1:2
Parsing ecmascript source code failed
> 1 | o'use client'
    |  ^^^^^^^^^^^^
  2 |
  3 | import React, { useEffect, useRef } from 'react'
  4 | import { cn } from '@/lib/utils'

Expected ';', '}' or <eof>

Import traces:
  Client Component Browser:
    ./src/components/ui/background-boxes.tsx [Client Component Browser]
    ./src/components/sections/Hero.tsx [Client Component Browser]
    ./src/components/sections/Hero.tsx [Server Component]
    ./src/app/page.tsx [Server Component]

  Client Component SSR:
    ./src/components/ui/background-boxes.tsx [Client Component SSR]
    ./src/components/sections/Hero.tsx [Client Component SSR]
    ./src/components/sections/Hero.tsx [Server Component]
    ./src/app/page.tsx [Server Component] @ http://localhost:3000/_next/static/chunks/node_modules_next_dist_f3530cac._.js:3127
[   74013ms] [ERROR] ./src/components/ui/background-boxes.tsx:1:2
Parsing ecmascript source code failed
> 1 | o'use client'
    |  ^^^^^^^^^^^^
  2 |
  3 | import React, { useEffect, useRef } from 'react'
  4 | import { cn } from '@/lib/utils'

Expected ';', '}' or <eof>

Import traces:
  Client Component Browser:
    ./src/components/ui/background-boxes.tsx [Client Component Browser]
    ./src/components/sections/Hero.tsx [Client Component Browser]
    ./src/components/sections/Hero.tsx [Server Component]
    ./src/app/page.tsx [Server Component]

  Client Component SSR:
    ./src/components/ui/background-boxes.tsx [Client Component SSR]
    ./src/components/sections/Hero.tsx [Client Component SSR]
    ./src/components/sections/Hero.tsx [Server Component]
    ./src/app/page.tsx [Server Component] @ http://localhost:3000/_next/static/chunks/node_modules_next_dist_f3530cac._.js:3127
[   74107ms] [ERROR] ./src/components/ui/background-boxes.tsx:1:2
Parsing ecmascript source code failed
> 1 | o'use client'
    |  ^^^^^^^^^^^^
  2 |
  3 | import React, { useEffect, useRef } from 'react'
  4 | import { cn } from '@/lib/utils'

Expected ';', '}' or <eof>

Import traces:
  Client Component Browser:
    ./src/components/ui/background-boxes.tsx [Client Component Browser]
    ./src/components/sections/Hero.tsx [Client Component Browser]
    ./src/components/sections/Hero.tsx [Server Component]
    ./src/app/page.tsx [Server Component]

  Client Component SSR:
    ./src/components/ui/background-boxes.tsx [Client Component SSR]
    ./src/components/sections/Hero.tsx [Client Component SSR]
    ./src/components/sections/Hero.tsx [Server Component]
    ./src/app/page.tsx [Server Component] @ http://localhost:3000/_next/static/chunks/node_modules_next_dist_f3530cac._.js:3127
[   74204ms] [ERROR] ./src/components/ui/background-boxes.tsx:1:2
Parsing ecmascript source code failed
> 1 | o'use client'
    |  ^^^^^^^^^^^^
  2 |
  3 | import React, { useEffect, useRef } from 'react'
  4 | import { cn } from '@/lib/utils'

Expected ';', '}' or <eof>

Import traces:
  Client Component Browser:
    ./src/components/ui/background-boxes.tsx [Client Component Browser]
    ./src/components/sections/Hero.tsx [Client Component Browser]
    ./src/components/sections/Hero.tsx [Server Component]
    ./src/app/page.tsx [Server Component]

  Client Component SSR:
    ./src/components/ui/background-boxes.tsx [Client Component SSR]
    ./src/components/sections/Hero.tsx [Client Component SSR]
    ./src/components/sections/Hero.tsx [Server Component]
    ./src/app/page.tsx [Server Component] @ http://localhost:3000/_next/static/chunks/node_modules_next_dist_f3530cac._.js:3127
[   74300ms] [ERROR] ./src/components/ui/background-boxes.tsx:1:2
Parsing ecmascript source code failed
> 1 | o'use client'
    |  ^^^^^^^^^^^^
  2 |
  3 | import React, { useEffect, useRef } from 'react'
  4 | import { cn } from '@/lib/utils'

Expected ';', '}' or <eof>

Import traces:
  Client Component Browser:
    ./src/components/ui/background-boxes.tsx [Client Component Browser]
    ./src/components/sections/Hero.tsx [Client Component Browser]
    ./src/components/sections/Hero.tsx [Server Component]
    ./src/app/page.tsx [Server Component]

  Client Component SSR:
    ./src/components/ui/background-boxes.tsx [Client Component SSR]
    ./src/components/sections/Hero.tsx [Client Component SSR]
    ./src/components/sections/Hero.tsx [Server Component]
    ./src/app/page.tsx [Server Component] @ http://localhost:3000/_next/static/chunks/node_modules_next_dist_f3530cac._.js:3127
[   74399ms] [ERROR] ./src/components/ui/background-boxes.tsx:1:2
Parsing ecmascript source code failed
> 1 | o'use client'
    |  ^^^^^^^^^^^^
  2 |
  3 | import React, { useEffect, useRef } from 'react'
  4 | import { cn } from '@/lib/utils'

Expected ';', '}' or <eof>

Import traces:
  Client Component Browser:
    ./src/components/ui/background-boxes.tsx [Client Component Browser]
    ./src/components/sections/Hero.tsx [Client Component Browser]
    ./src/components/sections/Hero.tsx [Server Component]
    ./src/app/page.tsx [Server Component]

  Client Component SSR:
    ./src/components/ui/background-boxes.tsx [Client Component SSR]
    ./src/components/sections/Hero.tsx [Client Component SSR]
    ./src/components/sections/Hero.tsx [Server Component]
    ./src/app/page.tsx [Server Component] @ http://localhost:3000/_next/static/chunks/node_modules_next_dist_f3530cac._.js:3127
[   74472ms] [ERROR] ./src/components/ui/background-boxes.tsx:1:2
Parsing ecmascript source code failed
> 1 | o'use client'
    |  ^^^^^^^^^^^^
  2 |
  3 | import React, { useEffect, useRef } from 'react'
  4 | import { cn } from '@/lib/utils'

Expected ';', '}' or <eof>

Import traces:
  Client Component Browser:
    ./src/components/ui/background-boxes.tsx [Client Component Browser]
    ./src/components/sections/Hero.tsx [Client Component Browser]
    ./src/components/sections/Hero.tsx [Server Component]
    ./src/app/page.tsx [Server Component]

  Client Component SSR:
    ./src/components/ui/background-boxes.tsx [Client Component SSR]
    ./src/components/sections/Hero.tsx [Client Component SSR]
    ./src/components/sections/Hero.tsx [Server Component]
    ./src/app/page.tsx [Server Component] @ http://localhost:3000/_next/static/chunks/node_modules_next_dist_f3530cac._.js:3127
[   74552ms] [ERROR] ./src/components/ui/background-boxes.tsx:1:2
Parsing ecmascript source code failed
> 1 | o'use client'
    |  ^^^^^^^^^^^^
  2 |
  3 | import React, { useEffect, useRef } from 'react'
  4 | import { cn } from '@/lib/utils'

Expected ';', '}' or <eof>

Import traces:
  Client Component Browser:
    ./src/components/ui/background-boxes.tsx [Client Component Browser]
    ./src/components/sections/Hero.tsx [Client Component Browser]
    ./src/components/sections/Hero.tsx [Server Component]
    ./src/app/page.tsx [Server Component]

  Client Component SSR:
    ./src/components/ui/background-boxes.tsx [Client Component SSR]
    ./src/components/sections/Hero.tsx [Client Component SSR]
    ./src/components/sections/Hero.tsx [Server Component]
    ./src/app/page.tsx [Server Component] @ http://localhost:3000/_next/static/chunks/node_modules_next_dist_f3530cac._.js:3127
[   74634ms] [ERROR] ./src/components/ui/background-boxes.tsx:1:2
Parsing ecmascript source code failed
> 1 | o'use client'
    |  ^^^^^^^^^^^^
  2 |
  3 | import React, { useEffect, useRef } from 'react'
  4 | import { cn } from '@/lib/utils'

Expected ';', '}' or <eof>

Import traces:
  Client Component Browser:
    ./src/components/ui/background-boxes.tsx [Client Component Browser]
    ./src/components/sections/Hero.tsx [Client Component Browser]
    ./src/components/sections/Hero.tsx [Server Component]
    ./src/app/page.tsx [Server Component]

  Client Component SSR:
    ./src/components/ui/background-boxes.tsx [Client Component SSR]
    ./src/components/sections/Hero.tsx [Client Component SSR]
    ./src/components/sections/Hero.tsx [Server Component]
    ./src/app/page.tsx [Server Component] @ http://localhost:3000/_next/static/chunks/node_modules_next_dist_f3530cac._.js:3127
[   74713ms] [ERROR] ./src/components/ui/background-boxes.tsx:1:2
Parsing ecmascript source code failed
> 1 | o'use client'
    |  ^^^^^^^^^^^^
  2 |
  3 | import React, { useEffect, useRef } from 'react'
  4 | import { cn } from '@/lib/utils'

Expected ';', '}' or <eof>

Import traces:
  Client Component Browser:
    ./src/components/ui/background-boxes.tsx [Client Component Browser]
    ./src/components/sections/Hero.tsx [Client Component Browser]
    ./src/components/sections/Hero.tsx [Server Component]
    ./src/app/page.tsx [Server Component]

  Client Component SSR:
    ./src/components/ui/background-boxes.tsx [Client Component SSR]
    ./src/components/sections/Hero.tsx [Client Component SSR]
    ./src/components/sections/Hero.tsx [Server Component]
    ./src/app/page.tsx [Server Component] @ http://localhost:3000/_next/static/chunks/node_modules_next_dist_f3530cac._.js:3127
[   74793ms] [ERROR] ./src/components/ui/background-boxes.tsx:1:2
Parsing ecmascript source code failed
> 1 | o'use client'
    |  ^^^^^^^^^^^^
  2 |
  3 | import React, { useEffect, useRef } from 'react'
  4 | import { cn } from '@/lib/utils'

Expected ';', '}' or <eof>

Import traces:
  Client Component Browser:
    ./src/components/ui/background-boxes.tsx [Client Component Browser]
    ./src/components/sections/Hero.tsx [Client Component Browser]
    ./src/components/sections/Hero.tsx [Server Component]
    ./src/app/page.tsx [Server Component]

  Client Component SSR:
    ./src/components/ui/background-boxes.tsx [Client Component SSR]
    ./src/components/sections/Hero.tsx [Client Component SSR]
    ./src/components/sections/Hero.tsx [Server Component]
    ./src/app/page.tsx [Server Component] @ http://localhost:3000/_next/static/chunks/node_modules_next_dist_f3530cac._.js:3127
[   74876ms] [ERROR] ./src/components/ui/background-boxes.tsx:1:2
Parsing ecmascript source code failed
> 1 | o'use client'
    |  ^^^^^^^^^^^^
  2 |
  3 | import React, { useEffect, useRef } from 'react'
  4 | import { cn } from '@/lib/utils'

Expected ';', '}' or <eof>

Import traces:
  Client Component Browser:
    ./src/components/ui/background-boxes.tsx [Client Component Browser]
    ./src/components/sections/Hero.tsx [Client Component Browser]
    ./src/components/sections/Hero.tsx [Server Component]
    ./src/app/page.tsx [Server Component]

  Client Component SSR:
    ./src/components/ui/background-boxes.tsx [Client Component SSR]
    ./src/components/sections/Hero.tsx [Client Component SSR]
    ./src/components/sections/Hero.tsx [Server Component]
    ./src/app/page.tsx [Server Component] @ http://localhost:3000/_next/static/chunks/node_modules_next_dist_f3530cac._.js:3127
[   74976ms] [ERROR] ./src/components/ui/background-boxes.tsx:1:2
Parsing ecmascript source code failed
> 1 | o'use client'
    |  ^^^^^^^^^^^^
  2 |
  3 | import React, { useEffect, useRef } from 'react'
  4 | import { cn } from '@/lib/utils'

Expected ';', '}' or <eof>

Import traces:
  Client Component Browser:
    ./src/components/ui/background-boxes.tsx [Client Component Browser]
    ./src/components/sections/Hero.tsx [Client Component Browser]
    ./src/components/sections/Hero.tsx [Server Component]
    ./src/app/page.tsx [Server Component]

  Client Component SSR:
    ./src/components/ui/background-boxes.tsx [Client Component SSR]
    ./src/components/sections/Hero.tsx [Client Component SSR]
    ./src/components/sections/Hero.tsx [Server Component]
    ./src/app/page.tsx [Server Component] @ http://localhost:3000/_next/static/chunks/node_modules_next_dist_f3530cac._.js:3127
[   75060ms] [ERROR] ./src/components/ui/background-boxes.tsx:1:2
Parsing ecmascript source code failed
> 1 | o'use client'
    |  ^^^^^^^^^^^^
  2 |
  3 | import React, { useEffect, useRef } from 'react'
  4 | import { cn } from '@/lib/utils'

Expected ';', '}' or <eof>

Import traces:
  Client Component Browser:
    ./src/components/ui/background-boxes.tsx [Client Component Browser]
    ./src/components/sections/Hero.tsx [Client Component Browser]
    ./src/components/sections/Hero.tsx [Server Component]
    ./src/app/page.tsx [Server Component]

  Client Component SSR:
    ./src/components/ui/background-boxes.tsx [Client Component SSR]
    ./src/components/sections/Hero.tsx [Client Component SSR]
    ./src/components/sections/Hero.tsx [Server Component]
    ./src/app/page.tsx [Server Component] @ http://localhost:3000/_next/static/chunks/node_modules_next_dist_f3530cac._.js:3127
[   75122ms] [ERROR] ./src/components/ui/background-boxes.tsx:1:2
Parsing ecmascript source code failed
> 1 | o'use client'
    |  ^^^^^^^^^^^^
  2 |
  3 | import React, { useEffect, useRef } from 'react'
  4 | import { cn } from '@/lib/utils'

Expected ';', '}' or <eof>

Import traces:
  Client Component Browser:
    ./src/components/ui/background-boxes.tsx [Client Component Browser]
    ./src/components/sections/Hero.tsx [Client Component Browser]
    ./src/components/sections/Hero.tsx [Server Component]
    ./src/app/page.tsx [Server Component]

  Client Component SSR:
    ./src/components/ui/background-boxes.tsx [Client Component SSR]
    ./src/components/sections/Hero.tsx [Client Component SSR]
    ./src/components/sections/Hero.tsx [Server Component]
    ./src/app/page.tsx [Server Component] @ http://localhost:3000/_next/static/chunks/node_modules_next_dist_f3530cac._.js:3127
[   75204ms] [ERROR] ./src/components/ui/background-boxes.tsx:1:2
Parsing ecmascript source code failed
> 1 | o'use client'
    |  ^^^^^^^^^^^^
  2 |
  3 | import React, { useEffect, useRef } from 'react'
  4 | import { cn } from '@/lib/utils'

Expected ';', '}' or <eof>

Import traces:
  Client Component Browser:
    ./src/components/ui/background-boxes.tsx [Client Component Browser]
    ./src/components/sections/Hero.tsx [Client Component Browser]
    ./src/components/sections/Hero.tsx [Server Component]
    ./src/app/page.tsx [Server Component]

  Client Component SSR:
    ./src/components/ui/background-boxes.tsx [Client Component SSR]
    ./src/components/sections/Hero.tsx [Client Component SSR]
    ./src/components/sections/Hero.tsx [Server Component]
    ./src/app/page.tsx [Server Component] @ http://localhost:3000/_next/static/chunks/node_modules_next_dist_f3530cac._.js:3127
[   75270ms] [ERROR] ./src/components/ui/background-boxes.tsx:1:2
Parsing ecmascript source code failed
> 1 | o'use client'
    |  ^^^^^^^^^^^^
  2 |
  3 | import React, { useEffect, useRef } from 'react'
  4 | import { cn } from '@/lib/utils'

Expected ';', '}' or <eof>

Import traces:
  Client Component Browser:
    ./src/components/ui/background-boxes.tsx [Client Component Browser]
    ./src/components/sections/Hero.tsx [Client Component Browser]
    ./src/components/sections/Hero.tsx [Server Component]
    ./src/app/page.tsx [Server Component]

  Client Component SSR:
    ./src/components/ui/background-boxes.tsx [Client Component SSR]
    ./src/components/sections/Hero.tsx [Client Component SSR]
    ./src/components/sections/Hero.tsx [Server Component]
    ./src/app/page.tsx [Server Component] @ http://localhost:3000/_next/static/chunks/node_modules_next_dist_f3530cac._.js:3127
[   75323ms] [ERROR] ./src/components/ui/background-boxes.tsx:1:2
Parsing ecmascript source code failed
> 1 | o'use client'
    |  ^^^^^^^^^^^^
  2 |
  3 | import React, { useEffect, useRef } from 'react'
  4 | import { cn } from '@/lib/utils'

Expected ';', '}' or <eof>

Import traces:
  Client Component Browser:
    ./src/components/ui/background-boxes.tsx [Client Component Browser]
    ./src/components/sections/Hero.tsx [Client Component Browser]
    ./src/components/sections/Hero.tsx [Server Component]
    ./src/app/page.tsx [Server Component]

  Client Component SSR:
    ./src/components/ui/background-boxes.tsx [Client Component SSR]
    ./src/components/sections/Hero.tsx [Client Component SSR]
    ./src/components/sections/Hero.tsx [Server Component]
    ./src/app/page.tsx [Server Component] @ http://localhost:3000/_next/static/chunks/node_modules_next_dist_f3530cac._.js:3127
[   75410ms] [ERROR] ./src/components/ui/background-boxes.tsx:1:2
Parsing ecmascript source code failed
> 1 | o'use client'
    |  ^^^^^^^^^^^^
  2 |
  3 | import React, { useEffect, useRef } from 'react'
  4 | import { cn } from '@/lib/utils'

Expected ';', '}' or <eof>

Import traces:
  Client Component Browser:
    ./src/components/ui/background-boxes.tsx [Client Component Browser]
    ./src/components/sections/Hero.tsx [Client Component Browser]
    ./src/components/sections/Hero.tsx [Server Component]
    ./src/app/page.tsx [Server Component]

  Client Component SSR:
    ./src/components/ui/background-boxes.tsx [Client Component SSR]
    ./src/components/sections/Hero.tsx [Client Component SSR]
    ./src/components/sections/Hero.tsx [Server Component]
    ./src/app/page.tsx [Server Component] @ http://localhost:3000/_next/static/chunks/node_modules_next_dist_f3530cac._.js:3127
[   75503ms] [ERROR] ./src/components/ui/background-boxes.tsx:1:2
Parsing ecmascript source code failed
> 1 | o'use client'
    |  ^^^^^^^^^^^^
  2 |
  3 | import React, { useEffect, useRef } from 'react'
  4 | import { cn } from '@/lib/utils'

Expected ';', '}' or <eof>

Import traces:
  Client Component Browser:
    ./src/components/ui/background-boxes.tsx [Client Component Browser]
    ./src/components/sections/Hero.tsx [Client Component Browser]
    ./src/components/sections/Hero.tsx [Server Component]
    ./src/app/page.tsx [Server Component]

  Client Component SSR:
    ./src/components/ui/background-boxes.tsx [Client Component SSR]
    ./src/components/sections/Hero.tsx [Client Component SSR]
    ./src/components/sections/Hero.tsx [Server Component]
    ./src/app/page.tsx [Server Component] @ http://localhost:3000/_next/static/chunks/node_modules_next_dist_f3530cac._.js:3127
[   75581ms] [ERROR] ./src/components/ui/background-boxes.tsx:1:2
Parsing ecmascript source code failed
> 1 | o'use client'
    |  ^^^^^^^^^^^^
  2 |
  3 | import React, { useEffect, useRef } from 'react'
  4 | import { cn } from '@/lib/utils'

Expected ';', '}' or <eof>

Import traces:
  Client Component Browser:
    ./src/components/ui/background-boxes.tsx [Client Component Browser]
    ./src/components/sections/Hero.tsx [Client Component Browser]
    ./src/components/sections/Hero.tsx [Server Component]
    ./src/app/page.tsx [Server Component]

  Client Component SSR:
    ./src/components/ui/background-boxes.tsx [Client Component SSR]
    ./src/components/sections/Hero.tsx [Client Component SSR]
    ./src/components/sections/Hero.tsx [Server Component]
    ./src/app/page.tsx [Server Component] @ http://localhost:3000/_next/static/chunks/node_modules_next_dist_f3530cac._.js:3127
[   75655ms] [ERROR] ./src/components/ui/background-boxes.tsx:1:2
Parsing ecmascript source code failed
> 1 | o'use client'
    |  ^^^^^^^^^^^^
  2 |
  3 | import React, { useEffect, useRef } from 'react'
  4 | import { cn } from '@/lib/utils'

Expected ';', '}' or <eof>

Import traces:
  Client Component Browser:
    ./src/components/ui/background-boxes.tsx [Client Component Browser]
    ./src/components/sections/Hero.tsx [Client Component Browser]
    ./src/components/sections/Hero.tsx [Server Component]
    ./src/app/page.tsx [Server Component]

  Client Component SSR:
    ./src/components/ui/background-boxes.tsx [Client Component SSR]
    ./src/components/sections/Hero.tsx [Client Component SSR]
    ./src/components/sections/Hero.tsx [Server Component]
    ./src/app/page.tsx [Server Component] @ http://localhost:3000/_next/static/chunks/node_modules_next_dist_f3530cac._.js:3127
[   75752ms] [ERROR] ./src/components/ui/background-boxes.tsx:1:2
Parsing ecmascript source code failed
> 1 | o'use client'
    |  ^^^^^^^^^^^^
  2 |
  3 | import React, { useEffect, useRef } from 'react'
  4 | import { cn } from '@/lib/utils'

Expected ';', '}' or <eof>

Import traces:
  Client Component Browser:
    ./src/components/ui/background-boxes.tsx [Client Component Browser]
    ./src/components/sections/Hero.tsx [Client Component Browser]
    ./src/components/sections/Hero.tsx [Server Component]
    ./src/app/page.tsx [Server Component]

  Client Component SSR:
    ./src/components/ui/background-boxes.tsx [Client Component SSR]
    ./src/components/sections/Hero.tsx [Client Component SSR]
    ./src/components/sections/Hero.tsx [Server Component]
    ./src/app/page.tsx [Server Component] @ http://localhost:3000/_next/static/chunks/node_modules_next_dist_f3530cac._.js:3127
[   75845ms] [ERROR] ./src/components/ui/background-boxes.tsx:1:2
Parsing ecmascript source code failed
> 1 | o'use client'
    |  ^^^^^^^^^^^^
  2 |
  3 | import React, { useEffect, useRef } from 'react'
  4 | import { cn } from '@/lib/utils'

Expected ';', '}' or <eof>

Import traces:
  Client Component Browser:
    ./src/components/ui/background-boxes.tsx [Client Component Browser]
    ./src/components/sections/Hero.tsx [Client Component Browser]
    ./src/components/sections/Hero.tsx [Server Component]
    ./src/app/page.tsx [Server Component]

  Client Component SSR:
    ./src/components/ui/background-boxes.tsx [Client Component SSR]
    ./src/components/sections/Hero.tsx [Client Component SSR]
    ./src/components/sections/Hero.tsx [Server Component]
    ./src/app/page.tsx [Server Component] @ http://localhost:3000/_next/static/chunks/node_modules_next_dist_f3530cac._.js:3127
[   75939ms] [ERROR] ./src/components/ui/background-boxes.tsx:1:2
Parsing ecmascript source code failed
> 1 | o'use client'
    |  ^^^^^^^^^^^^
  2 |
  3 | import React, { useEffect, useRef } from 'react'
  4 | import { cn } from '@/lib/utils'

Expected ';', '}' or <eof>

Import traces:
  Client Component Browser:
    ./src/components/ui/background-boxes.tsx [Client Component Browser]
    ./src/components/sections/Hero.tsx [Client Component Browser]
    ./src/components/sections/Hero.tsx [Server Component]
    ./src/app/page.tsx [Server Component]

  Client Component SSR:
    ./src/components/ui/background-boxes.tsx [Client Component SSR]
    ./src/components/sections/Hero.tsx [Client Component SSR]
    ./src/components/sections/Hero.tsx [Server Component]
    ./src/app/page.tsx [Server Component] @ http://localhost:3000/_next/static/chunks/node_modules_next_dist_f3530cac._.js:3127
[   76017ms] [ERROR] ./src/components/ui/background-boxes.tsx:1:2
Parsing ecmascript source code failed
> 1 | o'use client'
    |  ^^^^^^^^^^^^
  2 |
  3 | import React, { useEffect, useRef } from 'react'
  4 | import { cn } from '@/lib/utils'

Expected ';', '}' or <eof>

Import traces:
  Client Component Browser:
    ./src/components/ui/background-boxes.tsx [Client Component Browser]
    ./src/components/sections/Hero.tsx [Client Component Browser]
    ./src/components/sections/Hero.tsx [Server Component]
    ./src/app/page.tsx [Server Component]

  Client Component SSR:
    ./src/components/ui/background-boxes.tsx [Client Component SSR]
    ./src/components/sections/Hero.tsx [Client Component SSR]
    ./src/components/sections/Hero.tsx [Server Component]
    ./src/app/page.tsx [Server Component] @ http://localhost:3000/_next/static/chunks/node_modules_next_dist_f3530cac._.js:3127
[   76074ms] [ERROR] ./src/components/ui/background-boxes.tsx:1:2
Parsing ecmascript source code failed
> 1 | o'use client'
    |  ^^^^^^^^^^^^
  2 |
  3 | import React, { useEffect, useRef } from 'react'
  4 | import { cn } from '@/lib/utils'

Expected ';', '}' or <eof>

Import traces:
  Client Component Browser:
    ./src/components/ui/background-boxes.tsx [Client Component Browser]
    ./src/components/sections/Hero.tsx [Client Component Browser]
    ./src/components/sections/Hero.tsx [Server Component]
    ./src/app/page.tsx [Server Component]

  Client Component SSR:
    ./src/components/ui/background-boxes.tsx [Client Component SSR]
    ./src/components/sections/Hero.tsx [Client Component SSR]
    ./src/components/sections/Hero.tsx [Server Component]
    ./src/app/page.tsx [Server Component] @ http://localhost:3000/_next/static/chunks/node_modules_next_dist_f3530cac._.js:3127
[   76167ms] [ERROR] ./src/components/ui/background-boxes.tsx:1:2
Parsing ecmascript source code failed
> 1 | o'use client'
    |  ^^^^^^^^^^^^
  2 |
  3 | import React, { useEffect, useRef } from 'react'
  4 | import { cn } from '@/lib/utils'

Expected ';', '}' or <eof>

Import traces:
  Client Component Browser:
    ./src/components/ui/background-boxes.tsx [Client Component Browser]
    ./src/components/sections/Hero.tsx [Client Component Browser]
    ./src/components/sections/Hero.tsx [Server Component]
    ./src/app/page.tsx [Server Component]

  Client Component SSR:
    ./src/components/ui/background-boxes.tsx [Client Component SSR]
    ./src/components/sections/Hero.tsx [Client Component SSR]
    ./src/components/sections/Hero.tsx [Server Component]
    ./src/app/page.tsx [Server Component] @ http://localhost:3000/_next/static/chunks/node_modules_next_dist_f3530cac._.js:3127
[   76264ms] [ERROR] ./src/components/ui/background-boxes.tsx:1:2
Parsing ecmascript source code failed
> 1 | o'use client'
    |  ^^^^^^^^^^^^
  2 |
  3 | import React, { useEffect, useRef } from 'react'
  4 | import { cn } from '@/lib/utils'

Expected ';', '}' or <eof>

Import traces:
  Client Component Browser:
    ./src/components/ui/background-boxes.tsx [Client Component Browser]
    ./src/components/sections/Hero.tsx [Client Component Browser]
    ./src/components/sections/Hero.tsx [Server Component]
    ./src/app/page.tsx [Server Component]

  Client Component SSR:
    ./src/components/ui/background-boxes.tsx [Client Component SSR]
    ./src/components/sections/Hero.tsx [Client Component SSR]
    ./src/components/sections/Hero.tsx [Server Component]
    ./src/app/page.tsx [Server Component] @ http://localhost:3000/_next/static/chunks/node_modules_next_dist_f3530cac._.js:3127
[   76353ms] [ERROR] ./src/components/ui/background-boxes.tsx:1:2
Parsing ecmascript source code failed
> 1 | o'use client'
    |  ^^^^^^^^^^^^
  2 |
  3 | import React, { useEffect, useRef } from 'react'
  4 | import { cn } from '@/lib/utils'

Expected ';', '}' or <eof>

Import traces:
  Client Component Browser:
    ./src/components/ui/background-boxes.tsx [Client Component Browser]
    ./src/components/sections/Hero.tsx [Client Component Browser]
    ./src/components/sections/Hero.tsx [Server Component]
    ./src/app/page.tsx [Server Component]

  Client Component SSR:
    ./src/components/ui/background-boxes.tsx [Client Component SSR]
    ./src/components/sections/Hero.tsx [Client Component SSR]
    ./src/components/sections/Hero.tsx [Server Component]
    ./src/app/page.tsx [Server Component] @ http://localhost:3000/_next/static/chunks/node_modules_next_dist_f3530cac._.js:3127
[   76446ms] [ERROR] ./src/components/ui/background-boxes.tsx:1:2
Parsing ecmascript source code failed
> 1 | o'use client'
    |  ^^^^^^^^^^^^
  2 |
  3 | import React, { useEffect, useRef } from 'react'
  4 | import { cn } from '@/lib/utils'

Expected ';', '}' or <eof>

Import traces:
  Client Component Browser:
    ./src/components/ui/background-boxes.tsx [Client Component Browser]
    ./src/components/sections/Hero.tsx [Client Component Browser]
    ./src/components/sections/Hero.tsx [Server Component]
    ./src/app/page.tsx [Server Component]

  Client Component SSR:
    ./src/components/ui/background-boxes.tsx [Client Component SSR]
    ./src/components/sections/Hero.tsx [Client Component SSR]
    ./src/components/sections/Hero.tsx [Server Component]
    ./src/app/page.tsx [Server Component] @ http://localhost:3000/_next/static/chunks/node_modules_next_dist_f3530cac._.js:3127
[   76537ms] [ERROR] ./src/components/ui/background-boxes.tsx:1:2
Parsing ecmascript source code failed
> 1 | o'use client'
    |  ^^^^^^^^^^^^
  2 |
  3 | import React, { useEffect, useRef } from 'react'
  4 | import { cn } from '@/lib/utils'

Expected ';', '}' or <eof>

Import traces:
  Client Component Browser:
    ./src/components/ui/background-boxes.tsx [Client Component Browser]
    ./src/components/sections/Hero.tsx [Client Component Browser]
    ./src/components/sections/Hero.tsx [Server Component]
    ./src/app/page.tsx [Server Component]

  Client Component SSR:
    ./src/components/ui/background-boxes.tsx [Client Component SSR]
    ./src/components/sections/Hero.tsx [Client Component SSR]
    ./src/components/sections/Hero.tsx [Server Component]
    ./src/app/page.tsx [Server Component] @ http://localhost:3000/_next/static/chunks/node_modules_next_dist_f3530cac._.js:3127
[   76621ms] [ERROR] ./src/components/ui/background-boxes.tsx:1:2
Parsing ecmascript source code failed
> 1 | o'use client'
    |  ^^^^^^^^^^^^
  2 |
  3 | import React, { useEffect, useRef } from 'react'
  4 | import { cn } from '@/lib/utils'

Expected ';', '}' or <eof>

Import traces:
  Client Component Browser:
    ./src/components/ui/background-boxes.tsx [Client Component Browser]
    ./src/components/sections/Hero.tsx [Client Component Browser]
    ./src/components/sections/Hero.tsx [Server Component]
    ./src/app/page.tsx [Server Component]

  Client Component SSR:
    ./src/components/ui/background-boxes.tsx [Client Component SSR]
    ./src/components/sections/Hero.tsx [Client Component SSR]
    ./src/components/sections/Hero.tsx [Server Component]
    ./src/app/page.tsx [Server Component] @ http://localhost:3000/_next/static/chunks/node_modules_next_dist_f3530cac._.js:3127
[   76704ms] [ERROR] ./src/components/ui/background-boxes.tsx:1:2
Parsing ecmascript source code failed
> 1 | o'use client'
    |  ^^^^^^^^^^^^
  2 |
  3 | import React, { useEffect, useRef } from 'react'
  4 | import { cn } from '@/lib/utils'

Expected ';', '}' or <eof>

Import traces:
  Client Component Browser:
    ./src/components/ui/background-boxes.tsx [Client Component Browser]
    ./src/components/sections/Hero.tsx [Client Component Browser]
    ./src/components/sections/Hero.tsx [Server Component]
    ./src/app/page.tsx [Server Component]

  Client Component SSR:
    ./src/components/ui/background-boxes.tsx [Client Component SSR]
    ./src/components/sections/Hero.tsx [Client Component SSR]
    ./src/components/sections/Hero.tsx [Server Component]
    ./src/app/page.tsx [Server Component] @ http://localhost:3000/_next/static/chunks/node_modules_next_dist_f3530cac._.js:3127
[   76791ms] [ERROR] ./src/components/ui/background-boxes.tsx:1:2
Parsing ecmascript source code failed
> 1 | o'use client'
    |  ^^^^^^^^^^^^
  2 |
  3 | import React, { useEffect, useRef } from 'react'
  4 | import { cn } from '@/lib/utils'

Expected ';', '}' or <eof>

Import traces:
  Client Component Browser:
    ./src/components/ui/background-boxes.tsx [Client Component Browser]
    ./src/components/sections/Hero.tsx [Client Component Browser]
    ./src/components/sections/Hero.tsx [Server Component]
    ./src/app/page.tsx [Server Component]

  Client Component SSR:
    ./src/components/ui/background-boxes.tsx [Client Component SSR]
    ./src/components/sections/Hero.tsx [Client Component SSR]
    ./src/components/sections/Hero.tsx [Server Component]
    ./src/app/page.tsx [Server Component] @ http://localhost:3000/_next/static/chunks/node_modules_next_dist_f3530cac._.js:3127
[   76878ms] [ERROR] ./src/components/ui/background-boxes.tsx:1:2
Parsing ecmascript source code failed
> 1 | o'use client'
    |  ^^^^^^^^^^^^
  2 |
  3 | import React, { useEffect, useRef } from 'react'
  4 | import { cn } from '@/lib/utils'

Expected ';', '}' or <eof>

Import traces:
  Client Component Browser:
    ./src/components/ui/background-boxes.tsx [Client Component Browser]
    ./src/components/sections/Hero.tsx [Client Component Browser]
    ./src/components/sections/Hero.tsx [Server Component]
    ./src/app/page.tsx [Server Component]

  Client Component SSR:
    ./src/components/ui/background-boxes.tsx [Client Component SSR]
    ./src/components/sections/Hero.tsx [Client Component SSR]
    ./src/components/sections/Hero.tsx [Server Component]
    ./src/app/page.tsx [Server Component] @ http://localhost:3000/_next/static/chunks/node_modules_next_dist_f3530cac._.js:3127
[   76971ms] [ERROR] ./src/components/ui/background-boxes.tsx:1:2
Parsing ecmascript source code failed
> 1 | o'use client'
    |  ^^^^^^^^^^^^
  2 |
  3 | import React, { useEffect, useRef } from 'react'
  4 | import { cn } from '@/lib/utils'

Expected ';', '}' or <eof>

Import traces:
  Client Component Browser:
    ./src/components/ui/background-boxes.tsx [Client Component Browser]
    ./src/components/sections/Hero.tsx [Client Component Browser]
    ./src/components/sections/Hero.tsx [Server Component]
    ./src/app/page.tsx [Server Component]

  Client Component SSR:
    ./src/components/ui/background-boxes.tsx [Client Component SSR]
    ./src/components/sections/Hero.tsx [Client Component SSR]
    ./src/components/sections/Hero.tsx [Server Component]
    ./src/app/page.tsx [Server Component] @ http://localhost:3000/_next/static/chunks/node_modules_next_dist_f3530cac._.js:3127
[   77046ms] [ERROR] ./src/components/ui/background-boxes.tsx:1:2
Parsing ecmascript source code failed
> 1 | o'use client'
    |  ^^^^^^^^^^^^
  2 |
  3 | import React, { useEffect, useRef } from 'react'
  4 | import { cn } from '@/lib/utils'

Expected ';', '}' or <eof>

Import traces:
  Client Component Browser:
    ./src/components/ui/background-boxes.tsx [Client Component Browser]
    ./src/components/sections/Hero.tsx [Client Component Browser]
    ./src/components/sections/Hero.tsx [Server Component]
    ./src/app/page.tsx [Server Component]

  Client Component SSR:
    ./src/components/ui/background-boxes.tsx [Client Component SSR]
    ./src/components/sections/Hero.tsx [Client Component SSR]
    ./src/components/sections/Hero.tsx [Server Component]
    ./src/app/page.tsx [Server Component] @ http://localhost:3000/_next/static/chunks/node_modules_next_dist_f3530cac._.js:3127
[   77137ms] [ERROR] ./src/components/ui/background-boxes.tsx:1:2
Parsing ecmascript source code failed
> 1 | o'use client'
    |  ^^^^^^^^^^^^
  2 |
  3 | import React, { useEffect, useRef } from 'react'
  4 | import { cn } from '@/lib/utils'

Expected ';', '}' or <eof>

Import traces:
  Client Component Browser:
    ./src/components/ui/background-boxes.tsx [Client Component Browser]
    ./src/components/sections/Hero.tsx [Client Component Browser]
    ./src/components/sections/Hero.tsx [Server Component]
    ./src/app/page.tsx [Server Component]

  Client Component SSR:
    ./src/components/ui/background-boxes.tsx [Client Component SSR]
    ./src/components/sections/Hero.tsx [Client Component SSR]
    ./src/components/sections/Hero.tsx [Server Component]
    ./src/app/page.tsx [Server Component] @ http://localhost:3000/_next/static/chunks/node_modules_next_dist_f3530cac._.js:3127
[   77230ms] [ERROR] ./src/components/ui/background-boxes.tsx:1:2
Parsing ecmascript source code failed
> 1 | o'use client'
    |  ^^^^^^^^^^^^
  2 |
  3 | import React, { useEffect, useRef } from 'react'
  4 | import { cn } from '@/lib/utils'

Expected ';', '}' or <eof>

Import traces:
  Client Component Browser:
    ./src/components/ui/background-boxes.tsx [Client Component Browser]
    ./src/components/sections/Hero.tsx [Client Component Browser]
    ./src/components/sections/Hero.tsx [Server Component]
    ./src/app/page.tsx [Server Component]

  Client Component SSR:
    ./src/components/ui/background-boxes.tsx [Client Component SSR]
    ./src/components/sections/Hero.tsx [Client Component SSR]
    ./src/components/sections/Hero.tsx [Server Component]
    ./src/app/page.tsx [Server Component] @ http://localhost:3000/_next/static/chunks/node_modules_next_dist_f3530cac._.js:3127
[   77318ms] [ERROR] ./src/components/ui/background-boxes.tsx:1:2
Parsing ecmascript source code failed
> 1 | o'use client'
    |  ^^^^^^^^^^^^
  2 |
  3 | import React, { useEffect, useRef } from 'react'
  4 | import { cn } from '@/lib/utils'

Expected ';', '}' or <eof>

Import traces:
  Client Component Browser:
    ./src/components/ui/background-boxes.tsx [Client Component Browser]
    ./src/components/sections/Hero.tsx [Client Component Browser]
    ./src/components/sections/Hero.tsx [Server Component]
    ./src/app/page.tsx [Server Component]

  Client Component SSR:
    ./src/components/ui/background-boxes.tsx [Client Component SSR]
    ./src/components/sections/Hero.tsx [Client Component SSR]
    ./src/components/sections/Hero.tsx [Server Component]
    ./src/app/page.tsx [Server Component] @ http://localhost:3000/_next/static/chunks/node_modules_next_dist_f3530cac._.js:3127
[   77406ms] [ERROR] ./src/components/ui/background-boxes.tsx:1:2
Parsing ecmascript source code failed
> 1 | o'use client'
    |  ^^^^^^^^^^^^
  2 |
  3 | import React, { useEffect, useRef } from 'react'
  4 | import { cn } from '@/lib/utils'

Expected ';', '}' or <eof>

Import traces:
  Client Component Browser:
    ./src/components/ui/background-boxes.tsx [Client Component Browser]
    ./src/components/sections/Hero.tsx [Client Component Browser]
    ./src/components/sections/Hero.tsx [Server Component]
    ./src/app/page.tsx [Server Component]

  Client Component SSR:
    ./src/components/ui/background-boxes.tsx [Client Component SSR]
    ./src/components/sections/Hero.tsx [Client Component SSR]
    ./src/components/sections/Hero.tsx [Server Component]
    ./src/app/page.tsx [Server Component] @ http://localhost:3000/_next/static/chunks/node_modules_next_dist_f3530cac._.js:3127
[   77480ms] [ERROR] ./src/components/ui/background-boxes.tsx:1:2
Parsing ecmascript source code failed
> 1 | o'use client'
    |  ^^^^^^^^^^^^
  2 |
  3 | import React, { useEffect, useRef } from 'react'
  4 | import { cn } from '@/lib/utils'

Expected ';', '}' or <eof>

Import traces:
  Client Component Browser:
    ./src/components/ui/background-boxes.tsx [Client Component Browser]
    ./src/components/sections/Hero.tsx [Client Component Browser]
    ./src/components/sections/Hero.tsx [Server Component]
    ./src/app/page.tsx [Server Component]

  Client Component SSR:
    ./src/components/ui/background-boxes.tsx [Client Component SSR]
    ./src/components/sections/Hero.tsx [Client Component SSR]
    ./src/components/sections/Hero.tsx [Server Component]
    ./src/app/page.tsx [Server Component] @ http://localhost:3000/_next/static/chunks/node_modules_next_dist_f3530cac._.js:3127
[   77568ms] [ERROR] ./src/components/ui/background-boxes.tsx:1:2
Parsing ecmascript source code failed
> 1 | o'use client'
    |  ^^^^^^^^^^^^
  2 |
  3 | import React, { useEffect, useRef } from 'react'
  4 | import { cn } from '@/lib/utils'

Expected ';', '}' or <eof>

Import traces:
  Client Component Browser:
    ./src/components/ui/background-boxes.tsx [Client Component Browser]
    ./src/components/sections/Hero.tsx [Client Component Browser]
    ./src/components/sections/Hero.tsx [Server Component]
    ./src/app/page.tsx [Server Component]

  Client Component SSR:
    ./src/components/ui/background-boxes.tsx [Client Component SSR]
    ./src/components/sections/Hero.tsx [Client Component SSR]
    ./src/components/sections/Hero.tsx [Server Component]
    ./src/app/page.tsx [Server Component] @ http://localhost:3000/_next/static/chunks/node_modules_next_dist_f3530cac._.js:3127
[   77641ms] [ERROR] ./src/components/ui/background-boxes.tsx:1:2
Parsing ecmascript source code failed
> 1 | o'use client'
    |  ^^^^^^^^^^^^
  2 |
  3 | import React, { useEffect, useRef } from 'react'
  4 | import { cn } from '@/lib/utils'

Expected ';', '}' or <eof>

Import traces:
  Client Component Browser:
    ./src/components/ui/background-boxes.tsx [Client Component Browser]
    ./src/components/sections/Hero.tsx [Client Component Browser]
    ./src/components/sections/Hero.tsx [Server Component]
    ./src/app/page.tsx [Server Component]

  Client Component SSR:
    ./src/components/ui/background-boxes.tsx [Client Component SSR]
    ./src/components/sections/Hero.tsx [Client Component SSR]
    ./src/components/sections/Hero.tsx [Server Component]
    ./src/app/page.tsx [Server Component] @ http://localhost:3000/_next/static/chunks/node_modules_next_dist_f3530cac._.js:3127
[   77729ms] [ERROR] ./src/components/ui/background-boxes.tsx:1:2
Parsing ecmascript source code failed
> 1 | o'use client'
    |  ^^^^^^^^^^^^
  2 |
  3 | import React, { useEffect, useRef } from 'react'
  4 | import { cn } from '@/lib/utils'

Expected ';', '}' or <eof>

Import traces:
  Client Component Browser:
    ./src/components/ui/background-boxes.tsx [Client Component Browser]
    ./src/components/sections/Hero.tsx [Client Component Browser]
    ./src/components/sections/Hero.tsx [Server Component]
    ./src/app/page.tsx [Server Component]

  Client Component SSR:
    ./src/components/ui/background-boxes.tsx [Client Component SSR]
    ./src/components/sections/Hero.tsx [Client Component SSR]
    ./src/components/sections/Hero.tsx [Server Component]
    ./src/app/page.tsx [Server Component] @ http://localhost:3000/_next/static/chunks/node_modules_next_dist_f3530cac._.js:3127
[   77803ms] [ERROR] ./src/components/ui/background-boxes.tsx:1:2
Parsing ecmascript source code failed
> 1 | o'use client'
    |  ^^^^^^^^^^^^
  2 |
  3 | import React, { useEffect, useRef } from 'react'
  4 | import { cn } from '@/lib/utils'

Expected ';', '}' or <eof>

Import traces:
  Client Component Browser:
    ./src/components/ui/background-boxes.tsx [Client Component Browser]
    ./src/components/sections/Hero.tsx [Client Component Browser]
    ./src/components/sections/Hero.tsx [Server Component]
    ./src/app/page.tsx [Server Component]

  Client Component SSR:
    ./src/components/ui/background-boxes.tsx [Client Component SSR]
    ./src/components/sections/Hero.tsx [Client Component SSR]
    ./src/components/sections/Hero.tsx [Server Component]
    ./src/app/page.tsx [Server Component] @ http://localhost:3000/_next/static/chunks/node_modules_next_dist_f3530cac._.js:3127
[   77884ms] [ERROR] ./src/components/ui/background-boxes.tsx:1:2
Parsing ecmascript source code failed
> 1 | o'use client'
    |  ^^^^^^^^^^^^
  2 |
  3 | import React, { useEffect, useRef } from 'react'
  4 | import { cn } from '@/lib/utils'

Expected ';', '}' or <eof>

Import traces:
  Client Component Browser:
    ./src/components/ui/background-boxes.tsx [Client Component Browser]
    ./src/components/sections/Hero.tsx [Client Component Browser]
    ./src/components/sections/Hero.tsx [Server Component]
    ./src/app/page.tsx [Server Component]

  Client Component SSR:
    ./src/components/ui/background-boxes.tsx [Client Component SSR]
    ./src/components/sections/Hero.tsx [Client Component SSR]
    ./src/components/sections/Hero.tsx [Server Component]
    ./src/app/page.tsx [Server Component] @ http://localhost:3000/_next/static/chunks/node_modules_next_dist_f3530cac._.js:3127
[   77954ms] [ERROR] ./src/components/ui/background-boxes.tsx:1:2
Parsing ecmascript source code failed
> 1 | o'use client'
    |  ^^^^^^^^^^^^
  2 |
  3 | import React, { useEffect, useRef } from 'react'
  4 | import { cn } from '@/lib/utils'

Expected ';', '}' or <eof>

Import traces:
  Client Component Browser:
    ./src/components/ui/background-boxes.tsx [Client Component Browser]
    ./src/components/sections/Hero.tsx [Client Component Browser]
    ./src/components/sections/Hero.tsx [Server Component]
    ./src/app/page.tsx [Server Component]

  Client Component SSR:
    ./src/components/ui/background-boxes.tsx [Client Component SSR]
    ./src/components/sections/Hero.tsx [Client Component SSR]
    ./src/components/sections/Hero.tsx [Server Component]
    ./src/app/page.tsx [Server Component] @ http://localhost:3000/_next/static/chunks/node_modules_next_dist_f3530cac._.js:3127
[   78048ms] [ERROR] ./src/components/ui/background-boxes.tsx:1:2
Parsing ecmascript source code failed
> 1 | o'use client'
    |  ^^^^^^^^^^^^
  2 |
  3 | import React, { useEffect, useRef } from 'react'
  4 | import { cn } from '@/lib/utils'

Expected ';', '}' or <eof>

Import traces:
  Client Component Browser:
    ./src/components/ui/background-boxes.tsx [Client Component Browser]
    ./src/components/sections/Hero.tsx [Client Component Browser]
    ./src/components/sections/Hero.tsx [Server Component]
    ./src/app/page.tsx [Server Component]

  Client Component SSR:
    ./src/components/ui/background-boxes.tsx [Client Component SSR]
    ./src/components/sections/Hero.tsx [Client Component SSR]
    ./src/components/sections/Hero.tsx [Server Component]
    ./src/app/page.tsx [Server Component] @ http://localhost:3000/_next/static/chunks/node_modules_next_dist_f3530cac._.js:3127
[   78132ms] [ERROR] ./src/components/ui/background-boxes.tsx:1:2
Parsing ecmascript source code failed
> 1 | o'use client'
    |  ^^^^^^^^^^^^
  2 |
  3 | import React, { useEffect, useRef } from 'react'
  4 | import { cn } from '@/lib/utils'

Expected ';', '}' or <eof>

Import traces:
  Client Component Browser:
    ./src/components/ui/background-boxes.tsx [Client Component Browser]
    ./src/components/sections/Hero.tsx [Client Component Browser]
    ./src/components/sections/Hero.tsx [Server Component]
    ./src/app/page.tsx [Server Component]

  Client Component SSR:
    ./src/components/ui/background-boxes.tsx [Client Component SSR]
    ./src/components/sections/Hero.tsx [Client Component SSR]
    ./src/components/sections/Hero.tsx [Server Component]
    ./src/app/page.tsx [Server Component] @ http://localhost:3000/_next/static/chunks/node_modules_next_dist_f3530cac._.js:3127
[   78219ms] [ERROR] ./src/components/ui/background-boxes.tsx:1:2
Parsing ecmascript source code failed
> 1 | o'use client'
    |  ^^^^^^^^^^^^
  2 |
  3 | import React, { useEffect, useRef } from 'react'
  4 | import { cn } from '@/lib/utils'

Expected ';', '}' or <eof>

Import traces:
  Client Component Browser:
    ./src/components/ui/background-boxes.tsx [Client Component Browser]
    ./src/components/sections/Hero.tsx [Client Component Browser]
    ./src/components/sections/Hero.tsx [Server Component]
    ./src/app/page.tsx [Server Component]

  Client Component SSR:
    ./src/components/ui/background-boxes.tsx [Client Component SSR]
    ./src/components/sections/Hero.tsx [Client Component SSR]
    ./src/components/sections/Hero.tsx [Server Component]
    ./src/app/page.tsx [Server Component] @ http://localhost:3000/_next/static/chunks/node_modules_next_dist_f3530cac._.js:3127
[   78315ms] [ERROR] ./src/components/ui/background-boxes.tsx:1:2
Parsing ecmascript source code failed
> 1 | o'use client'
    |  ^^^^^^^^^^^^
  2 |
  3 | import React, { useEffect, useRef } from 'react'
  4 | import { cn } from '@/lib/utils'

Expected ';', '}' or <eof>

Import traces:
  Client Component Browser:
    ./src/components/ui/background-boxes.tsx [Client Component Browser]
    ./src/components/sections/Hero.tsx [Client Component Browser]
    ./src/components/sections/Hero.tsx [Server Component]
    ./src/app/page.tsx [Server Component]

  Client Component SSR:
    ./src/components/ui/background-boxes.tsx [Client Component SSR]
    ./src/components/sections/Hero.tsx [Client Component SSR]
    ./src/components/sections/Hero.tsx [Server Component]
    ./src/app/page.tsx [Server Component] @ http://localhost:3000/_next/static/chunks/node_modules_next_dist_f3530cac._.js:3127
[   78396ms] [ERROR] ./src/components/ui/background-boxes.tsx:1:2
Parsing ecmascript source code failed
> 1 | o'use client'
    |  ^^^^^^^^^^^^
  2 |
  3 | import React, { useEffect, useRef } from 'react'
  4 | import { cn } from '@/lib/utils'

Expected ';', '}' or <eof>

Import traces:
  Client Component Browser:
    ./src/components/ui/background-boxes.tsx [Client Component Browser]
    ./src/components/sections/Hero.tsx [Client Component Browser]
    ./src/components/sections/Hero.tsx [Server Component]
    ./src/app/page.tsx [Server Component]

  Client Component SSR:
    ./src/components/ui/background-boxes.tsx [Client Component SSR]
    ./src/components/sections/Hero.tsx [Client Component SSR]
    ./src/components/sections/Hero.tsx [Server Component]
    ./src/app/page.tsx [Server Component] @ http://localhost:3000/_next/static/chunks/node_modules_next_dist_f3530cac._.js:3127
[   78470ms] [ERROR] ./src/components/ui/background-boxes.tsx:1:2
Parsing ecmascript source code failed
> 1 | o'use client'
    |  ^^^^^^^^^^^^
  2 |
  3 | import React, { useEffect, useRef } from 'react'
  4 | import { cn } from '@/lib/utils'

Expected ';', '}' or <eof>

Import traces:
  Client Component Browser:
    ./src/components/ui/background-boxes.tsx [Client Component Browser]
    ./src/components/sections/Hero.tsx [Client Component Browser]
    ./src/components/sections/Hero.tsx [Server Component]
    ./src/app/page.tsx [Server Component]

  Client Component SSR:
    ./src/components/ui/background-boxes.tsx [Client Component SSR]
    ./src/components/sections/Hero.tsx [Client Component SSR]
    ./src/components/sections/Hero.tsx [Server Component]
    ./src/app/page.tsx [Server Component] @ http://localhost:3000/_next/static/chunks/node_modules_next_dist_f3530cac._.js:3127
[   78557ms] [ERROR] ./src/components/ui/background-boxes.tsx:1:2
Parsing ecmascript source code failed
> 1 | o'use client'
    |  ^^^^^^^^^^^^
  2 |
  3 | import React, { useEffect, useRef } from 'react'
  4 | import { cn } from '@/lib/utils'

Expected ';', '}' or <eof>

Import traces:
  Client Component Browser:
    ./src/components/ui/background-boxes.tsx [Client Component Browser]
    ./src/components/sections/Hero.tsx [Client Component Browser]
    ./src/components/sections/Hero.tsx [Server Component]
    ./src/app/page.tsx [Server Component]

  Client Component SSR:
    ./src/components/ui/background-boxes.tsx [Client Component SSR]
    ./src/components/sections/Hero.tsx [Client Component SSR]
    ./src/components/sections/Hero.tsx [Server Component]
    ./src/app/page.tsx [Server Component] @ http://localhost:3000/_next/static/chunks/node_modules_next_dist_f3530cac._.js:3127
[   78645ms] [ERROR] ./src/components/ui/background-boxes.tsx:1:2
Parsing ecmascript source code failed
> 1 | o'use client'
    |  ^^^^^^^^^^^^
  2 |
  3 | import React, { useEffect, useRef } from 'react'
  4 | import { cn } from '@/lib/utils'

Expected ';', '}' or <eof>

Import traces:
  Client Component Browser:
    ./src/components/ui/background-boxes.tsx [Client Component Browser]
    ./src/components/sections/Hero.tsx [Client Component Browser]
    ./src/components/sections/Hero.tsx [Server Component]
    ./src/app/page.tsx [Server Component]

  Client Component SSR:
    ./src/components/ui/background-boxes.tsx [Client Component SSR]
    ./src/components/sections/Hero.tsx [Client Component SSR]
    ./src/components/sections/Hero.tsx [Server Component]
    ./src/app/page.tsx [Server Component] @ http://localhost:3000/_next/static/chunks/node_modules_next_dist_f3530cac._.js:3127
[   78734ms] [ERROR] ./src/components/ui/background-boxes.tsx:1:2
Parsing ecmascript source code failed
> 1 | o'use client'
    |  ^^^^^^^^^^^^
  2 |
  3 | import React, { useEffect, useRef } from 'react'
  4 | import { cn } from '@/lib/utils'

Expected ';', '}' or <eof>

Import traces:
  Client Component Browser:
    ./src/components/ui/background-boxes.tsx [Client Component Browser]
    ./src/components/sections/Hero.tsx [Client Component Browser]
    ./src/components/sections/Hero.tsx [Server Component]
    ./src/app/page.tsx [Server Component]

  Client Component SSR:
    ./src/components/ui/background-boxes.tsx [Client Component SSR]
    ./src/components/sections/Hero.tsx [Client Component SSR]
    ./src/components/sections/Hero.tsx [Server Component]
    ./src/app/page.tsx [Server Component] @ http://localhost:3000/_next/static/chunks/node_modules_next_dist_f3530cac._.js:3127
[   78829ms] [ERROR] ./src/components/ui/background-boxes.tsx:1:2
Parsing ecmascript source code failed
> 1 | o'use client'
    |  ^^^^^^^^^^^^
  2 |
  3 | import React, { useEffect, useRef } from 'react'
  4 | import { cn } from '@/lib/utils'

Expected ';', '}' or <eof>

Import traces:
  Client Component Browser:
    ./src/components/ui/background-boxes.tsx [Client Component Browser]
    ./src/components/sections/Hero.tsx [Client Component Browser]
    ./src/components/sections/Hero.tsx [Server Component]
    ./src/app/page.tsx [Server Component]

  Client Component SSR:
    ./src/components/ui/background-boxes.tsx [Client Component SSR]
    ./src/components/sections/Hero.tsx [Client Component SSR]
    ./src/components/sections/Hero.tsx [Server Component]
    ./src/app/page.tsx [Server Component] @ http://localhost:3000/_next/static/chunks/node_modules_next_dist_f3530cac._.js:3127
[   78911ms] [ERROR] ./src/components/ui/background-boxes.tsx:1:2
Parsing ecmascript source code failed
> 1 | o'use client'
    |  ^^^^^^^^^^^^
  2 |
  3 | import React, { useEffect, useRef } from 'react'
  4 | import { cn } from '@/lib/utils'

Expected ';', '}' or <eof>

Import traces:
  Client Component Browser:
    ./src/components/ui/background-boxes.tsx [Client Component Browser]
    ./src/components/sections/Hero.tsx [Client Component Browser]
    ./src/components/sections/Hero.tsx [Server Component]
    ./src/app/page.tsx [Server Component]

  Client Component SSR:
    ./src/components/ui/background-boxes.tsx [Client Component SSR]
    ./src/components/sections/Hero.tsx [Client Component SSR]
    ./src/components/sections/Hero.tsx [Server Component]
    ./src/app/page.tsx [Server Component] @ http://localhost:3000/_next/static/chunks/node_modules_next_dist_f3530cac._.js:3127
[   79023ms] [ERROR] ./src/components/ui/background-boxes.tsx:1:2
Parsing ecmascript source code failed
> 1 | o'use client'
    |  ^^^^^^^^^^^^
  2 |
  3 | import React, { useEffect, useRef } from 'react'
  4 | import { cn } from '@/lib/utils'

Expected ';', '}' or <eof>

Import traces:
  Client Component Browser:
    ./src/components/ui/background-boxes.tsx [Client Component Browser]
    ./src/components/sections/Hero.tsx [Client Component Browser]
    ./src/components/sections/Hero.tsx [Server Component]
    ./src/app/page.tsx [Server Component]

  Client Component SSR:
    ./src/components/ui/background-boxes.tsx [Client Component SSR]
    ./src/components/sections/Hero.tsx [Client Component SSR]
    ./src/components/sections/Hero.tsx [Server Component]
    ./src/app/page.tsx [Server Component] @ http://localhost:3000/_next/static/chunks/node_modules_next_dist_f3530cac._.js:3127
[   79103ms] [ERROR] ./src/components/ui/background-boxes.tsx:1:2
Parsing ecmascript source code failed
> 1 | o'use client'
    |  ^^^^^^^^^^^^
  2 |
  3 | import React, { useEffect, useRef } from 'react'
  4 | import { cn } from '@/lib/utils'

Expected ';', '}' or <eof>

Import traces:
  Client Component Browser:
    ./src/components/ui/background-boxes.tsx [Client Component Browser]
    ./src/components/sections/Hero.tsx [Client Component Browser]
    ./src/components/sections/Hero.tsx [Server Component]
    ./src/app/page.tsx [Server Component]

  Client Component SSR:
    ./src/components/ui/background-boxes.tsx [Client Component SSR]
    ./src/components/sections/Hero.tsx [Client Component SSR]
    ./src/components/sections/Hero.tsx [Server Component]
    ./src/app/page.tsx [Server Component] @ http://localhost:3000/_next/static/chunks/node_modules_next_dist_f3530cac._.js:3127
[   79172ms] [ERROR] ./src/components/ui/background-boxes.tsx:1:2
Parsing ecmascript source code failed
> 1 | o'use client'
    |  ^^^^^^^^^^^^
  2 |
  3 | import React, { useEffect, useRef } from 'react'
  4 | import { cn } from '@/lib/utils'

Expected ';', '}' or <eof>

Import traces:
  Client Component Browser:
    ./src/components/ui/background-boxes.tsx [Client Component Browser]
    ./src/components/sections/Hero.tsx [Client Component Browser]
    ./src/components/sections/Hero.tsx [Server Component]
    ./src/app/page.tsx [Server Component]

  Client Component SSR:
    ./src/components/ui/background-boxes.tsx [Client Component SSR]
    ./src/components/sections/Hero.tsx [Client Component SSR]
    ./src/components/sections/Hero.tsx [Server Component]
    ./src/app/page.tsx [Server Component] @ http://localhost:3000/_next/static/chunks/node_modules_next_dist_f3530cac._.js:3127
[   79239ms] [ERROR] ./src/components/ui/background-boxes.tsx:1:2
Parsing ecmascript source code failed
> 1 | o'use client'
    |  ^^^^^^^^^^^^
  2 |
  3 | import React, { useEffect, useRef } from 'react'
  4 | import { cn } from '@/lib/utils'

Expected ';', '}' or <eof>

Import traces:
  Client Component Browser:
    ./src/components/ui/background-boxes.tsx [Client Component Browser]
    ./src/components/sections/Hero.tsx [Client Component Browser]
    ./src/components/sections/Hero.tsx [Server Component]
    ./src/app/page.tsx [Server Component]

  Client Component SSR:
    ./src/components/ui/background-boxes.tsx [Client Component SSR]
    ./src/components/sections/Hero.tsx [Client Component SSR]
    ./src/components/sections/Hero.tsx [Server Component]
    ./src/app/page.tsx [Server Component] @ http://localhost:3000/_next/static/chunks/node_modules_next_dist_f3530cac._.js:3127
[   79331ms] [ERROR] ./src/components/ui/background-boxes.tsx:1:2
Parsing ecmascript source code failed
> 1 | o'use client'
    |  ^^^^^^^^^^^^
  2 |
  3 | import React, { useEffect, useRef } from 'react'
  4 | import { cn } from '@/lib/utils'

Expected ';', '}' or <eof>

Import traces:
  Client Component Browser:
    ./src/components/ui/background-boxes.tsx [Client Component Browser]
    ./src/components/sections/Hero.tsx [Client Component Browser]
    ./src/components/sections/Hero.tsx [Server Component]
    ./src/app/page.tsx [Server Component]

  Client Component SSR:
    ./src/components/ui/background-boxes.tsx [Client Component SSR]
    ./src/components/sections/Hero.tsx [Client Component SSR]
    ./src/components/sections/Hero.tsx [Server Component]
    ./src/app/page.tsx [Server Component] @ http://localhost:3000/_next/static/chunks/node_modules_next_dist_f3530cac._.js:3127
[   79418ms] [ERROR] ./src/components/ui/background-boxes.tsx:1:2
Parsing ecmascript source code failed
> 1 | o'use client'
    |  ^^^^^^^^^^^^
  2 |
  3 | import React, { useEffect, useRef } from 'react'
  4 | import { cn } from '@/lib/utils'

Expected ';', '}' or <eof>

Import traces:
  Client Component Browser:
    ./src/components/ui/background-boxes.tsx [Client Component Browser]
    ./src/components/sections/Hero.tsx [Client Component Browser]
    ./src/components/sections/Hero.tsx [Server Component]
    ./src/app/page.tsx [Server Component]

  Client Component SSR:
    ./src/components/ui/background-boxes.tsx [Client Component SSR]
    ./src/components/sections/Hero.tsx [Client Component SSR]
    ./src/components/sections/Hero.tsx [Server Component]
    ./src/app/page.tsx [Server Component] @ http://localhost:3000/_next/static/chunks/node_modules_next_dist_f3530cac._.js:3127
[   79492ms] [ERROR] ./src/components/ui/background-boxes.tsx:1:2
Parsing ecmascript source code failed
> 1 | o'use client'
    |  ^^^^^^^^^^^^
  2 |
  3 | import React, { useEffect, useRef } from 'react'
  4 | import { cn } from '@/lib/utils'

Expected ';', '}' or <eof>

Import traces:
  Client Component Browser:
    ./src/components/ui/background-boxes.tsx [Client Component Browser]
    ./src/components/sections/Hero.tsx [Client Component Browser]
    ./src/components/sections/Hero.tsx [Server Component]
    ./src/app/page.tsx [Server Component]

  Client Component SSR:
    ./src/components/ui/background-boxes.tsx [Client Component SSR]
    ./src/components/sections/Hero.tsx [Client Component SSR]
    ./src/components/sections/Hero.tsx [Server Component]
    ./src/app/page.tsx [Server Component] @ http://localhost:3000/_next/static/chunks/node_modules_next_dist_f3530cac._.js:3127
[   79574ms] [ERROR] ./src/components/ui/background-boxes.tsx:1:2
Parsing ecmascript source code failed
> 1 | o'use client'
    |  ^^^^^^^^^^^^
  2 |
  3 | import React, { useEffect, useRef } from 'react'
  4 | import { cn } from '@/lib/utils'

Expected ';', '}' or <eof>

Import traces:
  Client Component Browser:
    ./src/components/ui/background-boxes.tsx [Client Component Browser]
    ./src/components/sections/Hero.tsx [Client Component Browser]
    ./src/components/sections/Hero.tsx [Server Component]
    ./src/app/page.tsx [Server Component]

  Client Component SSR:
    ./src/components/ui/background-boxes.tsx [Client Component SSR]
    ./src/components/sections/Hero.tsx [Client Component SSR]
    ./src/components/sections/Hero.tsx [Server Component]
    ./src/app/page.tsx [Server Component] @ http://localhost:3000/_next/static/chunks/node_modules_next_dist_f3530cac._.js:3127
[   79635ms] [ERROR] ./src/components/ui/background-boxes.tsx:1:2
Parsing ecmascript source code failed
> 1 | o'use client'
    |  ^^^^^^^^^^^^
  2 |
  3 | import React, { useEffect, useRef } from 'react'
  4 | import { cn } from '@/lib/utils'

Expected ';', '}' or <eof>

Import traces:
  Client Component Browser:
    ./src/components/ui/background-boxes.tsx [Client Component Browser]
    ./src/components/sections/Hero.tsx [Client Component Browser]
    ./src/components/sections/Hero.tsx [Server Component]
    ./src/app/page.tsx [Server Component]

  Client Component SSR:
    ./src/components/ui/background-boxes.tsx [Client Component SSR]
    ./src/components/sections/Hero.tsx [Client Component SSR]
    ./src/components/sections/Hero.tsx [Server Component]
    ./src/app/page.tsx [Server Component] @ http://localhost:3000/_next/static/chunks/node_modules_next_dist_f3530cac._.js:3127
[   79725ms] [ERROR] ./src/components/ui/background-boxes.tsx:1:2
Parsing ecmascript source code failed
> 1 | o'use client'
    |  ^^^^^^^^^^^^
  2 |
  3 | import React, { useEffect, useRef } from 'react'
  4 | import { cn } from '@/lib/utils'

Expected ';', '}' or <eof>

Import traces:
  Client Component Browser:
    ./src/components/ui/background-boxes.tsx [Client Component Browser]
    ./src/components/sections/Hero.tsx [Client Component Browser]
    ./src/components/sections/Hero.tsx [Server Component]
    ./src/app/page.tsx [Server Component]

  Client Component SSR:
    ./src/components/ui/background-boxes.tsx [Client Component SSR]
    ./src/components/sections/Hero.tsx [Client Component SSR]
    ./src/components/sections/Hero.tsx [Server Component]
    ./src/app/page.tsx [Server Component] @ http://localhost:3000/_next/static/chunks/node_modules_next_dist_f3530cac._.js:3127
[   79809ms] [ERROR] ./src/components/ui/background-boxes.tsx:1:2
Parsing ecmascript source code failed
> 1 | o'use client'
    |  ^^^^^^^^^^^^
  2 |
  3 | import React, { useEffect, useRef } from 'react'
  4 | import { cn } from '@/lib/utils'

Expected ';', '}' or <eof>

Import traces:
  Client Component Browser:
    ./src/components/ui/background-boxes.tsx [Client Component Browser]
    ./src/components/sections/Hero.tsx [Client Component Browser]
    ./src/components/sections/Hero.tsx [Server Component]
    ./src/app/page.tsx [Server Component]

  Client Component SSR:
    ./src/components/ui/background-boxes.tsx [Client Component SSR]
    ./src/components/sections/Hero.tsx [Client Component SSR]
    ./src/components/sections/Hero.tsx [Server Component]
    ./src/app/page.tsx [Server Component] @ http://localhost:3000/_next/static/chunks/node_modules_next_dist_f3530cac._.js:3127
[   79874ms] [ERROR] ./src/components/ui/background-boxes.tsx:1:2
Parsing ecmascript source code failed
> 1 | o'use client'
    |  ^^^^^^^^^^^^
  2 |
  3 | import React, { useEffect, useRef } from 'react'
  4 | import { cn } from '@/lib/utils'

Expected ';', '}' or <eof>

Import traces:
  Client Component Browser:
    ./src/components/ui/background-boxes.tsx [Client Component Browser]
    ./src/components/sections/Hero.tsx [Client Component Browser]
    ./src/components/sections/Hero.tsx [Server Component]
    ./src/app/page.tsx [Server Component]

  Client Component SSR:
    ./src/components/ui/background-boxes.tsx [Client Component SSR]
    ./src/components/sections/Hero.tsx [Client Component SSR]
    ./src/components/sections/Hero.tsx [Server Component]
    ./src/app/page.tsx [Server Component] @ http://localhost:3000/_next/static/chunks/node_modules_next_dist_f3530cac._.js:3127
[   79984ms] [ERROR] ./src/components/ui/background-boxes.tsx:1:2
Parsing ecmascript source code failed
> 1 | o'use client'
    |  ^^^^^^^^^^^^
  2 |
  3 | import React, { useEffect, useRef } from 'react'
  4 | import { cn } from '@/lib/utils'

Expected ';', '}' or <eof>

Import traces:
  Client Component Browser:
    ./src/components/ui/background-boxes.tsx [Client Component Browser]
    ./src/components/sections/Hero.tsx [Client Component Browser]
    ./src/components/sections/Hero.tsx [Server Component]
    ./src/app/page.tsx [Server Component]

  Client Component SSR:
    ./src/components/ui/background-boxes.tsx [Client Component SSR]
    ./src/components/sections/Hero.tsx [Client Component SSR]
    ./src/components/sections/Hero.tsx [Server Component]
    ./src/app/page.tsx [Server Component] @ http://localhost:3000/_next/static/chunks/node_modules_next_dist_f3530cac._.js:3127
[   80041ms] [ERROR] ./src/components/ui/background-boxes.tsx:1:2
Parsing ecmascript source code failed
> 1 | o'use client'
    |  ^^^^^^^^^^^^
  2 |
  3 | import React, { useEffect, useRef } from 'react'
  4 | import { cn } from '@/lib/utils'

Expected ';', '}' or <eof>

Import traces:
  Client Component Browser:
    ./src/components/ui/background-boxes.tsx [Client Component Browser]
    ./src/components/sections/Hero.tsx [Client Component Browser]
    ./src/components/sections/Hero.tsx [Server Component]
    ./src/app/page.tsx [Server Component]

  Client Component SSR:
    ./src/components/ui/background-boxes.tsx [Client Component SSR]
    ./src/components/sections/Hero.tsx [Client Component SSR]
    ./src/components/sections/Hero.tsx [Server Component]
    ./src/app/page.tsx [Server Component] @ http://localhost:3000/_next/static/chunks/node_modules_next_dist_f3530cac._.js:3127
[   80130ms] [ERROR] ./src/components/ui/background-boxes.tsx:1:2
Parsing ecmascript source code failed
> 1 | o'use client'
    |  ^^^^^^^^^^^^
  2 |
  3 | import React, { useEffect, useRef } from 'react'
  4 | import { cn } from '@/lib/utils'

Expected ';', '}' or <eof>

Import traces:
  Client Component Browser:
    ./src/components/ui/background-boxes.tsx [Client Component Browser]
    ./src/components/sections/Hero.tsx [Client Component Browser]
    ./src/components/sections/Hero.tsx [Server Component]
    ./src/app/page.tsx [Server Component]

  Client Component SSR:
    ./src/components/ui/background-boxes.tsx [Client Component SSR]
    ./src/components/sections/Hero.tsx [Client Component SSR]
    ./src/components/sections/Hero.tsx [Server Component]
    ./src/app/page.tsx [Server Component] @ http://localhost:3000/_next/static/chunks/node_modules_next_dist_f3530cac._.js:3127
[   80219ms] [ERROR] ./src/components/ui/background-boxes.tsx:1:2
Parsing ecmascript source code failed
> 1 | o'use client'
    |  ^^^^^^^^^^^^
  2 |
  3 | import React, { useEffect, useRef } from 'react'
  4 | import { cn } from '@/lib/utils'

Expected ';', '}' or <eof>

Import traces:
  Client Component Browser:
    ./src/components/ui/background-boxes.tsx [Client Component Browser]
    ./src/components/sections/Hero.tsx [Client Component Browser]
    ./src/components/sections/Hero.tsx [Server Component]
    ./src/app/page.tsx [Server Component]

  Client Component SSR:
    ./src/components/ui/background-boxes.tsx [Client Component SSR]
    ./src/components/sections/Hero.tsx [Client Component SSR]
    ./src/components/sections/Hero.tsx [Server Component]
    ./src/app/page.tsx [Server Component] @ http://localhost:3000/_next/static/chunks/node_modules_next_dist_f3530cac._.js:3127
[   80271ms] [ERROR] ./src/components/ui/background-boxes.tsx:1:2
Parsing ecmascript source code failed
> 1 | o'use client'
    |  ^^^^^^^^^^^^
  2 |
  3 | import React, { useEffect, useRef } from 'react'
  4 | import { cn } from '@/lib/utils'

Expected ';', '}' or <eof>

Import traces:
  Client Component Browser:
    ./src/components/ui/background-boxes.tsx [Client Component Browser]
    ./src/components/sections/Hero.tsx [Client Component Browser]
    ./src/components/sections/Hero.tsx [Server Component]
    ./src/app/page.tsx [Server Component]

  Client Component SSR:
    ./src/components/ui/background-boxes.tsx [Client Component SSR]
    ./src/components/sections/Hero.tsx [Client Component SSR]
    ./src/components/sections/Hero.tsx [Server Component]
    ./src/app/page.tsx [Server Component] @ http://localhost:3000/_next/static/chunks/node_modules_next_dist_f3530cac._.js:3127
[   80361ms] [ERROR] ./src/components/ui/background-boxes.tsx:1:2
Parsing ecmascript source code failed
> 1 | o'use client'
    |  ^^^^^^^^^^^^
  2 |
  3 | import React, { useEffect, useRef } from 'react'
  4 | import { cn } from '@/lib/utils'

Expected ';', '}' or <eof>

Import traces:
  Client Component Browser:
    ./src/components/ui/background-boxes.tsx [Client Component Browser]
    ./src/components/sections/Hero.tsx [Client Component Browser]
    ./src/components/sections/Hero.tsx [Server Component]
    ./src/app/page.tsx [Server Component]

  Client Component SSR:
    ./src/components/ui/background-boxes.tsx [Client Component SSR]
    ./src/components/sections/Hero.tsx [Client Component SSR]
    ./src/components/sections/Hero.tsx [Server Component]
    ./src/app/page.tsx [Server Component] @ http://localhost:3000/_next/static/chunks/node_modules_next_dist_f3530cac._.js:3127
[   80452ms] [ERROR] ./src/components/ui/background-boxes.tsx:1:2
Parsing ecmascript source code failed
> 1 | o'use client'
    |  ^^^^^^^^^^^^
  2 |
  3 | import React, { useEffect, useRef } from 'react'
  4 | import { cn } from '@/lib/utils'

Expected ';', '}' or <eof>

Import traces:
  Client Component Browser:
    ./src/components/ui/background-boxes.tsx [Client Component Browser]
    ./src/components/sections/Hero.tsx [Client Component Browser]
    ./src/components/sections/Hero.tsx [Server Component]
    ./src/app/page.tsx [Server Component]

  Client Component SSR:
    ./src/components/ui/background-boxes.tsx [Client Component SSR]
    ./src/components/sections/Hero.tsx [Client Component SSR]
    ./src/components/sections/Hero.tsx [Server Component]
    ./src/app/page.tsx [Server Component] @ http://localhost:3000/_next/static/chunks/node_modules_next_dist_f3530cac._.js:3127
[   80529ms] [ERROR] ./src/components/ui/background-boxes.tsx:1:2
Parsing ecmascript source code failed
> 1 | o'use client'
    |  ^^^^^^^^^^^^
  2 |
  3 | import React, { useEffect, useRef } from 'react'
  4 | import { cn } from '@/lib/utils'

Expected ';', '}' or <eof>

Import traces:
  Client Component Browser:
    ./src/components/ui/background-boxes.tsx [Client Component Browser]
    ./src/components/sections/Hero.tsx [Client Component Browser]
    ./src/components/sections/Hero.tsx [Server Component]
    ./src/app/page.tsx [Server Component]

  Client Component SSR:
    ./src/components/ui/background-boxes.tsx [Client Component SSR]
    ./src/components/sections/Hero.tsx [Client Component SSR]
    ./src/components/sections/Hero.tsx [Server Component]
    ./src/app/page.tsx [Server Component] @ http://localhost:3000/_next/static/chunks/node_modules_next_dist_f3530cac._.js:3127
[   80621ms] [ERROR] ./src/components/ui/background-boxes.tsx:1:2
Parsing ecmascript source code failed
> 1 | o'use client'
    |  ^^^^^^^^^^^^
  2 |
  3 | import React, { useEffect, useRef } from 'react'
  4 | import { cn } from '@/lib/utils'

Expected ';', '}' or <eof>

Import traces:
  Client Component Browser:
    ./src/components/ui/background-boxes.tsx [Client Component Browser]
    ./src/components/sections/Hero.tsx [Client Component Browser]
    ./src/components/sections/Hero.tsx [Server Component]
    ./src/app/page.tsx [Server Component]

  Client Component SSR:
    ./src/components/ui/background-boxes.tsx [Client Component SSR]
    ./src/components/sections/Hero.tsx [Client Component SSR]
    ./src/components/sections/Hero.tsx [Server Component]
    ./src/app/page.tsx [Server Component] @ http://localhost:3000/_next/static/chunks/node_modules_next_dist_f3530cac._.js:3127
[   80695ms] [ERROR] ./src/components/ui/background-boxes.tsx:1:2
Parsing ecmascript source code failed
> 1 | o'use client'
    |  ^^^^^^^^^^^^
  2 |
  3 | import React, { useEffect, useRef } from 'react'
  4 | import { cn } from '@/lib/utils'

Expected ';', '}' or <eof>

Import traces:
  Client Component Browser:
    ./src/components/ui/background-boxes.tsx [Client Component Browser]
    ./src/components/sections/Hero.tsx [Client Component Browser]
    ./src/components/sections/Hero.tsx [Server Component]
    ./src/app/page.tsx [Server Component]

  Client Component SSR:
    ./src/components/ui/background-boxes.tsx [Client Component SSR]
    ./src/components/sections/Hero.tsx [Client Component SSR]
    ./src/components/sections/Hero.tsx [Server Component]
    ./src/app/page.tsx [Server Component] @ http://localhost:3000/_next/static/chunks/node_modules_next_dist_f3530cac._.js:3127
[   80779ms] [ERROR] ./src/components/ui/background-boxes.tsx:1:2
Parsing ecmascript source code failed
> 1 | o'use client'
    |  ^^^^^^^^^^^^
  2 |
  3 | import React, { useEffect, useRef } from 'react'
  4 | import { cn } from '@/lib/utils'

Expected ';', '}' or <eof>

Import traces:
  Client Component Browser:
    ./src/components/ui/background-boxes.tsx [Client Component Browser]
    ./src/components/sections/Hero.tsx [Client Component Browser]
    ./src/components/sections/Hero.tsx [Server Component]
    ./src/app/page.tsx [Server Component]

  Client Component SSR:
    ./src/components/ui/background-boxes.tsx [Client Component SSR]
    ./src/components/sections/Hero.tsx [Client Component SSR]
    ./src/components/sections/Hero.tsx [Server Component]
    ./src/app/page.tsx [Server Component] @ http://localhost:3000/_next/static/chunks/node_modules_next_dist_f3530cac._.js:3127
[   80860ms] [ERROR] ./src/components/ui/background-boxes.tsx:1:2
Parsing ecmascript source code failed
> 1 | o'use client'
    |  ^^^^^^^^^^^^
  2 |
  3 | import React, { useEffect, useRef } from 'react'
  4 | import { cn } from '@/lib/utils'

Expected ';', '}' or <eof>

Import traces:
  Client Component Browser:
    ./src/components/ui/background-boxes.tsx [Client Component Browser]
    ./src/components/sections/Hero.tsx [Client Component Browser]
    ./src/components/sections/Hero.tsx [Server Component]
    ./src/app/page.tsx [Server Component]

  Client Component SSR:
    ./src/components/ui/background-boxes.tsx [Client Component SSR]
    ./src/components/sections/Hero.tsx [Client Component SSR]
    ./src/components/sections/Hero.tsx [Server Component]
    ./src/app/page.tsx [Server Component] @ http://localhost:3000/_next/static/chunks/node_modules_next_dist_f3530cac._.js:3127
[   80955ms] [ERROR] ./src/components/ui/background-boxes.tsx:1:2
Parsing ecmascript source code failed
> 1 | o'use client'
    |  ^^^^^^^^^^^^
  2 |
  3 | import React, { useEffect, useRef } from 'react'
  4 | import { cn } from '@/lib/utils'

Expected ';', '}' or <eof>

Import traces:
  Client Component Browser:
    ./src/components/ui/background-boxes.tsx [Client Component Browser]
    ./src/components/sections/Hero.tsx [Client Component Browser]
    ./src/components/sections/Hero.tsx [Server Component]
    ./src/app/page.tsx [Server Component]

  Client Component SSR:
    ./src/components/ui/background-boxes.tsx [Client Component SSR]
    ./src/components/sections/Hero.tsx [Client Component SSR]
    ./src/components/sections/Hero.tsx [Server Component]
    ./src/app/page.tsx [Server Component] @ http://localhost:3000/_next/static/chunks/node_modules_next_dist_f3530cac._.js:3127
[   81052ms] [ERROR] ./src/components/ui/background-boxes.tsx:1:2
Parsing ecmascript source code failed
> 1 | o'use client'
    |  ^^^^^^^^^^^^
  2 |
  3 | import React, { useEffect, useRef } from 'react'
  4 | import { cn } from '@/lib/utils'

Expected ';', '}' or <eof>

Import traces:
  Client Component Browser:
    ./src/components/ui/background-boxes.tsx [Client Component Browser]
    ./src/components/sections/Hero.tsx [Client Component Browser]
    ./src/components/sections/Hero.tsx [Server Component]
    ./src/app/page.tsx [Server Component]

  Client Component SSR:
    ./src/components/ui/background-boxes.tsx [Client Component SSR]
    ./src/components/sections/Hero.tsx [Client Component SSR]
    ./src/components/sections/Hero.tsx [Server Component]
    ./src/app/page.tsx [Server Component] @ http://localhost:3000/_next/static/chunks/node_modules_next_dist_f3530cac._.js:3127
[   81143ms] [ERROR] ./src/components/ui/background-boxes.tsx:1:2
Parsing ecmascript source code failed
> 1 | o'use client'
    |  ^^^^^^^^^^^^
  2 |
  3 | import React, { useEffect, useRef } from 'react'
  4 | import { cn } from '@/lib/utils'

Expected ';', '}' or <eof>

Import traces:
  Client Component Browser:
    ./src/components/ui/background-boxes.tsx [Client Component Browser]
    ./src/components/sections/Hero.tsx [Client Component Browser]
    ./src/components/sections/Hero.tsx [Server Component]
    ./src/app/page.tsx [Server Component]

  Client Component SSR:
    ./src/components/ui/background-boxes.tsx [Client Component SSR]
    ./src/components/sections/Hero.tsx [Client Component SSR]
    ./src/components/sections/Hero.tsx [Server Component]
    ./src/app/page.tsx [Server Component] @ http://localhost:3000/_next/static/chunks/node_modules_next_dist_f3530cac._.js:3127
[   81243ms] [ERROR] ./src/components/ui/background-boxes.tsx:1:2
Parsing ecmascript source code failed
> 1 | o'use client'
    |  ^^^^^^^^^^^^
  2 |
  3 | import React, { useEffect, useRef } from 'react'
  4 | import { cn } from '@/lib/utils'

Expected ';', '}' or <eof>

Import traces:
  Client Component Browser:
    ./src/components/ui/background-boxes.tsx [Client Component Browser]
    ./src/components/sections/Hero.tsx [Client Component Browser]
    ./src/components/sections/Hero.tsx [Server Component]
    ./src/app/page.tsx [Server Component]

  Client Component SSR:
    ./src/components/ui/background-boxes.tsx [Client Component SSR]
    ./src/components/sections/Hero.tsx [Client Component SSR]
    ./src/components/sections/Hero.tsx [Server Component]
    ./src/app/page.tsx [Server Component] @ http://localhost:3000/_next/static/chunks/node_modules_next_dist_f3530cac._.js:3127
[   81336ms] [ERROR] ./src/components/ui/background-boxes.tsx:1:2
Parsing ecmascript source code failed
> 1 | o'use client'
    |  ^^^^^^^^^^^^
  2 |
  3 | import React, { useEffect, useRef } from 'react'
  4 | import { cn } from '@/lib/utils'

Expected ';', '}' or <eof>

Import traces:
  Client Component Browser:
    ./src/components/ui/background-boxes.tsx [Client Component Browser]
    ./src/components/sections/Hero.tsx [Client Component Browser]
    ./src/components/sections/Hero.tsx [Server Component]
    ./src/app/page.tsx [Server Component]

  Client Component SSR:
    ./src/components/ui/background-boxes.tsx [Client Component SSR]
    ./src/components/sections/Hero.tsx [Client Component SSR]
    ./src/components/sections/Hero.tsx [Server Component]
    ./src/app/page.tsx [Server Component] @ http://localhost:3000/_next/static/chunks/node_modules_next_dist_f3530cac._.js:3127
[   81431ms] [ERROR] ./src/components/ui/background-boxes.tsx:1:2
Parsing ecmascript source code failed
> 1 | o'use client'
    |  ^^^^^^^^^^^^
  2 |
  3 | import React, { useEffect, useRef } from 'react'
  4 | import { cn } from '@/lib/utils'

Expected ';', '}' or <eof>

Import traces:
  Client Component Browser:
    ./src/components/ui/background-boxes.tsx [Client Component Browser]
    ./src/components/sections/Hero.tsx [Client Component Browser]
    ./src/components/sections/Hero.tsx [Server Component]
    ./src/app/page.tsx [Server Component]

  Client Component SSR:
    ./src/components/ui/background-boxes.tsx [Client Component SSR]
    ./src/components/sections/Hero.tsx [Client Component SSR]
    ./src/components/sections/Hero.tsx [Server Component]
    ./src/app/page.tsx [Server Component] @ http://localhost:3000/_next/static/chunks/node_modules_next_dist_f3530cac._.js:3127
[   81488ms] [ERROR] ./src/components/ui/background-boxes.tsx:1:2
Parsing ecmascript source code failed
> 1 | o'use client'
    |  ^^^^^^^^^^^^
  2 |
  3 | import React, { useEffect, useRef } from 'react'
  4 | import { cn } from '@/lib/utils'

Expected ';', '}' or <eof>

Import traces:
  Client Component Browser:
    ./src/components/ui/background-boxes.tsx [Client Component Browser]
    ./src/components/sections/Hero.tsx [Client Component Browser]
    ./src/components/sections/Hero.tsx [Server Component]
    ./src/app/page.tsx [Server Component]

  Client Component SSR:
    ./src/components/ui/background-boxes.tsx [Client Component SSR]
    ./src/components/sections/Hero.tsx [Client Component SSR]
    ./src/components/sections/Hero.tsx [Server Component]
    ./src/app/page.tsx [Server Component] @ http://localhost:3000/_next/static/chunks/node_modules_next_dist_f3530cac._.js:3127
[   81573ms] [ERROR] ./src/components/ui/background-boxes.tsx:1:2
Parsing ecmascript source code failed
> 1 | o'use client'
    |  ^^^^^^^^^^^^
  2 |
  3 | import React, { useEffect, useRef } from 'react'
  4 | import { cn } from '@/lib/utils'

Expected ';', '}' or <eof>

Import traces:
  Client Component Browser:
    ./src/components/ui/background-boxes.tsx [Client Component Browser]
    ./src/components/sections/Hero.tsx [Client Component Browser]
    ./src/components/sections/Hero.tsx [Server Component]
    ./src/app/page.tsx [Server Component]

  Client Component SSR:
    ./src/components/ui/background-boxes.tsx [Client Component SSR]
    ./src/components/sections/Hero.tsx [Client Component SSR]
    ./src/components/sections/Hero.tsx [Server Component]
    ./src/app/page.tsx [Server Component] @ http://localhost:3000/_next/static/chunks/node_modules_next_dist_f3530cac._.js:3127
[   81640ms] [ERROR] ./src/components/ui/background-boxes.tsx:1:2
Parsing ecmascript source code failed
> 1 | o'use client'
    |  ^^^^^^^^^^^^
  2 |
  3 | import React, { useEffect, useRef } from 'react'
  4 | import { cn } from '@/lib/utils'

Expected ';', '}' or <eof>

Import traces:
  Client Component Browser:
    ./src/components/ui/background-boxes.tsx [Client Component Browser]
    ./src/components/sections/Hero.tsx [Client Component Browser]
    ./src/components/sections/Hero.tsx [Server Component]
    ./src/app/page.tsx [Server Component]

  Client Component SSR:
    ./src/components/ui/background-boxes.tsx [Client Component SSR]
    ./src/components/sections/Hero.tsx [Client Component SSR]
    ./src/components/sections/Hero.tsx [Server Component]
    ./src/app/page.tsx [Server Component] @ http://localhost:3000/_next/static/chunks/node_modules_next_dist_f3530cac._.js:3127
[   81702ms] [ERROR] ./src/components/ui/background-boxes.tsx:1:2
Parsing ecmascript source code failed
> 1 | o'use client'
    |  ^^^^^^^^^^^^
  2 |
  3 | import React, { useEffect, useRef } from 'react'
  4 | import { cn } from '@/lib/utils'

Expected ';', '}' or <eof>

Import traces:
  Client Component Browser:
    ./src/components/ui/background-boxes.tsx [Client Component Browser]
    ./src/components/sections/Hero.tsx [Client Component Browser]
    ./src/components/sections/Hero.tsx [Server Component]
    ./src/app/page.tsx [Server Component]

  Client Component SSR:
    ./src/components/ui/background-boxes.tsx [Client Component SSR]
    ./src/components/sections/Hero.tsx [Client Component SSR]
    ./src/components/sections/Hero.tsx [Server Component]
    ./src/app/page.tsx [Server Component] @ http://localhost:3000/_next/static/chunks/node_modules_next_dist_f3530cac._.js:3127
[   81754ms] [ERROR] ./src/components/ui/background-boxes.tsx:1:2
Parsing ecmascript source code failed
> 1 | o'use client'
    |  ^^^^^^^^^^^^
  2 |
  3 | import React, { useEffect, useRef } from 'react'
  4 | import { cn } from '@/lib/utils'

Expected ';', '}' or <eof>

Import traces:
  Client Component Browser:
    ./src/components/ui/background-boxes.tsx [Client Component Browser]
    ./src/components/sections/Hero.tsx [Client Component Browser]
    ./src/components/sections/Hero.tsx [Server Component]
    ./src/app/page.tsx [Server Component]

  Client Component SSR:
    ./src/components/ui/background-boxes.tsx [Client Component SSR]
    ./src/components/sections/Hero.tsx [Client Component SSR]
    ./src/components/sections/Hero.tsx [Server Component]
    ./src/app/page.tsx [Server Component] @ http://localhost:3000/_next/static/chunks/node_modules_next_dist_f3530cac._.js:3127
[   81827ms] [ERROR] ./src/components/ui/background-boxes.tsx:1:2
Parsing ecmascript source code failed
> 1 | o'use client'
    |  ^^^^^^^^^^^^
  2 |
  3 | import React, { useEffect, useRef } from 'react'
  4 | import { cn } from '@/lib/utils'

Expected ';', '}' or <eof>

Import traces:
  Client Component Browser:
    ./src/components/ui/background-boxes.tsx [Client Component Browser]
    ./src/components/sections/Hero.tsx [Client Component Browser]
    ./src/components/sections/Hero.tsx [Server Component]
    ./src/app/page.tsx [Server Component]

  Client Component SSR:
    ./src/components/ui/background-boxes.tsx [Client Component SSR]
    ./src/components/sections/Hero.tsx [Client Component SSR]
    ./src/components/sections/Hero.tsx [Server Component]
    ./src/app/page.tsx [Server Component] @ http://localhost:3000/_next/static/chunks/node_modules_next_dist_f3530cac._.js:3127
[   81909ms] [ERROR] ./src/components/ui/background-boxes.tsx:1:2
Parsing ecmascript source code failed
> 1 | o'use client'
    |  ^^^^^^^^^^^^
  2 |
  3 | import React, { useEffect, useRef } from 'react'
  4 | import { cn } from '@/lib/utils'

Expected ';', '}' or <eof>

Import traces:
  Client Component Browser:
    ./src/components/ui/background-boxes.tsx [Client Component Browser]
    ./src/components/sections/Hero.tsx [Client Component Browser]
    ./src/components/sections/Hero.tsx [Server Component]
    ./src/app/page.tsx [Server Component]

  Client Component SSR:
    ./src/components/ui/background-boxes.tsx [Client Component SSR]
    ./src/components/sections/Hero.tsx [Client Component SSR]
    ./src/components/sections/Hero.tsx [Server Component]
    ./src/app/page.tsx [Server Component] @ http://localhost:3000/_next/static/chunks/node_modules_next_dist_f3530cac._.js:3127
[   81987ms] [ERROR] ./src/components/ui/background-boxes.tsx:1:2
Parsing ecmascript source code failed
> 1 | o'use client'
    |  ^^^^^^^^^^^^
  2 |
  3 | import React, { useEffect, useRef } from 'react'
  4 | import { cn } from '@/lib/utils'

Expected ';', '}' or <eof>

Import traces:
  Client Component Browser:
    ./src/components/ui/background-boxes.tsx [Client Component Browser]
    ./src/components/sections/Hero.tsx [Client Component Browser]
    ./src/components/sections/Hero.tsx [Server Component]
    ./src/app/page.tsx [Server Component]

  Client Component SSR:
    ./src/components/ui/background-boxes.tsx [Client Component SSR]
    ./src/components/sections/Hero.tsx [Client Component SSR]
    ./src/components/sections/Hero.tsx [Server Component]
    ./src/app/page.tsx [Server Component] @ http://localhost:3000/_next/static/chunks/node_modules_next_dist_f3530cac._.js:3127
[   82077ms] [ERROR] ./src/components/ui/background-boxes.tsx:1:2
Parsing ecmascript source code failed
> 1 | o'use client'
    |  ^^^^^^^^^^^^
  2 |
  3 | import React, { useEffect, useRef } from 'react'
  4 | import { cn } from '@/lib/utils'

Expected ';', '}' or <eof>

Import traces:
  Client Component Browser:
    ./src/components/ui/background-boxes.tsx [Client Component Browser]
    ./src/components/sections/Hero.tsx [Client Component Browser]
    ./src/components/sections/Hero.tsx [Server Component]
    ./src/app/page.tsx [Server Component]

  Client Component SSR:
    ./src/components/ui/background-boxes.tsx [Client Component SSR]
    ./src/components/sections/Hero.tsx [Client Component SSR]
    ./src/components/sections/Hero.tsx [Server Component]
    ./src/app/page.tsx [Server Component] @ http://localhost:3000/_next/static/chunks/node_modules_next_dist_f3530cac._.js:3127
[   82155ms] [ERROR] ./src/components/ui/background-boxes.tsx:1:2
Parsing ecmascript source code failed
> 1 | o'use client'
    |  ^^^^^^^^^^^^
  2 |
  3 | import React, { useEffect, useRef } from 'react'
  4 | import { cn } from '@/lib/utils'

Expected ';', '}' or <eof>

Import traces:
  Client Component Browser:
    ./src/components/ui/background-boxes.tsx [Client Component Browser]
    ./src/components/sections/Hero.tsx [Client Component Browser]
    ./src/components/sections/Hero.tsx [Server Component]
    ./src/app/page.tsx [Server Component]

  Client Component SSR:
    ./src/components/ui/background-boxes.tsx [Client Component SSR]
    ./src/components/sections/Hero.tsx [Client Component SSR]
    ./src/components/sections/Hero.tsx [Server Component]
    ./src/app/page.tsx [Server Component] @ http://localhost:3000/_next/static/chunks/node_modules_next_dist_f3530cac._.js:3127
[   82241ms] [ERROR] ./src/components/ui/background-boxes.tsx:1:2
Parsing ecmascript source code failed
> 1 | o'use client'
    |  ^^^^^^^^^^^^
  2 |
  3 | import React, { useEffect, useRef } from 'react'
  4 | import { cn } from '@/lib/utils'

Expected ';', '}' or <eof>

Import traces:
  Client Component Browser:
    ./src/components/ui/background-boxes.tsx [Client Component Browser]
    ./src/components/sections/Hero.tsx [Client Component Browser]
    ./src/components/sections/Hero.tsx [Server Component]
    ./src/app/page.tsx [Server Component]

  Client Component SSR:
    ./src/components/ui/background-boxes.tsx [Client Component SSR]
    ./src/components/sections/Hero.tsx [Client Component SSR]
    ./src/components/sections/Hero.tsx [Server Component]
    ./src/app/page.tsx [Server Component] @ http://localhost:3000/_next/static/chunks/node_modules_next_dist_f3530cac._.js:3127
[   82318ms] [ERROR] ./src/components/ui/background-boxes.tsx:1:2
Parsing ecmascript source code failed
> 1 | o'use client'
    |  ^^^^^^^^^^^^
  2 |
  3 | import React, { useEffect, useRef } from 'react'
  4 | import { cn } from '@/lib/utils'

Expected ';', '}' or <eof>

Import traces:
  Client Component Browser:
    ./src/components/ui/background-boxes.tsx [Client Component Browser]
    ./src/components/sections/Hero.tsx [Client Component Browser]
    ./src/components/sections/Hero.tsx [Server Component]
    ./src/app/page.tsx [Server Component]

  Client Component SSR:
    ./src/components/ui/background-boxes.tsx [Client Component SSR]
    ./src/components/sections/Hero.tsx [Client Component SSR]
    ./src/components/sections/Hero.tsx [Server Component]
    ./src/app/page.tsx [Server Component] @ http://localhost:3000/_next/static/chunks/node_modules_next_dist_f3530cac._.js:3127
[   82371ms] [ERROR] ./src/components/ui/background-boxes.tsx:1:2
Parsing ecmascript source code failed
> 1 | o'use client'
    |  ^^^^^^^^^^^^
  2 |
  3 | import React, { useEffect, useRef } from 'react'
  4 | import { cn } from '@/lib/utils'

Expected ';', '}' or <eof>

Import traces:
  Client Component Browser:
    ./src/components/ui/background-boxes.tsx [Client Component Browser]
    ./src/components/sections/Hero.tsx [Client Component Browser]
    ./src/components/sections/Hero.tsx [Server Component]
    ./src/app/page.tsx [Server Component]

  Client Component SSR:
    ./src/components/ui/background-boxes.tsx [Client Component SSR]
    ./src/components/sections/Hero.tsx [Client Component SSR]
    ./src/components/sections/Hero.tsx [Server Component]
    ./src/app/page.tsx [Server Component] @ http://localhost:3000/_next/static/chunks/node_modules_next_dist_f3530cac._.js:3127
[   82437ms] [ERROR] ./src/components/ui/background-boxes.tsx:1:2
Parsing ecmascript source code failed
> 1 | o'use client'
    |  ^^^^^^^^^^^^
  2 |
  3 | import React, { useEffect, useRef } from 'react'
  4 | import { cn } from '@/lib/utils'

Expected ';', '}' or <eof>

Import traces:
  Client Component Browser:
    ./src/components/ui/background-boxes.tsx [Client Component Browser]
    ./src/components/sections/Hero.tsx [Client Component Browser]
    ./src/components/sections/Hero.tsx [Server Component]
    ./src/app/page.tsx [Server Component]

  Client Component SSR:
    ./src/components/ui/background-boxes.tsx [Client Component SSR]
    ./src/components/sections/Hero.tsx [Client Component SSR]
    ./src/components/sections/Hero.tsx [Server Component]
    ./src/app/page.tsx [Server Component] @ http://localhost:3000/_next/static/chunks/node_modules_next_dist_f3530cac._.js:3127
[   82506ms] [ERROR] ./src/components/ui/background-boxes.tsx:1:2
Parsing ecmascript source code failed
> 1 | o'use client'
    |  ^^^^^^^^^^^^
  2 |
  3 | import React, { useEffect, useRef } from 'react'
  4 | import { cn } from '@/lib/utils'

Expected ';', '}' or <eof>

Import traces:
  Client Component Browser:
    ./src/components/ui/background-boxes.tsx [Client Component Browser]
    ./src/components/sections/Hero.tsx [Client Component Browser]
    ./src/components/sections/Hero.tsx [Server Component]
    ./src/app/page.tsx [Server Component]

  Client Component SSR:
    ./src/components/ui/background-boxes.tsx [Client Component SSR]
    ./src/components/sections/Hero.tsx [Client Component SSR]
    ./src/components/sections/Hero.tsx [Server Component]
    ./src/app/page.tsx [Server Component] @ http://localhost:3000/_next/static/chunks/node_modules_next_dist_f3530cac._.js:3127
[   82586ms] [ERROR] ./src/components/ui/background-boxes.tsx:1:2
Parsing ecmascript source code failed
> 1 | o'use client'
    |  ^^^^^^^^^^^^
  2 |
  3 | import React, { useEffect, useRef } from 'react'
  4 | import { cn } from '@/lib/utils'

Expected ';', '}' or <eof>

Import traces:
  Client Component Browser:
    ./src/components/ui/background-boxes.tsx [Client Component Browser]
    ./src/components/sections/Hero.tsx [Client Component Browser]
    ./src/components/sections/Hero.tsx [Server Component]
    ./src/app/page.tsx [Server Component]

  Client Component SSR:
    ./src/components/ui/background-boxes.tsx [Client Component SSR]
    ./src/components/sections/Hero.tsx [Client Component SSR]
    ./src/components/sections/Hero.tsx [Server Component]
    ./src/app/page.tsx [Server Component] @ http://localhost:3000/_next/static/chunks/node_modules_next_dist_f3530cac._.js:3127
[   82661ms] [ERROR] ./src/components/ui/background-boxes.tsx:1:2
Parsing ecmascript source code failed
> 1 | o'use client'
    |  ^^^^^^^^^^^^
  2 |
  3 | import React, { useEffect, useRef } from 'react'
  4 | import { cn } from '@/lib/utils'

Expected ';', '}' or <eof>

Import traces:
  Client Component Browser:
    ./src/components/ui/background-boxes.tsx [Client Component Browser]
    ./src/components/sections/Hero.tsx [Client Component Browser]
    ./src/components/sections/Hero.tsx [Server Component]
    ./src/app/page.tsx [Server Component]

  Client Component SSR:
    ./src/components/ui/background-boxes.tsx [Client Component SSR]
    ./src/components/sections/Hero.tsx [Client Component SSR]
    ./src/components/sections/Hero.tsx [Server Component]
    ./src/app/page.tsx [Server Component] @ http://localhost:3000/_next/static/chunks/node_modules_next_dist_f3530cac._.js:3127
[   82744ms] [ERROR] ./src/components/ui/background-boxes.tsx:1:2
Parsing ecmascript source code failed
> 1 | o'use client'
    |  ^^^^^^^^^^^^
  2 |
  3 | import React, { useEffect, useRef } from 'react'
  4 | import { cn } from '@/lib/utils'

Expected ';', '}' or <eof>

Import traces:
  Client Component Browser:
    ./src/components/ui/background-boxes.tsx [Client Component Browser]
    ./src/components/sections/Hero.tsx [Client Component Browser]
    ./src/components/sections/Hero.tsx [Server Component]
    ./src/app/page.tsx [Server Component]

  Client Component SSR:
    ./src/components/ui/background-boxes.tsx [Client Component SSR]
    ./src/components/sections/Hero.tsx [Client Component SSR]
    ./src/components/sections/Hero.tsx [Server Component]
    ./src/app/page.tsx [Server Component] @ http://localhost:3000/_next/static/chunks/node_modules_next_dist_f3530cac._.js:3127
[   82834ms] [ERROR] ./src/components/ui/background-boxes.tsx:1:2
Parsing ecmascript source code failed
> 1 | o'use client'
    |  ^^^^^^^^^^^^
  2 |
  3 | import React, { useEffect, useRef } from 'react'
  4 | import { cn } from '@/lib/utils'

Expected ';', '}' or <eof>

Import traces:
  Client Component Browser:
    ./src/components/ui/background-boxes.tsx [Client Component Browser]
    ./src/components/sections/Hero.tsx [Client Component Browser]
    ./src/components/sections/Hero.tsx [Server Component]
    ./src/app/page.tsx [Server Component]

  Client Component SSR:
    ./src/components/ui/background-boxes.tsx [Client Component SSR]
    ./src/components/sections/Hero.tsx [Client Component SSR]
    ./src/components/sections/Hero.tsx [Server Component]
    ./src/app/page.tsx [Server Component] @ http://localhost:3000/_next/static/chunks/node_modules_next_dist_f3530cac._.js:3127
[   82910ms] [ERROR] ./src/components/ui/background-boxes.tsx:1:2
Parsing ecmascript source code failed
> 1 | o'use client'
    |  ^^^^^^^^^^^^
  2 |
  3 | import React, { useEffect, useRef } from 'react'
  4 | import { cn } from '@/lib/utils'

Expected ';', '}' or <eof>

Import traces:
  Client Component Browser:
    ./src/components/ui/background-boxes.tsx [Client Component Browser]
    ./src/components/sections/Hero.tsx [Client Component Browser]
    ./src/components/sections/Hero.tsx [Server Component]
    ./src/app/page.tsx [Server Component]

  Client Component SSR:
    ./src/components/ui/background-boxes.tsx [Client Component SSR]
    ./src/components/sections/Hero.tsx [Client Component SSR]
    ./src/components/sections/Hero.tsx [Server Component]
    ./src/app/page.tsx [Server Component] @ http://localhost:3000/_next/static/chunks/node_modules_next_dist_f3530cac._.js:3127
[   83000ms] [ERROR] ./src/components/ui/background-boxes.tsx:1:2
Parsing ecmascript source code failed
> 1 | o'use client'
    |  ^^^^^^^^^^^^
  2 |
  3 | import React, { useEffect, useRef } from 'react'
  4 | import { cn } from '@/lib/utils'

Expected ';', '}' or <eof>

Import traces:
  Client Component Browser:
    ./src/components/ui/background-boxes.tsx [Client Component Browser]
    ./src/components/sections/Hero.tsx [Client Component Browser]
    ./src/components/sections/Hero.tsx [Server Component]
    ./src/app/page.tsx [Server Component]

  Client Component SSR:
    ./src/components/ui/background-boxes.tsx [Client Component SSR]
    ./src/components/sections/Hero.tsx [Client Component SSR]
    ./src/components/sections/Hero.tsx [Server Component]
    ./src/app/page.tsx [Server Component] @ http://localhost:3000/_next/static/chunks/node_modules_next_dist_f3530cac._.js:3127
[   83082ms] [ERROR] ./src/components/ui/background-boxes.tsx:1:2
Parsing ecmascript source code failed
> 1 | o'use client'
    |  ^^^^^^^^^^^^
  2 |
  3 | import React, { useEffect, useRef } from 'react'
  4 | import { cn } from '@/lib/utils'

Expected ';', '}' or <eof>

Import traces:
  Client Component Browser:
    ./src/components/ui/background-boxes.tsx [Client Component Browser]
    ./src/components/sections/Hero.tsx [Client Component Browser]
    ./src/components/sections/Hero.tsx [Server Component]
    ./src/app/page.tsx [Server Component]

  Client Component SSR:
    ./src/components/ui/background-boxes.tsx [Client Component SSR]
    ./src/components/sections/Hero.tsx [Client Component SSR]
    ./src/components/sections/Hero.tsx [Server Component]
    ./src/app/page.tsx [Server Component] @ http://localhost:3000/_next/static/chunks/node_modules_next_dist_f3530cac._.js:3127
[   83174ms] [ERROR] ./src/components/ui/background-boxes.tsx:1:2
Parsing ecmascript source code failed
> 1 | o'use client'
    |  ^^^^^^^^^^^^
  2 |
  3 | import React, { useEffect, useRef } from 'react'
  4 | import { cn } from '@/lib/utils'

Expected ';', '}' or <eof>

Import traces:
  Client Component Browser:
    ./src/components/ui/background-boxes.tsx [Client Component Browser]
    ./src/components/sections/Hero.tsx [Client Component Browser]
    ./src/components/sections/Hero.tsx [Server Component]
    ./src/app/page.tsx [Server Component]

  Client Component SSR:
    ./src/components/ui/background-boxes.tsx [Client Component SSR]
    ./src/components/sections/Hero.tsx [Client Component SSR]
    ./src/components/sections/Hero.tsx [Server Component]
    ./src/app/page.tsx [Server Component] @ http://localhost:3000/_next/static/chunks/node_modules_next_dist_f3530cac._.js:3127
[   83264ms] [ERROR] ./src/components/ui/background-boxes.tsx:1:2
Parsing ecmascript source code failed
> 1 | o'use client'
    |  ^^^^^^^^^^^^
  2 |
  3 | import React, { useEffect, useRef } from 'react'
  4 | import { cn } from '@/lib/utils'

Expected ';', '}' or <eof>

Import traces:
  Client Component Browser:
    ./src/components/ui/background-boxes.tsx [Client Component Browser]
    ./src/components/sections/Hero.tsx [Client Component Browser]
    ./src/components/sections/Hero.tsx [Server Component]
    ./src/app/page.tsx [Server Component]

  Client Component SSR:
    ./src/components/ui/background-boxes.tsx [Client Component SSR]
    ./src/components/sections/Hero.tsx [Client Component SSR]
    ./src/components/sections/Hero.tsx [Server Component]
    ./src/app/page.tsx [Server Component] @ http://localhost:3000/_next/static/chunks/node_modules_next_dist_f3530cac._.js:3127
[   83353ms] [ERROR] ./src/components/ui/background-boxes.tsx:1:2
Parsing ecmascript source code failed
> 1 | o'use client'
    |  ^^^^^^^^^^^^
  2 |
  3 | import React, { useEffect, useRef } from 'react'
  4 | import { cn } from '@/lib/utils'

Expected ';', '}' or <eof>

Import traces:
  Client Component Browser:
    ./src/components/ui/background-boxes.tsx [Client Component Browser]
    ./src/components/sections/Hero.tsx [Client Component Browser]
    ./src/components/sections/Hero.tsx [Server Component]
    ./src/app/page.tsx [Server Component]

  Client Component SSR:
    ./src/components/ui/background-boxes.tsx [Client Component SSR]
    ./src/components/sections/Hero.tsx [Client Component SSR]
    ./src/components/sections/Hero.tsx [Server Component]
    ./src/app/page.tsx [Server Component] @ http://localhost:3000/_next/static/chunks/node_modules_next_dist_f3530cac._.js:3127
[   83447ms] [ERROR] ./src/components/ui/background-boxes.tsx:1:2
Parsing ecmascript source code failed
> 1 | o'use client'
    |  ^^^^^^^^^^^^
  2 |
  3 | import React, { useEffect, useRef } from 'react'
  4 | import { cn } from '@/lib/utils'

Expected ';', '}' or <eof>

Import traces:
  Client Component Browser:
    ./src/components/ui/background-boxes.tsx [Client Component Browser]
    ./src/components/sections/Hero.tsx [Client Component Browser]
    ./src/components/sections/Hero.tsx [Server Component]
    ./src/app/page.tsx [Server Component]

  Client Component SSR:
    ./src/components/ui/background-boxes.tsx [Client Component SSR]
    ./src/components/sections/Hero.tsx [Client Component SSR]
    ./src/components/sections/Hero.tsx [Server Component]
    ./src/app/page.tsx [Server Component] @ http://localhost:3000/_next/static/chunks/node_modules_next_dist_f3530cac._.js:3127
[   83533ms] [ERROR] ./src/components/ui/background-boxes.tsx:1:2
Parsing ecmascript source code failed
> 1 | o'use client'
    |  ^^^^^^^^^^^^
  2 |
  3 | import React, { useEffect, useRef } from 'react'
  4 | import { cn } from '@/lib/utils'

Expected ';', '}' or <eof>

Import traces:
  Client Component Browser:
    ./src/components/ui/background-boxes.tsx [Client Component Browser]
    ./src/components/sections/Hero.tsx [Client Component Browser]
    ./src/components/sections/Hero.tsx [Server Component]
    ./src/app/page.tsx [Server Component]

  Client Component SSR:
    ./src/components/ui/background-boxes.tsx [Client Component SSR]
    ./src/components/sections/Hero.tsx [Client Component SSR]
    ./src/components/sections/Hero.tsx [Server Component]
    ./src/app/page.tsx [Server Component] @ http://localhost:3000/_next/static/chunks/node_modules_next_dist_f3530cac._.js:3127
[   83607ms] [ERROR] ./src/components/ui/background-boxes.tsx:1:2
Parsing ecmascript source code failed
> 1 | o'use client'
    |  ^^^^^^^^^^^^
  2 |
  3 | import React, { useEffect, useRef } from 'react'
  4 | import { cn } from '@/lib/utils'

Expected ';', '}' or <eof>

Import traces:
  Client Component Browser:
    ./src/components/ui/background-boxes.tsx [Client Component Browser]
    ./src/components/sections/Hero.tsx [Client Component Browser]
    ./src/components/sections/Hero.tsx [Server Component]
    ./src/app/page.tsx [Server Component]

  Client Component SSR:
    ./src/components/ui/background-boxes.tsx [Client Component SSR]
    ./src/components/sections/Hero.tsx [Client Component SSR]
    ./src/components/sections/Hero.tsx [Server Component]
    ./src/app/page.tsx [Server Component] @ http://localhost:3000/_next/static/chunks/node_modules_next_dist_f3530cac._.js:3127
[   83699ms] [ERROR] ./src/components/ui/background-boxes.tsx:1:2
Parsing ecmascript source code failed
> 1 | o'use client'
    |  ^^^^^^^^^^^^
  2 |
  3 | import React, { useEffect, useRef } from 'react'
  4 | import { cn } from '@/lib/utils'

Expected ';', '}' or <eof>

Import traces:
  Client Component Browser:
    ./src/components/ui/background-boxes.tsx [Client Component Browser]
    ./src/components/sections/Hero.tsx [Client Component Browser]
    ./src/components/sections/Hero.tsx [Server Component]
    ./src/app/page.tsx [Server Component]

  Client Component SSR:
    ./src/components/ui/background-boxes.tsx [Client Component SSR]
    ./src/components/sections/Hero.tsx [Client Component SSR]
    ./src/components/sections/Hero.tsx [Server Component]
    ./src/app/page.tsx [Server Component] @ http://localhost:3000/_next/static/chunks/node_modules_next_dist_f3530cac._.js:3127
[   83771ms] [ERROR] ./src/components/ui/background-boxes.tsx:1:2
Parsing ecmascript source code failed
> 1 | o'use client'
    |  ^^^^^^^^^^^^
  2 |
  3 | import React, { useEffect, useRef } from 'react'
  4 | import { cn } from '@/lib/utils'

Expected ';', '}' or <eof>

Import traces:
  Client Component Browser:
    ./src/components/ui/background-boxes.tsx [Client Component Browser]
    ./src/components/sections/Hero.tsx [Client Component Browser]
    ./src/components/sections/Hero.tsx [Server Component]
    ./src/app/page.tsx [Server Component]

  Client Component SSR:
    ./src/components/ui/background-boxes.tsx [Client Component SSR]
    ./src/components/sections/Hero.tsx [Client Component SSR]
    ./src/components/sections/Hero.tsx [Server Component]
    ./src/app/page.tsx [Server Component] @ http://localhost:3000/_next/static/chunks/node_modules_next_dist_f3530cac._.js:3127
[   83884ms] [ERROR] ./src/components/ui/background-boxes.tsx:1:2
Parsing ecmascript source code failed
> 1 | o'use client'
    |  ^^^^^^^^^^^^
  2 |
  3 | import React, { useEffect, useRef } from 'react'
  4 | import { cn } from '@/lib/utils'

Expected ';', '}' or <eof>

Import traces:
  Client Component Browser:
    ./src/components/ui/background-boxes.tsx [Client Component Browser]
    ./src/components/sections/Hero.tsx [Client Component Browser]
    ./src/components/sections/Hero.tsx [Server Component]
    ./src/app/page.tsx [Server Component]

  Client Component SSR:
    ./src/components/ui/background-boxes.tsx [Client Component SSR]
    ./src/components/sections/Hero.tsx [Client Component SSR]
    ./src/components/sections/Hero.tsx [Server Component]
    ./src/app/page.tsx [Server Component] @ http://localhost:3000/_next/static/chunks/node_modules_next_dist_f3530cac._.js:3127
[   83917ms] [LOG] [Fast Refresh] rebuilding @ http://localhost:3000/_next/static/chunks/node_modules_next_dist_f3530cac._.js:2297
[   83960ms] [ERROR] ./src/components/ui/background-boxes.tsx:1:2
Parsing ecmascript source code failed
> 1 | o'use client'
    |  ^^^^^^^^^^^^
  2 |
  3 | import React, { useEffect, useRef } from 'react'
  4 | import { cn } from '@/lib/utils'

Expected ';', '}' or <eof>

Import traces:
  Client Component Browser:
    ./src/components/ui/background-boxes.tsx [Client Component Browser]
    ./src/components/sections/Hero.tsx [Client Component Browser]
    ./src/components/sections/Hero.tsx [Server Component]
    ./src/app/page.tsx [Server Component]

  Client Component SSR:
    ./src/components/ui/background-boxes.tsx [Client Component SSR]
    ./src/components/sections/Hero.tsx [Client Component SSR]
    ./src/components/sections/Hero.tsx [Server Component]
    ./src/app/page.tsx [Server Component] @ http://localhost:3000/_next/static/chunks/node_modules_next_dist_f3530cac._.js:3127
[   84003ms] [ERROR] ./src/components/ui/background-boxes.tsx:1:2
Parsing ecmascript source code failed
> 1 | o'use client'
    |  ^^^^^^^^^^^^
  2 |
  3 | import React, { useEffect, useRef } from 'react'
  4 | import { cn } from '@/lib/utils'

Expected ';', '}' or <eof>

Import traces:
  Client Component Browser:
    ./src/components/ui/background-boxes.tsx [Client Component Browser]
    ./src/components/sections/Hero.tsx [Client Component Browser]
    ./src/components/sections/Hero.tsx [Server Component]
    ./src/app/page.tsx [Server Component]

  Client Component SSR:
    ./src/components/ui/background-boxes.tsx [Client Component SSR]
    ./src/components/sections/Hero.tsx [Client Component SSR]
    ./src/components/sections/Hero.tsx [Server Component]
    ./src/app/page.tsx [Server Component] @ http://localhost:3000/_next/static/chunks/node_modules_next_dist_f3530cac._.js:3127
[   84043ms] [ERROR] ./src/components/ui/background-boxes.tsx:1:2
Parsing ecmascript source code failed
> 1 | o'use client'
    |  ^^^^^^^^^^^^
  2 |
  3 | import React, { useEffect, useRef } from 'react'
  4 | import { cn } from '@/lib/utils'

Expected ';', '}' or <eof>

Import traces:
  Client Component Browser:
    ./src/components/ui/background-boxes.tsx [Client Component Browser]
    ./src/components/sections/Hero.tsx [Client Component Browser]
    ./src/components/sections/Hero.tsx [Server Component]
    ./src/app/page.tsx [Server Component]

  Client Component SSR:
    ./src/components/ui/background-boxes.tsx [Client Component SSR]
    ./src/components/sections/Hero.tsx [Client Component SSR]
    ./src/components/sections/Hero.tsx [Server Component]
    ./src/app/page.tsx [Server Component] @ http://localhost:3000/_next/static/chunks/node_modules_next_dist_f3530cac._.js:3127
[   84079ms] [ERROR] ./src/components/ui/background-boxes.tsx:1:2
Parsing ecmascript source code failed
> 1 | o'use client'
    |  ^^^^^^^^^^^^
  2 |
  3 | import React, { useEffect, useRef } from 'react'
  4 | import { cn } from '@/lib/utils'

Expected ';', '}' or <eof>

Import traces:
  Client Component Browser:
    ./src/components/ui/background-boxes.tsx [Client Component Browser]
    ./src/components/sections/Hero.tsx [Client Component Browser]
    ./src/components/sections/Hero.tsx [Server Component]
    ./src/app/page.tsx [Server Component]

  Client Component SSR:
    ./src/components/ui/background-boxes.tsx [Client Component SSR]
    ./src/components/sections/Hero.tsx [Client Component SSR]
    ./src/components/sections/Hero.tsx [Server Component]
    ./src/app/page.tsx [Server Component] @ http://localhost:3000/_next/static/chunks/node_modules_next_dist_f3530cac._.js:3127
[   84114ms] [ERROR] ./src/components/ui/background-boxes.tsx:1:2
Parsing ecmascript source code failed
> 1 | o'use client'
    |  ^^^^^^^^^^^^
  2 |
  3 | import React, { useEffect, useRef } from 'react'
  4 | import { cn } from '@/lib/utils'

Expected ';', '}' or <eof>

Import traces:
  Client Component Browser:
    ./src/components/ui/background-boxes.tsx [Client Component Browser]
    ./src/components/sections/Hero.tsx [Client Component Browser]
    ./src/components/sections/Hero.tsx [Server Component]
    ./src/app/page.tsx [Server Component]

  Client Component SSR:
    ./src/components/ui/background-boxes.tsx [Client Component SSR]
    ./src/components/sections/Hero.tsx [Client Component SSR]
    ./src/components/sections/Hero.tsx [Server Component]
    ./src/app/page.tsx [Server Component] @ http://localhost:3000/_next/static/chunks/node_modules_next_dist_f3530cac._.js:3127
[   84171ms] [ERROR] ./src/components/ui/background-boxes.tsx:1:2
Parsing ecmascript source code failed
> 1 | o'use client'
    |  ^^^^^^^^^^^^
  2 |
  3 | import React, { useEffect, useRef } from 'react'
  4 | import { cn } from '@/lib/utils'

Expected ';', '}' or <eof>

Import traces:
  Client Component Browser:
    ./src/components/ui/background-boxes.tsx [Client Component Browser]
    ./src/components/sections/Hero.tsx [Client Component Browser]
    ./src/components/sections/Hero.tsx [Server Component]
    ./src/app/page.tsx [Server Component]

  Client Component SSR:
    ./src/components/ui/background-boxes.tsx [Client Component SSR]
    ./src/components/sections/Hero.tsx [Client Component SSR]
    ./src/components/sections/Hero.tsx [Server Component]
    ./src/app/page.tsx [Server Component] @ http://localhost:3000/_next/static/chunks/node_modules_next_dist_f3530cac._.js:3127
[   84216ms] [ERROR] ./src/components/ui/background-boxes.tsx:1:2
Parsing ecmascript source code failed
> 1 | o'use client'
    |  ^^^^^^^^^^^^
  2 |
  3 | import React, { useEffect, useRef } from 'react'
  4 | import { cn } from '@/lib/utils'

Expected ';', '}' or <eof>

Import traces:
  Client Component Browser:
    ./src/components/ui/background-boxes.tsx [Client Component Browser]
    ./src/components/sections/Hero.tsx [Client Component Browser]
    ./src/components/sections/Hero.tsx [Server Component]
    ./src/app/page.tsx [Server Component]

  Client Component SSR:
    ./src/components/ui/background-boxes.tsx [Client Component SSR]
    ./src/components/sections/Hero.tsx [Client Component SSR]
    ./src/components/sections/Hero.tsx [Server Component]
    ./src/app/page.tsx [Server Component] @ http://localhost:3000/_next/static/chunks/node_modules_next_dist_f3530cac._.js:3127
[   84251ms] [ERROR] ./src/components/ui/background-boxes.tsx:1:2
Parsing ecmascript source code failed
> 1 | o'use client'
    |  ^^^^^^^^^^^^
  2 |
  3 | import React, { useEffect, useRef } from 'react'
  4 | import { cn } from '@/lib/utils'

Expected ';', '}' or <eof>

Import traces:
  Client Component Browser:
    ./src/components/ui/background-boxes.tsx [Client Component Browser]
    ./src/components/sections/Hero.tsx [Client Component Browser]
    ./src/components/sections/Hero.tsx [Server Component]
    ./src/app/page.tsx [Server Component]

  Client Component SSR:
    ./src/components/ui/background-boxes.tsx [Client Component SSR]
    ./src/components/sections/Hero.tsx [Client Component SSR]
    ./src/components/sections/Hero.tsx [Server Component]
    ./src/app/page.tsx [Server Component] @ http://localhost:3000/_next/static/chunks/node_modules_next_dist_f3530cac._.js:3127
[   84289ms] [ERROR] ./src/components/ui/background-boxes.tsx:1:2
Parsing ecmascript source code failed
> 1 | o'use client'
    |  ^^^^^^^^^^^^
  2 |
  3 | import React, { useEffect, useRef } from 'react'
  4 | import { cn } from '@/lib/utils'

Expected ';', '}' or <eof>

Import traces:
  Client Component Browser:
    ./src/components/ui/background-boxes.tsx [Client Component Browser]
    ./src/components/sections/Hero.tsx [Client Component Browser]
    ./src/components/sections/Hero.tsx [Server Component]
    ./src/app/page.tsx [Server Component]

  Client Component SSR:
    ./src/components/ui/background-boxes.tsx [Client Component SSR]
    ./src/components/sections/Hero.tsx [Client Component SSR]
    ./src/components/sections/Hero.tsx [Server Component]
    ./src/app/page.tsx [Server Component] @ http://localhost:3000/_next/static/chunks/node_modules_next_dist_f3530cac._.js:3127
[   84330ms] [ERROR] ./src/components/ui/background-boxes.tsx:1:2
Parsing ecmascript source code failed
> 1 | o'use client'
    |  ^^^^^^^^^^^^
  2 |
  3 | import React, { useEffect, useRef } from 'react'
  4 | import { cn } from '@/lib/utils'

Expected ';', '}' or <eof>

Import traces:
  Client Component Browser:
    ./src/components/ui/background-boxes.tsx [Client Component Browser]
    ./src/components/sections/Hero.tsx [Client Component Browser]
    ./src/components/sections/Hero.tsx [Server Component]
    ./src/app/page.tsx [Server Component]

  Client Component SSR:
    ./src/components/ui/background-boxes.tsx [Client Component SSR]
    ./src/components/sections/Hero.tsx [Client Component SSR]
    ./src/components/sections/Hero.tsx [Server Component]
    ./src/app/page.tsx [Server Component] @ http://localhost:3000/_next/static/chunks/node_modules_next_dist_f3530cac._.js:3127
[   84388ms] [ERROR] ./src/components/ui/background-boxes.tsx:1:2
Parsing ecmascript source code failed
> 1 | o'use client'
    |  ^^^^^^^^^^^^
  2 |
  3 | import React, { useEffect, useRef } from 'react'
  4 | import { cn } from '@/lib/utils'

Expected ';', '}' or <eof>

Import traces:
  Client Component Browser:
    ./src/components/ui/background-boxes.tsx [Client Component Browser]
    ./src/components/sections/Hero.tsx [Client Component Browser]
    ./src/components/sections/Hero.tsx [Server Component]
    ./src/app/page.tsx [Server Component]

  Client Component SSR:
    ./src/components/ui/background-boxes.tsx [Client Component SSR]
    ./src/components/sections/Hero.tsx [Client Component SSR]
    ./src/components/sections/Hero.tsx [Server Component]
    ./src/app/page.tsx [Server Component] @ http://localhost:3000/_next/static/chunks/node_modules_next_dist_f3530cac._.js:3127
[   84479ms] [ERROR] ./src/components/ui/background-boxes.tsx:1:2
Parsing ecmascript source code failed
> 1 | o'use client'
    |  ^^^^^^^^^^^^
  2 |
  3 | import React, { useEffect, useRef } from 'react'
  4 | import { cn } from '@/lib/utils'

Expected ';', '}' or <eof>

Import traces:
  Client Component Browser:
    ./src/components/ui/background-boxes.tsx [Client Component Browser]
    ./src/components/sections/Hero.tsx [Client Component Browser]
    ./src/components/sections/Hero.tsx [Server Component]
    ./src/app/page.tsx [Server Component]

  Client Component SSR:
    ./src/components/ui/background-boxes.tsx [Client Component SSR]
    ./src/components/sections/Hero.tsx [Client Component SSR]
    ./src/components/sections/Hero.tsx [Server Component]
    ./src/app/page.tsx [Server Component] @ http://localhost:3000/_next/static/chunks/node_modules_next_dist_f3530cac._.js:3127
[   84539ms] [ERROR] ./src/components/ui/background-boxes.tsx:1:2
Parsing ecmascript source code failed
> 1 | o'use client'
    |  ^^^^^^^^^^^^
  2 |
  3 | import React, { useEffect, useRef } from 'react'
  4 | import { cn } from '@/lib/utils'

Expected ';', '}' or <eof>

Import traces:
  Client Component Browser:
    ./src/components/ui/background-boxes.tsx [Client Component Browser]
    ./src/components/sections/Hero.tsx [Client Component Browser]
    ./src/components/sections/Hero.tsx [Server Component]
    ./src/app/page.tsx [Server Component]

  Client Component SSR:
    ./src/components/ui/background-boxes.tsx [Client Component SSR]
    ./src/components/sections/Hero.tsx [Client Component SSR]
    ./src/components/sections/Hero.tsx [Server Component]
    ./src/app/page.tsx [Server Component] @ http://localhost:3000/_next/static/chunks/node_modules_next_dist_f3530cac._.js:3127
[   84628ms] [ERROR] ./src/components/ui/background-boxes.tsx:1:2
Parsing ecmascript source code failed
> 1 | o'use client'
    |  ^^^^^^^^^^^^
  2 |
  3 | import React, { useEffect, useRef } from 'react'
  4 | import { cn } from '@/lib/utils'

Expected ';', '}' or <eof>

Import traces:
  Client Component Browser:
    ./src/components/ui/background-boxes.tsx [Client Component Browser]
    ./src/components/sections/Hero.tsx [Client Component Browser]
    ./src/components/sections/Hero.tsx [Server Component]
    ./src/app/page.tsx [Server Component]

  Client Component SSR:
    ./src/components/ui/background-boxes.tsx [Client Component SSR]
    ./src/components/sections/Hero.tsx [Client Component SSR]
    ./src/components/sections/Hero.tsx [Server Component]
    ./src/app/page.tsx [Server Component] @ http://localhost:3000/_next/static/chunks/node_modules_next_dist_f3530cac._.js:3127
[   84710ms] [ERROR] ./src/components/ui/background-boxes.tsx:1:2
Parsing ecmascript source code failed
> 1 | o'use client'
    |  ^^^^^^^^^^^^
  2 |
  3 | import React, { useEffect, useRef } from 'react'
  4 | import { cn } from '@/lib/utils'

Expected ';', '}' or <eof>

Import traces:
  Client Component Browser:
    ./src/components/ui/background-boxes.tsx [Client Component Browser]
    ./src/components/sections/Hero.tsx [Client Component Browser]
    ./src/components/sections/Hero.tsx [Server Component]
    ./src/app/page.tsx [Server Component]

  Client Component SSR:
    ./src/components/ui/background-boxes.tsx [Client Component SSR]
    ./src/components/sections/Hero.tsx [Client Component SSR]
    ./src/components/sections/Hero.tsx [Server Component]
    ./src/app/page.tsx [Server Component] @ http://localhost:3000/_next/static/chunks/node_modules_next_dist_f3530cac._.js:3127
[   84773ms] [ERROR] ./src/components/ui/background-boxes.tsx:1:2
Parsing ecmascript source code failed
> 1 | o'use client'
    |  ^^^^^^^^^^^^
  2 |
  3 | import React, { useEffect, useRef } from 'react'
  4 | import { cn } from '@/lib/utils'

Expected ';', '}' or <eof>

Import traces:
  Client Component Browser:
    ./src/components/ui/background-boxes.tsx [Client Component Browser]
    ./src/components/sections/Hero.tsx [Client Component Browser]
    ./src/components/sections/Hero.tsx [Server Component]
    ./src/app/page.tsx [Server Component]

  Client Component SSR:
    ./src/components/ui/background-boxes.tsx [Client Component SSR]
    ./src/components/sections/Hero.tsx [Client Component SSR]
    ./src/components/sections/Hero.tsx [Server Component]
    ./src/app/page.tsx [Server Component] @ http://localhost:3000/_next/static/chunks/node_modules_next_dist_f3530cac._.js:3127
[   84855ms] [ERROR] ./src/components/ui/background-boxes.tsx:1:2
Parsing ecmascript source code failed
> 1 | o'use client'
    |  ^^^^^^^^^^^^
  2 |
  3 | import React, { useEffect, useRef } from 'react'
  4 | import { cn } from '@/lib/utils'

Expected ';', '}' or <eof>

Import traces:
  Client Component Browser:
    ./src/components/ui/background-boxes.tsx [Client Component Browser]
    ./src/components/sections/Hero.tsx [Client Component Browser]
    ./src/components/sections/Hero.tsx [Server Component]
    ./src/app/page.tsx [Server Component]

  Client Component SSR:
    ./src/components/ui/background-boxes.tsx [Client Component SSR]
    ./src/components/sections/Hero.tsx [Client Component SSR]
    ./src/components/sections/Hero.tsx [Server Component]
    ./src/app/page.tsx [Server Component] @ http://localhost:3000/_next/static/chunks/node_modules_next_dist_f3530cac._.js:3127
[   84943ms] [ERROR] ./src/components/ui/background-boxes.tsx:1:2
Parsing ecmascript source code failed
> 1 | o'use client'
    |  ^^^^^^^^^^^^
  2 |
  3 | import React, { useEffect, useRef } from 'react'
  4 | import { cn } from '@/lib/utils'

Expected ';', '}' or <eof>

Import traces:
  Client Component Browser:
    ./src/components/ui/background-boxes.tsx [Client Component Browser]
    ./src/components/sections/Hero.tsx [Client Component Browser]
    ./src/components/sections/Hero.tsx [Server Component]
    ./src/app/page.tsx [Server Component]

  Client Component SSR:
    ./src/components/ui/background-boxes.tsx [Client Component SSR]
    ./src/components/sections/Hero.tsx [Client Component SSR]
    ./src/components/sections/Hero.tsx [Server Component]
    ./src/app/page.tsx [Server Component] @ http://localhost:3000/_next/static/chunks/node_modules_next_dist_f3530cac._.js:3127
[   85038ms] [ERROR] ./src/components/ui/background-boxes.tsx:1:2
Parsing ecmascript source code failed
> 1 | o'use client'
    |  ^^^^^^^^^^^^
  2 |
  3 | import React, { useEffect, useRef } from 'react'
  4 | import { cn } from '@/lib/utils'

Expected ';', '}' or <eof>

Import traces:
  Client Component Browser:
    ./src/components/ui/background-boxes.tsx [Client Component Browser]
    ./src/components/sections/Hero.tsx [Client Component Browser]
    ./src/components/sections/Hero.tsx [Server Component]
    ./src/app/page.tsx [Server Component]

  Client Component SSR:
    ./src/components/ui/background-boxes.tsx [Client Component SSR]
    ./src/components/sections/Hero.tsx [Client Component SSR]
    ./src/components/sections/Hero.tsx [Server Component]
    ./src/app/page.tsx [Server Component] @ http://localhost:3000/_next/static/chunks/node_modules_next_dist_f3530cac._.js:3127
[   85105ms] [ERROR] ./src/components/ui/background-boxes.tsx:1:2
Parsing ecmascript source code failed
> 1 | o'use client'
    |  ^^^^^^^^^^^^
  2 |
  3 | import React, { useEffect, useRef } from 'react'
  4 | import { cn } from '@/lib/utils'

Expected ';', '}' or <eof>

Import traces:
  Client Component Browser:
    ./src/components/ui/background-boxes.tsx [Client Component Browser]
    ./src/components/sections/Hero.tsx [Client Component Browser]
    ./src/components/sections/Hero.tsx [Server Component]
    ./src/app/page.tsx [Server Component]

  Client Component SSR:
    ./src/components/ui/background-boxes.tsx [Client Component SSR]
    ./src/components/sections/Hero.tsx [Client Component SSR]
    ./src/components/sections/Hero.tsx [Server Component]
    ./src/app/page.tsx [Server Component] @ http://localhost:3000/_next/static/chunks/node_modules_next_dist_f3530cac._.js:3127
[   85200ms] [ERROR] ./src/components/ui/background-boxes.tsx:1:2
Parsing ecmascript source code failed
> 1 | o'use client'
    |  ^^^^^^^^^^^^
  2 |
  3 | import React, { useEffect, useRef } from 'react'
  4 | import { cn } from '@/lib/utils'

Expected ';', '}' or <eof>

Import traces:
  Client Component Browser:
    ./src/components/ui/background-boxes.tsx [Client Component Browser]
    ./src/components/sections/Hero.tsx [Client Component Browser]
    ./src/components/sections/Hero.tsx [Server Component]
    ./src/app/page.tsx [Server Component]

  Client Component SSR:
    ./src/components/ui/background-boxes.tsx [Client Component SSR]
    ./src/components/sections/Hero.tsx [Client Component SSR]
    ./src/components/sections/Hero.tsx [Server Component]
    ./src/app/page.tsx [Server Component] @ http://localhost:3000/_next/static/chunks/node_modules_next_dist_f3530cac._.js:3127
[   85268ms] [ERROR] ./src/components/ui/background-boxes.tsx:1:2
Parsing ecmascript source code failed
> 1 | o'use client'
    |  ^^^^^^^^^^^^
  2 |
  3 | import React, { useEffect, useRef } from 'react'
  4 | import { cn } from '@/lib/utils'

Expected ';', '}' or <eof>

Import traces:
  Client Component Browser:
    ./src/components/ui/background-boxes.tsx [Client Component Browser]
    ./src/components/sections/Hero.tsx [Client Component Browser]
    ./src/components/sections/Hero.tsx [Server Component]
    ./src/app/page.tsx [Server Component]

  Client Component SSR:
    ./src/components/ui/background-boxes.tsx [Client Component SSR]
    ./src/components/sections/Hero.tsx [Client Component SSR]
    ./src/components/sections/Hero.tsx [Server Component]
    ./src/app/page.tsx [Server Component] @ http://localhost:3000/_next/static/chunks/node_modules_next_dist_f3530cac._.js:3127
[   85341ms] [ERROR] ./src/components/ui/background-boxes.tsx:1:2
Parsing ecmascript source code failed
> 1 | o'use client'
    |  ^^^^^^^^^^^^
  2 |
  3 | import React, { useEffect, useRef } from 'react'
  4 | import { cn } from '@/lib/utils'

Expected ';', '}' or <eof>

Import traces:
  Client Component Browser:
    ./src/components/ui/background-boxes.tsx [Client Component Browser]
    ./src/components/sections/Hero.tsx [Client Component Browser]
    ./src/components/sections/Hero.tsx [Server Component]
    ./src/app/page.tsx [Server Component]

  Client Component SSR:
    ./src/components/ui/background-boxes.tsx [Client Component SSR]
    ./src/components/sections/Hero.tsx [Client Component SSR]
    ./src/components/sections/Hero.tsx [Server Component]
    ./src/app/page.tsx [Server Component] @ http://localhost:3000/_next/static/chunks/node_modules_next_dist_f3530cac._.js:3127
[   85431ms] [ERROR] ./src/components/ui/background-boxes.tsx:1:2
Parsing ecmascript source code failed
> 1 | o'use client'
    |  ^^^^^^^^^^^^
  2 |
  3 | import React, { useEffect, useRef } from 'react'
  4 | import { cn } from '@/lib/utils'

Expected ';', '}' or <eof>

Import traces:
  Client Component Browser:
    ./src/components/ui/background-boxes.tsx [Client Component Browser]
    ./src/components/sections/Hero.tsx [Client Component Browser]
    ./src/components/sections/Hero.tsx [Server Component]
    ./src/app/page.tsx [Server Component]

  Client Component SSR:
    ./src/components/ui/background-boxes.tsx [Client Component SSR]
    ./src/components/sections/Hero.tsx [Client Component SSR]
    ./src/components/sections/Hero.tsx [Server Component]
    ./src/app/page.tsx [Server Component] @ http://localhost:3000/_next/static/chunks/node_modules_next_dist_f3530cac._.js:3127
[   85505ms] [ERROR] ./src/components/ui/background-boxes.tsx:1:2
Parsing ecmascript source code failed
> 1 | o'use client'
    |  ^^^^^^^^^^^^
  2 |
  3 | import React, { useEffect, useRef } from 'react'
  4 | import { cn } from '@/lib/utils'

Expected ';', '}' or <eof>

Import traces:
  Client Component Browser:
    ./src/components/ui/background-boxes.tsx [Client Component Browser]
    ./src/components/sections/Hero.tsx [Client Component Browser]
    ./src/components/sections/Hero.tsx [Server Component]
    ./src/app/page.tsx [Server Component]

  Client Component SSR:
    ./src/components/ui/background-boxes.tsx [Client Component SSR]
    ./src/components/sections/Hero.tsx [Client Component SSR]
    ./src/components/sections/Hero.tsx [Server Component]
    ./src/app/page.tsx [Server Component] @ http://localhost:3000/_next/static/chunks/node_modules_next_dist_f3530cac._.js:3127
[   85570ms] [ERROR] ./src/components/ui/background-boxes.tsx:1:2
Parsing ecmascript source code failed
> 1 | o'use client'
    |  ^^^^^^^^^^^^
  2 |
  3 | import React, { useEffect, useRef } from 'react'
  4 | import { cn } from '@/lib/utils'

Expected ';', '}' or <eof>

Import traces:
  Client Component Browser:
    ./src/components/ui/background-boxes.tsx [Client Component Browser]
    ./src/components/sections/Hero.tsx [Client Component Browser]
    ./src/components/sections/Hero.tsx [Server Component]
    ./src/app/page.tsx [Server Component]

  Client Component SSR:
    ./src/components/ui/background-boxes.tsx [Client Component SSR]
    ./src/components/sections/Hero.tsx [Client Component SSR]
    ./src/components/sections/Hero.tsx [Server Component]
    ./src/app/page.tsx [Server Component] @ http://localhost:3000/_next/static/chunks/node_modules_next_dist_f3530cac._.js:3127
[   85636ms] [ERROR] ./src/components/ui/background-boxes.tsx:1:2
Parsing ecmascript source code failed
> 1 | o'use client'
    |  ^^^^^^^^^^^^
  2 |
  3 | import React, { useEffect, useRef } from 'react'
  4 | import { cn } from '@/lib/utils'

Expected ';', '}' or <eof>

Import traces:
  Client Component Browser:
    ./src/components/ui/background-boxes.tsx [Client Component Browser]
    ./src/components/sections/Hero.tsx [Client Component Browser]
    ./src/components/sections/Hero.tsx [Server Component]
    ./src/app/page.tsx [Server Component]

  Client Component SSR:
    ./src/components/ui/background-boxes.tsx [Client Component SSR]
    ./src/components/sections/Hero.tsx [Client Component SSR]
    ./src/components/sections/Hero.tsx [Server Component]
    ./src/app/page.tsx [Server Component] @ http://localhost:3000/_next/static/chunks/node_modules_next_dist_f3530cac._.js:3127
[   85728ms] [ERROR] ./src/components/ui/background-boxes.tsx:1:2
Parsing ecmascript source code failed
> 1 | o'use client'
    |  ^^^^^^^^^^^^
  2 |
  3 | import React, { useEffect, useRef } from 'react'
  4 | import { cn } from '@/lib/utils'

Expected ';', '}' or <eof>

Import traces:
  Client Component Browser:
    ./src/components/ui/background-boxes.tsx [Client Component Browser]
    ./src/components/sections/Hero.tsx [Client Component Browser]
    ./src/components/sections/Hero.tsx [Server Component]
    ./src/app/page.tsx [Server Component]

  Client Component SSR:
    ./src/components/ui/background-boxes.tsx [Client Component SSR]
    ./src/components/sections/Hero.tsx [Client Component SSR]
    ./src/components/sections/Hero.tsx [Server Component]
    ./src/app/page.tsx [Server Component] @ http://localhost:3000/_next/static/chunks/node_modules_next_dist_f3530cac._.js:3127
[   85804ms] [ERROR] ./src/components/ui/background-boxes.tsx:1:2
Parsing ecmascript source code failed
> 1 | o'use client'
    |  ^^^^^^^^^^^^
  2 |
  3 | import React, { useEffect, useRef } from 'react'
  4 | import { cn } from '@/lib/utils'

Expected ';', '}' or <eof>

Import traces:
  Client Component Browser:
    ./src/components/ui/background-boxes.tsx [Client Component Browser]
    ./src/components/sections/Hero.tsx [Client Component Browser]
    ./src/components/sections/Hero.tsx [Server Component]
    ./src/app/page.tsx [Server Component]

  Client Component SSR:
    ./src/components/ui/background-boxes.tsx [Client Component SSR]
    ./src/components/sections/Hero.tsx [Client Component SSR]
    ./src/components/sections/Hero.tsx [Server Component]
    ./src/app/page.tsx [Server Component] @ http://localhost:3000/_next/static/chunks/node_modules_next_dist_f3530cac._.js:3127
[   85871ms] [ERROR] ./src/components/ui/background-boxes.tsx:1:2
Parsing ecmascript source code failed
> 1 | o'use client'
    |  ^^^^^^^^^^^^
  2 |
  3 | import React, { useEffect, useRef } from 'react'
  4 | import { cn } from '@/lib/utils'

Expected ';', '}' or <eof>

Import traces:
  Client Component Browser:
    ./src/components/ui/background-boxes.tsx [Client Component Browser]
    ./src/components/sections/Hero.tsx [Client Component Browser]
    ./src/components/sections/Hero.tsx [Server Component]
    ./src/app/page.tsx [Server Component]

  Client Component SSR:
    ./src/components/ui/background-boxes.tsx [Client Component SSR]
    ./src/components/sections/Hero.tsx [Client Component SSR]
    ./src/components/sections/Hero.tsx [Server Component]
    ./src/app/page.tsx [Server Component] @ http://localhost:3000/_next/static/chunks/node_modules_next_dist_f3530cac._.js:3127
[   85964ms] [ERROR] ./src/components/ui/background-boxes.tsx:1:2
Parsing ecmascript source code failed
> 1 | o'use client'
    |  ^^^^^^^^^^^^
  2 |
  3 | import React, { useEffect, useRef } from 'react'
  4 | import { cn } from '@/lib/utils'

Expected ';', '}' or <eof>

Import traces:
  Client Component Browser:
    ./src/components/ui/background-boxes.tsx [Client Component Browser]
    ./src/components/sections/Hero.tsx [Client Component Browser]
    ./src/components/sections/Hero.tsx [Server Component]
    ./src/app/page.tsx [Server Component]

  Client Component SSR:
    ./src/components/ui/background-boxes.tsx [Client Component SSR]
    ./src/components/sections/Hero.tsx [Client Component SSR]
    ./src/components/sections/Hero.tsx [Server Component]
    ./src/app/page.tsx [Server Component] @ http://localhost:3000/_next/static/chunks/node_modules_next_dist_f3530cac._.js:3127
[   86047ms] [ERROR] ./src/components/ui/background-boxes.tsx:1:2
Parsing ecmascript source code failed
> 1 | o'use client'
    |  ^^^^^^^^^^^^
  2 |
  3 | import React, { useEffect, useRef } from 'react'
  4 | import { cn } from '@/lib/utils'

Expected ';', '}' or <eof>

Import traces:
  Client Component Browser:
    ./src/components/ui/background-boxes.tsx [Client Component Browser]
    ./src/components/sections/Hero.tsx [Client Component Browser]
    ./src/components/sections/Hero.tsx [Server Component]
    ./src/app/page.tsx [Server Component]

  Client Component SSR:
    ./src/components/ui/background-boxes.tsx [Client Component SSR]
    ./src/components/sections/Hero.tsx [Client Component SSR]
    ./src/components/sections/Hero.tsx [Server Component]
    ./src/app/page.tsx [Server Component] @ http://localhost:3000/_next/static/chunks/node_modules_next_dist_f3530cac._.js:3127
[   86127ms] [ERROR] ./src/components/ui/background-boxes.tsx:1:2
Parsing ecmascript source code failed
> 1 | o'use client'
    |  ^^^^^^^^^^^^
  2 |
  3 | import React, { useEffect, useRef } from 'react'
  4 | import { cn } from '@/lib/utils'

Expected ';', '}' or <eof>

Import traces:
  Client Component Browser:
    ./src/components/ui/background-boxes.tsx [Client Component Browser]
    ./src/components/sections/Hero.tsx [Client Component Browser]
    ./src/components/sections/Hero.tsx [Server Component]
    ./src/app/page.tsx [Server Component]

  Client Component SSR:
    ./src/components/ui/background-boxes.tsx [Client Component SSR]
    ./src/components/sections/Hero.tsx [Client Component SSR]
    ./src/components/sections/Hero.tsx [Server Component]
    ./src/app/page.tsx [Server Component] @ http://localhost:3000/_next/static/chunks/node_modules_next_dist_f3530cac._.js:3127
[   86197ms] [ERROR] ./src/components/ui/background-boxes.tsx:1:2
Parsing ecmascript source code failed
> 1 | o'use client'
    |  ^^^^^^^^^^^^
  2 |
  3 | import React, { useEffect, useRef } from 'react'
  4 | import { cn } from '@/lib/utils'

Expected ';', '}' or <eof>

Import traces:
  Client Component Browser:
    ./src/components/ui/background-boxes.tsx [Client Component Browser]
    ./src/components/sections/Hero.tsx [Client Component Browser]
    ./src/components/sections/Hero.tsx [Server Component]
    ./src/app/page.tsx [Server Component]

  Client Component SSR:
    ./src/components/ui/background-boxes.tsx [Client Component SSR]
    ./src/components/sections/Hero.tsx [Client Component SSR]
    ./src/components/sections/Hero.tsx [Server Component]
    ./src/app/page.tsx [Server Component] @ http://localhost:3000/_next/static/chunks/node_modules_next_dist_f3530cac._.js:3127
[   86294ms] [ERROR] ./src/components/ui/background-boxes.tsx:1:2
Parsing ecmascript source code failed
> 1 | o'use client'
    |  ^^^^^^^^^^^^
  2 |
  3 | import React, { useEffect, useRef } from 'react'
  4 | import { cn } from '@/lib/utils'

Expected ';', '}' or <eof>

Import traces:
  Client Component Browser:
    ./src/components/ui/background-boxes.tsx [Client Component Browser]
    ./src/components/sections/Hero.tsx [Client Component Browser]
    ./src/components/sections/Hero.tsx [Server Component]
    ./src/app/page.tsx [Server Component]

  Client Component SSR:
    ./src/components/ui/background-boxes.tsx [Client Component SSR]
    ./src/components/sections/Hero.tsx [Client Component SSR]
    ./src/components/sections/Hero.tsx [Server Component]
    ./src/app/page.tsx [Server Component] @ http://localhost:3000/_next/static/chunks/node_modules_next_dist_f3530cac._.js:3127
[   86355ms] [ERROR] ./src/components/ui/background-boxes.tsx:1:2
Parsing ecmascript source code failed
> 1 | o'use client'
    |  ^^^^^^^^^^^^
  2 |
  3 | import React, { useEffect, useRef } from 'react'
  4 | import { cn } from '@/lib/utils'

Expected ';', '}' or <eof>

Import traces:
  Client Component Browser:
    ./src/components/ui/background-boxes.tsx [Client Component Browser]
    ./src/components/sections/Hero.tsx [Client Component Browser]
    ./src/components/sections/Hero.tsx [Server Component]
    ./src/app/page.tsx [Server Component]

  Client Component SSR:
    ./src/components/ui/background-boxes.tsx [Client Component SSR]
    ./src/components/sections/Hero.tsx [Client Component SSR]
    ./src/components/sections/Hero.tsx [Server Component]
    ./src/app/page.tsx [Server Component] @ http://localhost:3000/_next/static/chunks/node_modules_next_dist_f3530cac._.js:3127
[   86451ms] [ERROR] ./src/components/ui/background-boxes.tsx:1:2
Parsing ecmascript source code failed
> 1 | o'use client'
    |  ^^^^^^^^^^^^
  2 |
  3 | import React, { useEffect, useRef } from 'react'
  4 | import { cn } from '@/lib/utils'

Expected ';', '}' or <eof>

Import traces:
  Client Component Browser:
    ./src/components/ui/background-boxes.tsx [Client Component Browser]
    ./src/components/sections/Hero.tsx [Client Component Browser]
    ./src/components/sections/Hero.tsx [Server Component]
    ./src/app/page.tsx [Server Component]

  Client Component SSR:
    ./src/components/ui/background-boxes.tsx [Client Component SSR]
    ./src/components/sections/Hero.tsx [Client Component SSR]
    ./src/components/sections/Hero.tsx [Server Component]
    ./src/app/page.tsx [Server Component] @ http://localhost:3000/_next/static/chunks/node_modules_next_dist_f3530cac._.js:3127
[   86523ms] [ERROR] ./src/components/ui/background-boxes.tsx:1:2
Parsing ecmascript source code failed
> 1 | o'use client'
    |  ^^^^^^^^^^^^
  2 |
  3 | import React, { useEffect, useRef } from 'react'
  4 | import { cn } from '@/lib/utils'

Expected ';', '}' or <eof>

Import traces:
  Client Component Browser:
    ./src/components/ui/background-boxes.tsx [Client Component Browser]
    ./src/components/sections/Hero.tsx [Client Component Browser]
    ./src/components/sections/Hero.tsx [Server Component]
    ./src/app/page.tsx [Server Component]

  Client Component SSR:
    ./src/components/ui/background-boxes.tsx [Client Component SSR]
    ./src/components/sections/Hero.tsx [Client Component SSR]
    ./src/components/sections/Hero.tsx [Server Component]
    ./src/app/page.tsx [Server Component] @ http://localhost:3000/_next/static/chunks/node_modules_next_dist_f3530cac._.js:3127
[   86603ms] [ERROR] ./src/components/ui/background-boxes.tsx:1:2
Parsing ecmascript source code failed
> 1 | o'use client'
    |  ^^^^^^^^^^^^
  2 |
  3 | import React, { useEffect, useRef } from 'react'
  4 | import { cn } from '@/lib/utils'

Expected ';', '}' or <eof>

Import traces:
  Client Component Browser:
    ./src/components/ui/background-boxes.tsx [Client Component Browser]
    ./src/components/sections/Hero.tsx [Client Component Browser]
    ./src/components/sections/Hero.tsx [Server Component]
    ./src/app/page.tsx [Server Component]

  Client Component SSR:
    ./src/components/ui/background-boxes.tsx [Client Component SSR]
    ./src/components/sections/Hero.tsx [Client Component SSR]
    ./src/components/sections/Hero.tsx [Server Component]
    ./src/app/page.tsx [Server Component] @ http://localhost:3000/_next/static/chunks/node_modules_next_dist_f3530cac._.js:3127
[   86693ms] [ERROR] ./src/components/ui/background-boxes.tsx:1:2
Parsing ecmascript source code failed
> 1 | o'use client'
    |  ^^^^^^^^^^^^
  2 |
  3 | import React, { useEffect, useRef } from 'react'
  4 | import { cn } from '@/lib/utils'

Expected ';', '}' or <eof>

Import traces:
  Client Component Browser:
    ./src/components/ui/background-boxes.tsx [Client Component Browser]
    ./src/components/sections/Hero.tsx [Client Component Browser]
    ./src/components/sections/Hero.tsx [Server Component]
    ./src/app/page.tsx [Server Component]

  Client Component SSR:
    ./src/components/ui/background-boxes.tsx [Client Component SSR]
    ./src/components/sections/Hero.tsx [Client Component SSR]
    ./src/components/sections/Hero.tsx [Server Component]
    ./src/app/page.tsx [Server Component] @ http://localhost:3000/_next/static/chunks/node_modules_next_dist_f3530cac._.js:3127
[   86764ms] [ERROR] ./src/components/ui/background-boxes.tsx:1:2
Parsing ecmascript source code failed
> 1 | o'use client'
    |  ^^^^^^^^^^^^
  2 |
  3 | import React, { useEffect, useRef } from 'react'
  4 | import { cn } from '@/lib/utils'

Expected ';', '}' or <eof>

Import traces:
  Client Component Browser:
    ./src/components/ui/background-boxes.tsx [Client Component Browser]
    ./src/components/sections/Hero.tsx [Client Component Browser]
    ./src/components/sections/Hero.tsx [Server Component]
    ./src/app/page.tsx [Server Component]

  Client Component SSR:
    ./src/components/ui/background-boxes.tsx [Client Component SSR]
    ./src/components/sections/Hero.tsx [Client Component SSR]
    ./src/components/sections/Hero.tsx [Server Component]
    ./src/app/page.tsx [Server Component] @ http://localhost:3000/_next/static/chunks/node_modules_next_dist_f3530cac._.js:3127
[   86838ms] [ERROR] ./src/components/ui/background-boxes.tsx:1:2
Parsing ecmascript source code failed
> 1 | o'use client'
    |  ^^^^^^^^^^^^
  2 |
  3 | import React, { useEffect, useRef } from 'react'
  4 | import { cn } from '@/lib/utils'

Expected ';', '}' or <eof>

Import traces:
  Client Component Browser:
    ./src/components/ui/background-boxes.tsx [Client Component Browser]
    ./src/components/sections/Hero.tsx [Client Component Browser]
    ./src/components/sections/Hero.tsx [Server Component]
    ./src/app/page.tsx [Server Component]

  Client Component SSR:
    ./src/components/ui/background-boxes.tsx [Client Component SSR]
    ./src/components/sections/Hero.tsx [Client Component SSR]
    ./src/components/sections/Hero.tsx [Server Component]
    ./src/app/page.tsx [Server Component] @ http://localhost:3000/_next/static/chunks/node_modules_next_dist_f3530cac._.js:3127
[   86937ms] [ERROR] ./src/components/ui/background-boxes.tsx:1:2
Parsing ecmascript source code failed
> 1 | o'use client'
    |  ^^^^^^^^^^^^
  2 |
  3 | import React, { useEffect, useRef } from 'react'
  4 | import { cn } from '@/lib/utils'

Expected ';', '}' or <eof>

Import traces:
  Client Component Browser:
    ./src/components/ui/background-boxes.tsx [Client Component Browser]
    ./src/components/sections/Hero.tsx [Client Component Browser]
    ./src/components/sections/Hero.tsx [Server Component]
    ./src/app/page.tsx [Server Component]

  Client Component SSR:
    ./src/components/ui/background-boxes.tsx [Client Component SSR]
    ./src/components/sections/Hero.tsx [Client Component SSR]
    ./src/components/sections/Hero.tsx [Server Component]
    ./src/app/page.tsx [Server Component] @ http://localhost:3000/_next/static/chunks/node_modules_next_dist_f3530cac._.js:3127
[   87037ms] [ERROR] ./src/components/ui/background-boxes.tsx:1:2
Parsing ecmascript source code failed
> 1 | o'use client'
    |  ^^^^^^^^^^^^
  2 |
  3 | import React, { useEffect, useRef } from 'react'
  4 | import { cn } from '@/lib/utils'

Expected ';', '}' or <eof>

Import traces:
  Client Component Browser:
    ./src/components/ui/background-boxes.tsx [Client Component Browser]
    ./src/components/sections/Hero.tsx [Client Component Browser]
    ./src/components/sections/Hero.tsx [Server Component]
    ./src/app/page.tsx [Server Component]

  Client Component SSR:
    ./src/components/ui/background-boxes.tsx [Client Component SSR]
    ./src/components/sections/Hero.tsx [Client Component SSR]
    ./src/components/sections/Hero.tsx [Server Component]
    ./src/app/page.tsx [Server Component] @ http://localhost:3000/_next/static/chunks/node_modules_next_dist_f3530cac._.js:3127
[   87114ms] [ERROR] ./src/components/ui/background-boxes.tsx:1:2
Parsing ecmascript source code failed
> 1 | o'use client'
    |  ^^^^^^^^^^^^
  2 |
  3 | import React, { useEffect, useRef } from 'react'
  4 | import { cn } from '@/lib/utils'

Expected ';', '}' or <eof>

Import traces:
  Client Component Browser:
    ./src/components/ui/background-boxes.tsx [Client Component Browser]
    ./src/components/sections/Hero.tsx [Client Component Browser]
    ./src/components/sections/Hero.tsx [Server Component]
    ./src/app/page.tsx [Server Component]

  Client Component SSR:
    ./src/components/ui/background-boxes.tsx [Client Component SSR]
    ./src/components/sections/Hero.tsx [Client Component SSR]
    ./src/components/sections/Hero.tsx [Server Component]
    ./src/app/page.tsx [Server Component] @ http://localhost:3000/_next/static/chunks/node_modules_next_dist_f3530cac._.js:3127
[   87195ms] [ERROR] ./src/components/ui/background-boxes.tsx:1:2
Parsing ecmascript source code failed
> 1 | o'use client'
    |  ^^^^^^^^^^^^
  2 |
  3 | import React, { useEffect, useRef } from 'react'
  4 | import { cn } from '@/lib/utils'

Expected ';', '}' or <eof>

Import traces:
  Client Component Browser:
    ./src/components/ui/background-boxes.tsx [Client Component Browser]
    ./src/components/sections/Hero.tsx [Client Component Browser]
    ./src/components/sections/Hero.tsx [Server Component]
    ./src/app/page.tsx [Server Component]

  Client Component SSR:
    ./src/components/ui/background-boxes.tsx [Client Component SSR]
    ./src/components/sections/Hero.tsx [Client Component SSR]
    ./src/components/sections/Hero.tsx [Server Component]
    ./src/app/page.tsx [Server Component] @ http://localhost:3000/_next/static/chunks/node_modules_next_dist_f3530cac._.js:3127
[   87291ms] [ERROR] ./src/components/ui/background-boxes.tsx:1:2
Parsing ecmascript source code failed
> 1 | o'use client'
    |  ^^^^^^^^^^^^
  2 |
  3 | import React, { useEffect, useRef } from 'react'
  4 | import { cn } from '@/lib/utils'

Expected ';', '}' or <eof>

Import traces:
  Client Component Browser:
    ./src/components/ui/background-boxes.tsx [Client Component Browser]
    ./src/components/sections/Hero.tsx [Client Component Browser]
    ./src/components/sections/Hero.tsx [Server Component]
    ./src/app/page.tsx [Server Component]

  Client Component SSR:
    ./src/components/ui/background-boxes.tsx [Client Component SSR]
    ./src/components/sections/Hero.tsx [Client Component SSR]
    ./src/components/sections/Hero.tsx [Server Component]
    ./src/app/page.tsx [Server Component] @ http://localhost:3000/_next/static/chunks/node_modules_next_dist_f3530cac._.js:3127
[   87383ms] [ERROR] ./src/components/ui/background-boxes.tsx:1:2
Parsing ecmascript source code failed
> 1 | o'use client'
    |  ^^^^^^^^^^^^
  2 |
  3 | import React, { useEffect, useRef } from 'react'
  4 | import { cn } from '@/lib/utils'

Expected ';', '}' or <eof>

Import traces:
  Client Component Browser:
    ./src/components/ui/background-boxes.tsx [Client Component Browser]
    ./src/components/sections/Hero.tsx [Client Component Browser]
    ./src/components/sections/Hero.tsx [Server Component]
    ./src/app/page.tsx [Server Component]

  Client Component SSR:
    ./src/components/ui/background-boxes.tsx [Client Component SSR]
    ./src/components/sections/Hero.tsx [Client Component SSR]
    ./src/components/sections/Hero.tsx [Server Component]
    ./src/app/page.tsx [Server Component] @ http://localhost:3000/_next/static/chunks/node_modules_next_dist_f3530cac._.js:3127
[   87479ms] [ERROR] ./src/components/ui/background-boxes.tsx:1:2
Parsing ecmascript source code failed
> 1 | o'use client'
    |  ^^^^^^^^^^^^
  2 |
  3 | import React, { useEffect, useRef } from 'react'
  4 | import { cn } from '@/lib/utils'

Expected ';', '}' or <eof>

Import traces:
  Client Component Browser:
    ./src/components/ui/background-boxes.tsx [Client Component Browser]
    ./src/components/sections/Hero.tsx [Client Component Browser]
    ./src/components/sections/Hero.tsx [Server Component]
    ./src/app/page.tsx [Server Component]

  Client Component SSR:
    ./src/components/ui/background-boxes.tsx [Client Component SSR]
    ./src/components/sections/Hero.tsx [Client Component SSR]
    ./src/components/sections/Hero.tsx [Server Component]
    ./src/app/page.tsx [Server Component] @ http://localhost:3000/_next/static/chunks/node_modules_next_dist_f3530cac._.js:3127
[   87576ms] [ERROR] ./src/components/ui/background-boxes.tsx:1:2
Parsing ecmascript source code failed
> 1 | o'use client'
    |  ^^^^^^^^^^^^
  2 |
  3 | import React, { useEffect, useRef } from 'react'
  4 | import { cn } from '@/lib/utils'

Expected ';', '}' or <eof>

Import traces:
  Client Component Browser:
    ./src/components/ui/background-boxes.tsx [Client Component Browser]
    ./src/components/sections/Hero.tsx [Client Component Browser]
    ./src/components/sections/Hero.tsx [Server Component]
    ./src/app/page.tsx [Server Component]

  Client Component SSR:
    ./src/components/ui/background-boxes.tsx [Client Component SSR]
    ./src/components/sections/Hero.tsx [Client Component SSR]
    ./src/components/sections/Hero.tsx [Server Component]
    ./src/app/page.tsx [Server Component] @ http://localhost:3000/_next/static/chunks/node_modules_next_dist_f3530cac._.js:3127
[   87653ms] [ERROR] ./src/components/ui/background-boxes.tsx:1:2
Parsing ecmascript source code failed
> 1 | o'use client'
    |  ^^^^^^^^^^^^
  2 |
  3 | import React, { useEffect, useRef } from 'react'
  4 | import { cn } from '@/lib/utils'

Expected ';', '}' or <eof>

Import traces:
  Client Component Browser:
    ./src/components/ui/background-boxes.tsx [Client Component Browser]
    ./src/components/sections/Hero.tsx [Client Component Browser]
    ./src/components/sections/Hero.tsx [Server Component]
    ./src/app/page.tsx [Server Component]

  Client Component SSR:
    ./src/components/ui/background-boxes.tsx [Client Component SSR]
    ./src/components/sections/Hero.tsx [Client Component SSR]
    ./src/components/sections/Hero.tsx [Server Component]
    ./src/app/page.tsx [Server Component] @ http://localhost:3000/_next/static/chunks/node_modules_next_dist_f3530cac._.js:3127
[   87733ms] [ERROR] ./src/components/ui/background-boxes.tsx:1:2
Parsing ecmascript source code failed
> 1 | o'use client'
    |  ^^^^^^^^^^^^
  2 |
  3 | import React, { useEffect, useRef } from 'react'
  4 | import { cn } from '@/lib/utils'

Expected ';', '}' or <eof>

Import traces:
  Client Component Browser:
    ./src/components/ui/background-boxes.tsx [Client Component Browser]
    ./src/components/sections/Hero.tsx [Client Component Browser]
    ./src/components/sections/Hero.tsx [Server Component]
    ./src/app/page.tsx [Server Component]

  Client Component SSR:
    ./src/components/ui/background-boxes.tsx [Client Component SSR]
    ./src/components/sections/Hero.tsx [Client Component SSR]
    ./src/components/sections/Hero.tsx [Server Component]
    ./src/app/page.tsx [Server Component] @ http://localhost:3000/_next/static/chunks/node_modules_next_dist_f3530cac._.js:3127
[   87790ms] [ERROR] ./src/components/ui/background-boxes.tsx:1:2
Parsing ecmascript source code failed
> 1 | o'use client'
    |  ^^^^^^^^^^^^
  2 |
  3 | import React, { useEffect, useRef } from 'react'
  4 | import { cn } from '@/lib/utils'

Expected ';', '}' or <eof>

Import traces:
  Client Component Browser:
    ./src/components/ui/background-boxes.tsx [Client Component Browser]
    ./src/components/sections/Hero.tsx [Client Component Browser]
    ./src/components/sections/Hero.tsx [Server Component]
    ./src/app/page.tsx [Server Component]

  Client Component SSR:
    ./src/components/ui/background-boxes.tsx [Client Component SSR]
    ./src/components/sections/Hero.tsx [Client Component SSR]
    ./src/components/sections/Hero.tsx [Server Component]
    ./src/app/page.tsx [Server Component] @ http://localhost:3000/_next/static/chunks/node_modules_next_dist_f3530cac._.js:3127
[   87879ms] [ERROR] ./src/components/ui/background-boxes.tsx:1:2
Parsing ecmascript source code failed
> 1 | o'use client'
    |  ^^^^^^^^^^^^
  2 |
  3 | import React, { useEffect, useRef } from 'react'
  4 | import { cn } from '@/lib/utils'

Expected ';', '}' or <eof>

Import traces:
  Client Component Browser:
    ./src/components/ui/background-boxes.tsx [Client Component Browser]
    ./src/components/sections/Hero.tsx [Client Component Browser]
    ./src/components/sections/Hero.tsx [Server Component]
    ./src/app/page.tsx [Server Component]

  Client Component SSR:
    ./src/components/ui/background-boxes.tsx [Client Component SSR]
    ./src/components/sections/Hero.tsx [Client Component SSR]
    ./src/components/sections/Hero.tsx [Server Component]
    ./src/app/page.tsx [Server Component] @ http://localhost:3000/_next/static/chunks/node_modules_next_dist_f3530cac._.js:3127
[   87967ms] [ERROR] ./src/components/ui/background-boxes.tsx:1:2
Parsing ecmascript source code failed
> 1 | o'use client'
    |  ^^^^^^^^^^^^
  2 |
  3 | import React, { useEffect, useRef } from 'react'
  4 | import { cn } from '@/lib/utils'

Expected ';', '}' or <eof>

Import traces:
  Client Component Browser:
    ./src/components/ui/background-boxes.tsx [Client Component Browser]
    ./src/components/sections/Hero.tsx [Client Component Browser]
    ./src/components/sections/Hero.tsx [Server Component]
    ./src/app/page.tsx [Server Component]

  Client Component SSR:
    ./src/components/ui/background-boxes.tsx [Client Component SSR]
    ./src/components/sections/Hero.tsx [Client Component SSR]
    ./src/components/sections/Hero.tsx [Server Component]
    ./src/app/page.tsx [Server Component] @ http://localhost:3000/_next/static/chunks/node_modules_next_dist_f3530cac._.js:3127
[   88049ms] [ERROR] ./src/components/ui/background-boxes.tsx:1:2
Parsing ecmascript source code failed
> 1 | o'use client'
    |  ^^^^^^^^^^^^
  2 |
  3 | import React, { useEffect, useRef } from 'react'
  4 | import { cn } from '@/lib/utils'

Expected ';', '}' or <eof>

Import traces:
  Client Component Browser:
    ./src/components/ui/background-boxes.tsx [Client Component Browser]
    ./src/components/sections/Hero.tsx [Client Component Browser]
    ./src/components/sections/Hero.tsx [Server Component]
    ./src/app/page.tsx [Server Component]

  Client Component SSR:
    ./src/components/ui/background-boxes.tsx [Client Component SSR]
    ./src/components/sections/Hero.tsx [Client Component SSR]
    ./src/components/sections/Hero.tsx [Server Component]
    ./src/app/page.tsx [Server Component] @ http://localhost:3000/_next/static/chunks/node_modules_next_dist_f3530cac._.js:3127
[   88150ms] [ERROR] ./src/components/ui/background-boxes.tsx:1:2
Parsing ecmascript source code failed
> 1 | o'use client'
    |  ^^^^^^^^^^^^
  2 |
  3 | import React, { useEffect, useRef } from 'react'
  4 | import { cn } from '@/lib/utils'

Expected ';', '}' or <eof>

Import traces:
  Client Component Browser:
    ./src/components/ui/background-boxes.tsx [Client Component Browser]
    ./src/components/sections/Hero.tsx [Client Component Browser]
    ./src/components/sections/Hero.tsx [Server Component]
    ./src/app/page.tsx [Server Component]

  Client Component SSR:
    ./src/components/ui/background-boxes.tsx [Client Component SSR]
    ./src/components/sections/Hero.tsx [Client Component SSR]
    ./src/components/sections/Hero.tsx [Server Component]
    ./src/app/page.tsx [Server Component] @ http://localhost:3000/_next/static/chunks/node_modules_next_dist_f3530cac._.js:3127
[   88247ms] [ERROR] ./src/components/ui/background-boxes.tsx:1:2
Parsing ecmascript source code failed
> 1 | o'use client'
    |  ^^^^^^^^^^^^
  2 |
  3 | import React, { useEffect, useRef } from 'react'
  4 | import { cn } from '@/lib/utils'

Expected ';', '}' or <eof>

Import traces:
  Client Component Browser:
    ./src/components/ui/background-boxes.tsx [Client Component Browser]
    ./src/components/sections/Hero.tsx [Client Component Browser]
    ./src/components/sections/Hero.tsx [Server Component]
    ./src/app/page.tsx [Server Component]

  Client Component SSR:
    ./src/components/ui/background-boxes.tsx [Client Component SSR]
    ./src/components/sections/Hero.tsx [Client Component SSR]
    ./src/components/sections/Hero.tsx [Server Component]
    ./src/app/page.tsx [Server Component] @ http://localhost:3000/_next/static/chunks/node_modules_next_dist_f3530cac._.js:3127
[   88336ms] [ERROR] ./src/components/ui/background-boxes.tsx:1:2
Parsing ecmascript source code failed
> 1 | o'use client'
    |  ^^^^^^^^^^^^
  2 |
  3 | import React, { useEffect, useRef } from 'react'
  4 | import { cn } from '@/lib/utils'

Expected ';', '}' or <eof>

Import traces:
  Client Component Browser:
    ./src/components/ui/background-boxes.tsx [Client Component Browser]
    ./src/components/sections/Hero.tsx [Client Component Browser]
    ./src/components/sections/Hero.tsx [Server Component]
    ./src/app/page.tsx [Server Component]

  Client Component SSR:
    ./src/components/ui/background-boxes.tsx [Client Component SSR]
    ./src/components/sections/Hero.tsx [Client Component SSR]
    ./src/components/sections/Hero.tsx [Server Component]
    ./src/app/page.tsx [Server Component] @ http://localhost:3000/_next/static/chunks/node_modules_next_dist_f3530cac._.js:3127
[   88426ms] [ERROR] ./src/components/ui/background-boxes.tsx:1:2
Parsing ecmascript source code failed
> 1 | o'use client'
    |  ^^^^^^^^^^^^
  2 |
  3 | import React, { useEffect, useRef } from 'react'
  4 | import { cn } from '@/lib/utils'

Expected ';', '}' or <eof>

Import traces:
  Client Component Browser:
    ./src/components/ui/background-boxes.tsx [Client Component Browser]
    ./src/components/sections/Hero.tsx [Client Component Browser]
    ./src/components/sections/Hero.tsx [Server Component]
    ./src/app/page.tsx [Server Component]

  Client Component SSR:
    ./src/components/ui/background-boxes.tsx [Client Component SSR]
    ./src/components/sections/Hero.tsx [Client Component SSR]
    ./src/components/sections/Hero.tsx [Server Component]
    ./src/app/page.tsx [Server Component] @ http://localhost:3000/_next/static/chunks/node_modules_next_dist_f3530cac._.js:3127
[   88517ms] [ERROR] ./src/components/ui/background-boxes.tsx:1:2
Parsing ecmascript source code failed
> 1 | o'use client'
    |  ^^^^^^^^^^^^
  2 |
  3 | import React, { useEffect, useRef } from 'react'
  4 | import { cn } from '@/lib/utils'

Expected ';', '}' or <eof>

Import traces:
  Client Component Browser:
    ./src/components/ui/background-boxes.tsx [Client Component Browser]
    ./src/components/sections/Hero.tsx [Client Component Browser]
    ./src/components/sections/Hero.tsx [Server Component]
    ./src/app/page.tsx [Server Component]

  Client Component SSR:
    ./src/components/ui/background-boxes.tsx [Client Component SSR]
    ./src/components/sections/Hero.tsx [Client Component SSR]
    ./src/components/sections/Hero.tsx [Server Component]
    ./src/app/page.tsx [Server Component] @ http://localhost:3000/_next/static/chunks/node_modules_next_dist_f3530cac._.js:3127
[   88571ms] [ERROR] ./src/components/ui/background-boxes.tsx:1:2
Parsing ecmascript source code failed
> 1 | o'use client'
    |  ^^^^^^^^^^^^
  2 |
  3 | import React, { useEffect, useRef } from 'react'
  4 | import { cn } from '@/lib/utils'

Expected ';', '}' or <eof>

Import traces:
  Client Component Browser:
    ./src/components/ui/background-boxes.tsx [Client Component Browser]
    ./src/components/sections/Hero.tsx [Client Component Browser]
    ./src/components/sections/Hero.tsx [Server Component]
    ./src/app/page.tsx [Server Component]

  Client Component SSR:
    ./src/components/ui/background-boxes.tsx [Client Component SSR]
    ./src/components/sections/Hero.tsx [Client Component SSR]
    ./src/components/sections/Hero.tsx [Server Component]
    ./src/app/page.tsx [Server Component] @ http://localhost:3000/_next/static/chunks/node_modules_next_dist_f3530cac._.js:3127
[   88664ms] [ERROR] ./src/components/ui/background-boxes.tsx:1:2
Parsing ecmascript source code failed
> 1 | o'use client'
    |  ^^^^^^^^^^^^
  2 |
  3 | import React, { useEffect, useRef } from 'react'
  4 | import { cn } from '@/lib/utils'

Expected ';', '}' or <eof>

Import traces:
  Client Component Browser:
    ./src/components/ui/background-boxes.tsx [Client Component Browser]
    ./src/components/sections/Hero.tsx [Client Component Browser]
    ./src/components/sections/Hero.tsx [Server Component]
    ./src/app/page.tsx [Server Component]

  Client Component SSR:
    ./src/components/ui/background-boxes.tsx [Client Component SSR]
    ./src/components/sections/Hero.tsx [Client Component SSR]
    ./src/components/sections/Hero.tsx [Server Component]
    ./src/app/page.tsx [Server Component] @ http://localhost:3000/_next/static/chunks/node_modules_next_dist_f3530cac._.js:3127
[   88754ms] [ERROR] ./src/components/ui/background-boxes.tsx:1:2
Parsing ecmascript source code failed
> 1 | o'use client'
    |  ^^^^^^^^^^^^
  2 |
  3 | import React, { useEffect, useRef } from 'react'
  4 | import { cn } from '@/lib/utils'

Expected ';', '}' or <eof>

Import traces:
  Client Component Browser:
    ./src/components/ui/background-boxes.tsx [Client Component Browser]
    ./src/components/sections/Hero.tsx [Client Component Browser]
    ./src/components/sections/Hero.tsx [Server Component]
    ./src/app/page.tsx [Server Component]

  Client Component SSR:
    ./src/components/ui/background-boxes.tsx [Client Component SSR]
    ./src/components/sections/Hero.tsx [Client Component SSR]
    ./src/components/sections/Hero.tsx [Server Component]
    ./src/app/page.tsx [Server Component] @ http://localhost:3000/_next/static/chunks/node_modules_next_dist_f3530cac._.js:3127
[   88861ms] [ERROR] ./src/components/ui/background-boxes.tsx:1:2
Parsing ecmascript source code failed
> 1 | o'use client'
    |  ^^^^^^^^^^^^
  2 |
  3 | import React, { useEffect, useRef } from 'react'
  4 | import { cn } from '@/lib/utils'

Expected ';', '}' or <eof>

Import traces:
  Client Component Browser:
    ./src/components/ui/background-boxes.tsx [Client Component Browser]
    ./src/components/sections/Hero.tsx [Client Component Browser]
    ./src/components/sections/Hero.tsx [Server Component]
    ./src/app/page.tsx [Server Component]

  Client Component SSR:
    ./src/components/ui/background-boxes.tsx [Client Component SSR]
    ./src/components/sections/Hero.tsx [Client Component SSR]
    ./src/components/sections/Hero.tsx [Server Component]
    ./src/app/page.tsx [Server Component] @ http://localhost:3000/_next/static/chunks/node_modules_next_dist_f3530cac._.js:3127
[   88960ms] [ERROR] ./src/components/ui/background-boxes.tsx:1:2
Parsing ecmascript source code failed
> 1 | o'use client'
    |  ^^^^^^^^^^^^
  2 |
  3 | import React, { useEffect, useRef } from 'react'
  4 | import { cn } from '@/lib/utils'

Expected ';', '}' or <eof>

Import traces:
  Client Component Browser:
    ./src/components/ui/background-boxes.tsx [Client Component Browser]
    ./src/components/sections/Hero.tsx [Client Component Browser]
    ./src/components/sections/Hero.tsx [Server Component]
    ./src/app/page.tsx [Server Component]

  Client Component SSR:
    ./src/components/ui/background-boxes.tsx [Client Component SSR]
    ./src/components/sections/Hero.tsx [Client Component SSR]
    ./src/components/sections/Hero.tsx [Server Component]
    ./src/app/page.tsx [Server Component] @ http://localhost:3000/_next/static/chunks/node_modules_next_dist_f3530cac._.js:3127
[   89056ms] [ERROR] ./src/components/ui/background-boxes.tsx:1:2
Parsing ecmascript source code failed
> 1 | o'use client'
    |  ^^^^^^^^^^^^
  2 |
  3 | import React, { useEffect, useRef } from 'react'
  4 | import { cn } from '@/lib/utils'

Expected ';', '}' or <eof>

Import traces:
  Client Component Browser:
    ./src/components/ui/background-boxes.tsx [Client Component Browser]
    ./src/components/sections/Hero.tsx [Client Component Browser]
    ./src/components/sections/Hero.tsx [Server Component]
    ./src/app/page.tsx [Server Component]

  Client Component SSR:
    ./src/components/ui/background-boxes.tsx [Client Component SSR]
    ./src/components/sections/Hero.tsx [Client Component SSR]
    ./src/components/sections/Hero.tsx [Server Component]
    ./src/app/page.tsx [Server Component] @ http://localhost:3000/_next/static/chunks/node_modules_next_dist_f3530cac._.js:3127
[   89150ms] [ERROR] ./src/components/ui/background-boxes.tsx:1:2
Parsing ecmascript source code failed
> 1 | o'use client'
    |  ^^^^^^^^^^^^
  2 |
  3 | import React, { useEffect, useRef } from 'react'
  4 | import { cn } from '@/lib/utils'

Expected ';', '}' or <eof>

Import traces:
  Client Component Browser:
    ./src/components/ui/background-boxes.tsx [Client Component Browser]
    ./src/components/sections/Hero.tsx [Client Component Browser]
    ./src/components/sections/Hero.tsx [Server Component]
    ./src/app/page.tsx [Server Component]

  Client Component SSR:
    ./src/components/ui/background-boxes.tsx [Client Component SSR]
    ./src/components/sections/Hero.tsx [Client Component SSR]
    ./src/components/sections/Hero.tsx [Server Component]
    ./src/app/page.tsx [Server Component] @ http://localhost:3000/_next/static/chunks/node_modules_next_dist_f3530cac._.js:3127
[   89230ms] [ERROR] ./src/components/ui/background-boxes.tsx:1:2
Parsing ecmascript source code failed
> 1 | o'use client'
    |  ^^^^^^^^^^^^
  2 |
  3 | import React, { useEffect, useRef } from 'react'
  4 | import { cn } from '@/lib/utils'

Expected ';', '}' or <eof>

Import traces:
  Client Component Browser:
    ./src/components/ui/background-boxes.tsx [Client Component Browser]
    ./src/components/sections/Hero.tsx [Client Component Browser]
    ./src/components/sections/Hero.tsx [Server Component]
    ./src/app/page.tsx [Server Component]

  Client Component SSR:
    ./src/components/ui/background-boxes.tsx [Client Component SSR]
    ./src/components/sections/Hero.tsx [Client Component SSR]
    ./src/components/sections/Hero.tsx [Server Component]
    ./src/app/page.tsx [Server Component] @ http://localhost:3000/_next/static/chunks/node_modules_next_dist_f3530cac._.js:3127
[   89289ms] [ERROR] ./src/components/ui/background-boxes.tsx:1:2
Parsing ecmascript source code failed
> 1 | o'use client'
    |  ^^^^^^^^^^^^
  2 |
  3 | import React, { useEffect, useRef } from 'react'
  4 | import { cn } from '@/lib/utils'

Expected ';', '}' or <eof>

Import traces:
  Client Component Browser:
    ./src/components/ui/background-boxes.tsx [Client Component Browser]
    ./src/components/sections/Hero.tsx [Client Component Browser]
    ./src/components/sections/Hero.tsx [Server Component]
    ./src/app/page.tsx [Server Component]

  Client Component SSR:
    ./src/components/ui/background-boxes.tsx [Client Component SSR]
    ./src/components/sections/Hero.tsx [Client Component SSR]
    ./src/components/sections/Hero.tsx [Server Component]
    ./src/app/page.tsx [Server Component] @ http://localhost:3000/_next/static/chunks/node_modules_next_dist_f3530cac._.js:3127
[   89378ms] [ERROR] ./src/components/ui/background-boxes.tsx:1:2
Parsing ecmascript source code failed
> 1 | o'use client'
    |  ^^^^^^^^^^^^
  2 |
  3 | import React, { useEffect, useRef } from 'react'
  4 | import { cn } from '@/lib/utils'

Expected ';', '}' or <eof>

Import traces:
  Client Component Browser:
    ./src/components/ui/background-boxes.tsx [Client Component Browser]
    ./src/components/sections/Hero.tsx [Client Component Browser]
    ./src/components/sections/Hero.tsx [Server Component]
    ./src/app/page.tsx [Server Component]

  Client Component SSR:
    ./src/components/ui/background-boxes.tsx [Client Component SSR]
    ./src/components/sections/Hero.tsx [Client Component SSR]
    ./src/components/sections/Hero.tsx [Server Component]
    ./src/app/page.tsx [Server Component] @ http://localhost:3000/_next/static/chunks/node_modules_next_dist_f3530cac._.js:3127
[   89466ms] [ERROR] ./src/components/ui/background-boxes.tsx:1:2
Parsing ecmascript source code failed
> 1 | o'use client'
    |  ^^^^^^^^^^^^
  2 |
  3 | import React, { useEffect, useRef } from 'react'
  4 | import { cn } from '@/lib/utils'

Expected ';', '}' or <eof>

Import traces:
  Client Component Browser:
    ./src/components/ui/background-boxes.tsx [Client Component Browser]
    ./src/components/sections/Hero.tsx [Client Component Browser]
    ./src/components/sections/Hero.tsx [Server Component]
    ./src/app/page.tsx [Server Component]

  Client Component SSR:
    ./src/components/ui/background-boxes.tsx [Client Component SSR]
    ./src/components/sections/Hero.tsx [Client Component SSR]
    ./src/components/sections/Hero.tsx [Server Component]
    ./src/app/page.tsx [Server Component] @ http://localhost:3000/_next/static/chunks/node_modules_next_dist_f3530cac._.js:3127
[   89546ms] [ERROR] ./src/components/ui/background-boxes.tsx:1:2
Parsing ecmascript source code failed
> 1 | o'use client'
    |  ^^^^^^^^^^^^
  2 |
  3 | import React, { useEffect, useRef } from 'react'
  4 | import { cn } from '@/lib/utils'

Expected ';', '}' or <eof>

Import traces:
  Client Component Browser:
    ./src/components/ui/background-boxes.tsx [Client Component Browser]
    ./src/components/sections/Hero.tsx [Client Component Browser]
    ./src/components/sections/Hero.tsx [Server Component]
    ./src/app/page.tsx [Server Component]

  Client Component SSR:
    ./src/components/ui/background-boxes.tsx [Client Component SSR]
    ./src/components/sections/Hero.tsx [Client Component SSR]
    ./src/components/sections/Hero.tsx [Server Component]
    ./src/app/page.tsx [Server Component] @ http://localhost:3000/_next/static/chunks/node_modules_next_dist_f3530cac._.js:3127
[   89632ms] [ERROR] ./src/components/ui/background-boxes.tsx:1:2
Parsing ecmascript source code failed
> 1 | o'use client'
    |  ^^^^^^^^^^^^
  2 |
  3 | import React, { useEffect, useRef } from 'react'
  4 | import { cn } from '@/lib/utils'

Expected ';', '}' or <eof>

Import traces:
  Client Component Browser:
    ./src/components/ui/background-boxes.tsx [Client Component Browser]
    ./src/components/sections/Hero.tsx [Client Component Browser]
    ./src/components/sections/Hero.tsx [Server Component]
    ./src/app/page.tsx [Server Component]

  Client Component SSR:
    ./src/components/ui/background-boxes.tsx [Client Component SSR]
    ./src/components/sections/Hero.tsx [Client Component SSR]
    ./src/components/sections/Hero.tsx [Server Component]
    ./src/app/page.tsx [Server Component] @ http://localhost:3000/_next/static/chunks/node_modules_next_dist_f3530cac._.js:3127
[   89690ms] [ERROR] ./src/components/ui/background-boxes.tsx:1:2
Parsing ecmascript source code failed
> 1 | o'use client'
    |  ^^^^^^^^^^^^
  2 |
  3 | import React, { useEffect, useRef } from 'react'
  4 | import { cn } from '@/lib/utils'

Expected ';', '}' or <eof>

Import traces:
  Client Component Browser:
    ./src/components/ui/background-boxes.tsx [Client Component Browser]
    ./src/components/sections/Hero.tsx [Client Component Browser]
    ./src/components/sections/Hero.tsx [Server Component]
    ./src/app/page.tsx [Server Component]

  Client Component SSR:
    ./src/components/ui/background-boxes.tsx [Client Component SSR]
    ./src/components/sections/Hero.tsx [Client Component SSR]
    ./src/components/sections/Hero.tsx [Server Component]
    ./src/app/page.tsx [Server Component] @ http://localhost:3000/_next/static/chunks/node_modules_next_dist_f3530cac._.js:3127
[   89775ms] [ERROR] ./src/components/ui/background-boxes.tsx:1:2
Parsing ecmascript source code failed
> 1 | o'use client'
    |  ^^^^^^^^^^^^
  2 |
  3 | import React, { useEffect, useRef } from 'react'
  4 | import { cn } from '@/lib/utils'

Expected ';', '}' or <eof>

Import traces:
  Client Component Browser:
    ./src/components/ui/background-boxes.tsx [Client Component Browser]
    ./src/components/sections/Hero.tsx [Client Component Browser]
    ./src/components/sections/Hero.tsx [Server Component]
    ./src/app/page.tsx [Server Component]

  Client Component SSR:
    ./src/components/ui/background-boxes.tsx [Client Component SSR]
    ./src/components/sections/Hero.tsx [Client Component SSR]
    ./src/components/sections/Hero.tsx [Server Component]
    ./src/app/page.tsx [Server Component] @ http://localhost:3000/_next/static/chunks/node_modules_next_dist_f3530cac._.js:3127
[   89840ms] [ERROR] ./src/components/ui/background-boxes.tsx:1:2
Parsing ecmascript source code failed
> 1 | o'use client'
    |  ^^^^^^^^^^^^
  2 |
  3 | import React, { useEffect, useRef } from 'react'
  4 | import { cn } from '@/lib/utils'

Expected ';', '}' or <eof>

Import traces:
  Client Component Browser:
    ./src/components/ui/background-boxes.tsx [Client Component Browser]
    ./src/components/sections/Hero.tsx [Client Component Browser]
    ./src/components/sections/Hero.tsx [Server Component]
    ./src/app/page.tsx [Server Component]

  Client Component SSR:
    ./src/components/ui/background-boxes.tsx [Client Component SSR]
    ./src/components/sections/Hero.tsx [Client Component SSR]
    ./src/components/sections/Hero.tsx [Server Component]
    ./src/app/page.tsx [Server Component] @ http://localhost:3000/_next/static/chunks/node_modules_next_dist_f3530cac._.js:3127
[   89924ms] [ERROR] ./src/components/ui/background-boxes.tsx:1:2
Parsing ecmascript source code failed
> 1 | o'use client'
    |  ^^^^^^^^^^^^
  2 |
  3 | import React, { useEffect, useRef } from 'react'
  4 | import { cn } from '@/lib/utils'

Expected ';', '}' or <eof>

Import traces:
  Client Component Browser:
    ./src/components/ui/background-boxes.tsx [Client Component Browser]
    ./src/components/sections/Hero.tsx [Client Component Browser]
    ./src/components/sections/Hero.tsx [Server Component]
    ./src/app/page.tsx [Server Component]

  Client Component SSR:
    ./src/components/ui/background-boxes.tsx [Client Component SSR]
    ./src/components/sections/Hero.tsx [Client Component SSR]
    ./src/components/sections/Hero.tsx [Server Component]
    ./src/app/page.tsx [Server Component] @ http://localhost:3000/_next/static/chunks/node_modules_next_dist_f3530cac._.js:3127
[   90002ms] [ERROR] ./src/components/ui/background-boxes.tsx:1:2
Parsing ecmascript source code failed
> 1 | o'use client'
    |  ^^^^^^^^^^^^
  2 |
  3 | import React, { useEffect, useRef } from 'react'
  4 | import { cn } from '@/lib/utils'

Expected ';', '}' or <eof>

Import traces:
  Client Component Browser:
    ./src/components/ui/background-boxes.tsx [Client Component Browser]
    ./src/components/sections/Hero.tsx [Client Component Browser]
    ./src/components/sections/Hero.tsx [Server Component]
    ./src/app/page.tsx [Server Component]

  Client Component SSR:
    ./src/components/ui/background-boxes.tsx [Client Component SSR]
    ./src/components/sections/Hero.tsx [Client Component SSR]
    ./src/components/sections/Hero.tsx [Server Component]
    ./src/app/page.tsx [Server Component] @ http://localhost:3000/_next/static/chunks/node_modules_next_dist_f3530cac._.js:3127
[   90088ms] [ERROR] ./src/components/ui/background-boxes.tsx:1:2
Parsing ecmascript source code failed
> 1 | o'use client'
    |  ^^^^^^^^^^^^
  2 |
  3 | import React, { useEffect, useRef } from 'react'
  4 | import { cn } from '@/lib/utils'

Expected ';', '}' or <eof>

Import traces:
  Client Component Browser:
    ./src/components/ui/background-boxes.tsx [Client Component Browser]
    ./src/components/sections/Hero.tsx [Client Component Browser]
    ./src/components/sections/Hero.tsx [Server Component]
    ./src/app/page.tsx [Server Component]

  Client Component SSR:
    ./src/components/ui/background-boxes.tsx [Client Component SSR]
    ./src/components/sections/Hero.tsx [Client Component SSR]
    ./src/components/sections/Hero.tsx [Server Component]
    ./src/app/page.tsx [Server Component] @ http://localhost:3000/_next/static/chunks/node_modules_next_dist_f3530cac._.js:3127
[   90154ms] [ERROR] ./src/components/ui/background-boxes.tsx:1:2
Parsing ecmascript source code failed
> 1 | o'use client'
    |  ^^^^^^^^^^^^
  2 |
  3 | import React, { useEffect, useRef } from 'react'
  4 | import { cn } from '@/lib/utils'

Expected ';', '}' or <eof>

Import traces:
  Client Component Browser:
    ./src/components/ui/background-boxes.tsx [Client Component Browser]
    ./src/components/sections/Hero.tsx [Client Component Browser]
    ./src/components/sections/Hero.tsx [Server Component]
    ./src/app/page.tsx [Server Component]

  Client Component SSR:
    ./src/components/ui/background-boxes.tsx [Client Component SSR]
    ./src/components/sections/Hero.tsx [Client Component SSR]
    ./src/components/sections/Hero.tsx [Server Component]
    ./src/app/page.tsx [Server Component] @ http://localhost:3000/_next/static/chunks/node_modules_next_dist_f3530cac._.js:3127
[   90240ms] [ERROR] ./src/components/ui/background-boxes.tsx:1:2
Parsing ecmascript source code failed
> 1 | o'use client'
    |  ^^^^^^^^^^^^
  2 |
  3 | import React, { useEffect, useRef } from 'react'
  4 | import { cn } from '@/lib/utils'

Expected ';', '}' or <eof>

Import traces:
  Client Component Browser:
    ./src/components/ui/background-boxes.tsx [Client Component Browser]
    ./src/components/sections/Hero.tsx [Client Component Browser]
    ./src/components/sections/Hero.tsx [Server Component]
    ./src/app/page.tsx [Server Component]

  Client Component SSR:
    ./src/components/ui/background-boxes.tsx [Client Component SSR]
    ./src/components/sections/Hero.tsx [Client Component SSR]
    ./src/components/sections/Hero.tsx [Server Component]
    ./src/app/page.tsx [Server Component] @ http://localhost:3000/_next/static/chunks/node_modules_next_dist_f3530cac._.js:3127
[   90311ms] [ERROR] ./src/components/ui/background-boxes.tsx:1:2
Parsing ecmascript source code failed
> 1 | o'use client'
    |  ^^^^^^^^^^^^
  2 |
  3 | import React, { useEffect, useRef } from 'react'
  4 | import { cn } from '@/lib/utils'

Expected ';', '}' or <eof>

Import traces:
  Client Component Browser:
    ./src/components/ui/background-boxes.tsx [Client Component Browser]
    ./src/components/sections/Hero.tsx [Client Component Browser]
    ./src/components/sections/Hero.tsx [Server Component]
    ./src/app/page.tsx [Server Component]

  Client Component SSR:
    ./src/components/ui/background-boxes.tsx [Client Component SSR]
    ./src/components/sections/Hero.tsx [Client Component SSR]
    ./src/components/sections/Hero.tsx [Server Component]
    ./src/app/page.tsx [Server Component] @ http://localhost:3000/_next/static/chunks/node_modules_next_dist_f3530cac._.js:3127
[   90396ms] [ERROR] ./src/components/ui/background-boxes.tsx:1:2
Parsing ecmascript source code failed
> 1 | o'use client'
    |  ^^^^^^^^^^^^
  2 |
  3 | import React, { useEffect, useRef } from 'react'
  4 | import { cn } from '@/lib/utils'

Expected ';', '}' or <eof>

Import traces:
  Client Component Browser:
    ./src/components/ui/background-boxes.tsx [Client Component Browser]
    ./src/components/sections/Hero.tsx [Client Component Browser]
    ./src/components/sections/Hero.tsx [Server Component]
    ./src/app/page.tsx [Server Component]

  Client Component SSR:
    ./src/components/ui/background-boxes.tsx [Client Component SSR]
    ./src/components/sections/Hero.tsx [Client Component SSR]
    ./src/components/sections/Hero.tsx [Server Component]
    ./src/app/page.tsx [Server Component] @ http://localhost:3000/_next/static/chunks/node_modules_next_dist_f3530cac._.js:3127
[   90461ms] [ERROR] ./src/components/ui/background-boxes.tsx:1:2
Parsing ecmascript source code failed
> 1 | o'use client'
    |  ^^^^^^^^^^^^
  2 |
  3 | import React, { useEffect, useRef } from 'react'
  4 | import { cn } from '@/lib/utils'

Expected ';', '}' or <eof>

Import traces:
  Client Component Browser:
    ./src/components/ui/background-boxes.tsx [Client Component Browser]
    ./src/components/sections/Hero.tsx [Client Component Browser]
    ./src/components/sections/Hero.tsx [Server Component]
    ./src/app/page.tsx [Server Component]

  Client Component SSR:
    ./src/components/ui/background-boxes.tsx [Client Component SSR]
    ./src/components/sections/Hero.tsx [Client Component SSR]
    ./src/components/sections/Hero.tsx [Server Component]
    ./src/app/page.tsx [Server Component] @ http://localhost:3000/_next/static/chunks/node_modules_next_dist_f3530cac._.js:3127
[   90548ms] [ERROR] ./src/components/ui/background-boxes.tsx:1:2
Parsing ecmascript source code failed
> 1 | o'use client'
    |  ^^^^^^^^^^^^
  2 |
  3 | import React, { useEffect, useRef } from 'react'
  4 | import { cn } from '@/lib/utils'

Expected ';', '}' or <eof>

Import traces:
  Client Component Browser:
    ./src/components/ui/background-boxes.tsx [Client Component Browser]
    ./src/components/sections/Hero.tsx [Client Component Browser]
    ./src/components/sections/Hero.tsx [Server Component]
    ./src/app/page.tsx [Server Component]

  Client Component SSR:
    ./src/components/ui/background-boxes.tsx [Client Component SSR]
    ./src/components/sections/Hero.tsx [Client Component SSR]
    ./src/components/sections/Hero.tsx [Server Component]
    ./src/app/page.tsx [Server Component] @ http://localhost:3000/_next/static/chunks/node_modules_next_dist_f3530cac._.js:3127
[   90625ms] [ERROR] ./src/components/ui/background-boxes.tsx:1:2
Parsing ecmascript source code failed
> 1 | o'use client'
    |  ^^^^^^^^^^^^
  2 |
  3 | import React, { useEffect, useRef } from 'react'
  4 | import { cn } from '@/lib/utils'

Expected ';', '}' or <eof>

Import traces:
  Client Component Browser:
    ./src/components/ui/background-boxes.tsx [Client Component Browser]
    ./src/components/sections/Hero.tsx [Client Component Browser]
    ./src/components/sections/Hero.tsx [Server Component]
    ./src/app/page.tsx [Server Component]

  Client Component SSR:
    ./src/components/ui/background-boxes.tsx [Client Component SSR]
    ./src/components/sections/Hero.tsx [Client Component SSR]
    ./src/components/sections/Hero.tsx [Server Component]
    ./src/app/page.tsx [Server Component] @ http://localhost:3000/_next/static/chunks/node_modules_next_dist_f3530cac._.js:3127
[   90689ms] [ERROR] ./src/components/ui/background-boxes.tsx:1:2
Parsing ecmascript source code failed
> 1 | o'use client'
    |  ^^^^^^^^^^^^
  2 |
  3 | import React, { useEffect, useRef } from 'react'
  4 | import { cn } from '@/lib/utils'

Expected ';', '}' or <eof>

Import traces:
  Client Component Browser:
    ./src/components/ui/background-boxes.tsx [Client Component Browser]
    ./src/components/sections/Hero.tsx [Client Component Browser]
    ./src/components/sections/Hero.tsx [Server Component]
    ./src/app/page.tsx [Server Component]

  Client Component SSR:
    ./src/components/ui/background-boxes.tsx [Client Component SSR]
    ./src/components/sections/Hero.tsx [Client Component SSR]
    ./src/components/sections/Hero.tsx [Server Component]
    ./src/app/page.tsx [Server Component] @ http://localhost:3000/_next/static/chunks/node_modules_next_dist_f3530cac._.js:3127
[   90770ms] [ERROR] ./src/components/ui/background-boxes.tsx:1:2
Parsing ecmascript source code failed
> 1 | o'use client'
    |  ^^^^^^^^^^^^
  2 |
  3 | import React, { useEffect, useRef } from 'react'
  4 | import { cn } from '@/lib/utils'

Expected ';', '}' or <eof>

Import traces:
  Client Component Browser:
    ./src/components/ui/background-boxes.tsx [Client Component Browser]
    ./src/components/sections/Hero.tsx [Client Component Browser]
    ./src/components/sections/Hero.tsx [Server Component]
    ./src/app/page.tsx [Server Component]

  Client Component SSR:
    ./src/components/ui/background-boxes.tsx [Client Component SSR]
    ./src/components/sections/Hero.tsx [Client Component SSR]
    ./src/components/sections/Hero.tsx [Server Component]
    ./src/app/page.tsx [Server Component] @ http://localhost:3000/_next/static/chunks/node_modules_next_dist_f3530cac._.js:3127
[   90836ms] [ERROR] ./src/components/ui/background-boxes.tsx:1:2
Parsing ecmascript source code failed
> 1 | o'use client'
    |  ^^^^^^^^^^^^
  2 |
  3 | import React, { useEffect, useRef } from 'react'
  4 | import { cn } from '@/lib/utils'

Expected ';', '}' or <eof>

Import traces:
  Client Component Browser:
    ./src/components/ui/background-boxes.tsx [Client Component Browser]
    ./src/components/sections/Hero.tsx [Client Component Browser]
    ./src/components/sections/Hero.tsx [Server Component]
    ./src/app/page.tsx [Server Component]

  Client Component SSR:
    ./src/components/ui/background-boxes.tsx [Client Component SSR]
    ./src/components/sections/Hero.tsx [Client Component SSR]
    ./src/components/sections/Hero.tsx [Server Component]
    ./src/app/page.tsx [Server Component] @ http://localhost:3000/_next/static/chunks/node_modules_next_dist_f3530cac._.js:3127
[   90906ms] [ERROR] ./src/components/ui/background-boxes.tsx:1:2
Parsing ecmascript source code failed
> 1 | o'use client'
    |  ^^^^^^^^^^^^
  2 |
  3 | import React, { useEffect, useRef } from 'react'
  4 | import { cn } from '@/lib/utils'

Expected ';', '}' or <eof>

Import traces:
  Client Component Browser:
    ./src/components/ui/background-boxes.tsx [Client Component Browser]
    ./src/components/sections/Hero.tsx [Client Component Browser]
    ./src/components/sections/Hero.tsx [Server Component]
    ./src/app/page.tsx [Server Component]

  Client Component SSR:
    ./src/components/ui/background-boxes.tsx [Client Component SSR]
    ./src/components/sections/Hero.tsx [Client Component SSR]
    ./src/components/sections/Hero.tsx [Server Component]
    ./src/app/page.tsx [Server Component] @ http://localhost:3000/_next/static/chunks/node_modules_next_dist_f3530cac._.js:3127
[   90972ms] [ERROR] ./src/components/ui/background-boxes.tsx:1:2
Parsing ecmascript source code failed
> 1 | o'use client'
    |  ^^^^^^^^^^^^
  2 |
  3 | import React, { useEffect, useRef } from 'react'
  4 | import { cn } from '@/lib/utils'

Expected ';', '}' or <eof>

Import traces:
  Client Component Browser:
    ./src/components/ui/background-boxes.tsx [Client Component Browser]
    ./src/components/sections/Hero.tsx [Client Component Browser]
    ./src/components/sections/Hero.tsx [Server Component]
    ./src/app/page.tsx [Server Component]

  Client Component SSR:
    ./src/components/ui/background-boxes.tsx [Client Component SSR]
    ./src/components/sections/Hero.tsx [Client Component SSR]
    ./src/components/sections/Hero.tsx [Server Component]
    ./src/app/page.tsx [Server Component] @ http://localhost:3000/_next/static/chunks/node_modules_next_dist_f3530cac._.js:3127
[   91058ms] [ERROR] ./src/components/ui/background-boxes.tsx:1:2
Parsing ecmascript source code failed
> 1 | o'use client'
    |  ^^^^^^^^^^^^
  2 |
  3 | import React, { useEffect, useRef } from 'react'
  4 | import { cn } from '@/lib/utils'

Expected ';', '}' or <eof>

Import traces:
  Client Component Browser:
    ./src/components/ui/background-boxes.tsx [Client Component Browser]
    ./src/components/sections/Hero.tsx [Client Component Browser]
    ./src/components/sections/Hero.tsx [Server Component]
    ./src/app/page.tsx [Server Component]

  Client Component SSR:
    ./src/components/ui/background-boxes.tsx [Client Component SSR]
    ./src/components/sections/Hero.tsx [Client Component SSR]
    ./src/components/sections/Hero.tsx [Server Component]
    ./src/app/page.tsx [Server Component] @ http://localhost:3000/_next/static/chunks/node_modules_next_dist_f3530cac._.js:3127
[   91145ms] [ERROR] ./src/components/ui/background-boxes.tsx:1:2
Parsing ecmascript source code failed
> 1 | o'use client'
    |  ^^^^^^^^^^^^
  2 |
  3 | import React, { useEffect, useRef } from 'react'
  4 | import { cn } from '@/lib/utils'

Expected ';', '}' or <eof>

Import traces:
  Client Component Browser:
    ./src/components/ui/background-boxes.tsx [Client Component Browser]
    ./src/components/sections/Hero.tsx [Client Component Browser]
    ./src/components/sections/Hero.tsx [Server Component]
    ./src/app/page.tsx [Server Component]

  Client Component SSR:
    ./src/components/ui/background-boxes.tsx [Client Component SSR]
    ./src/components/sections/Hero.tsx [Client Component SSR]
    ./src/components/sections/Hero.tsx [Server Component]
    ./src/app/page.tsx [Server Component] @ http://localhost:3000/_next/static/chunks/node_modules_next_dist_f3530cac._.js:3127
[   91236ms] [ERROR] ./src/components/ui/background-boxes.tsx:1:2
Parsing ecmascript source code failed
> 1 | o'use client'
    |  ^^^^^^^^^^^^
  2 |
  3 | import React, { useEffect, useRef } from 'react'
  4 | import { cn } from '@/lib/utils'

Expected ';', '}' or <eof>

Import traces:
  Client Component Browser:
    ./src/components/ui/background-boxes.tsx [Client Component Browser]
    ./src/components/sections/Hero.tsx [Client Component Browser]
    ./src/components/sections/Hero.tsx [Server Component]
    ./src/app/page.tsx [Server Component]

  Client Component SSR:
    ./src/components/ui/background-boxes.tsx [Client Component SSR]
    ./src/components/sections/Hero.tsx [Client Component SSR]
    ./src/components/sections/Hero.tsx [Server Component]
    ./src/app/page.tsx [Server Component] @ http://localhost:3000/_next/static/chunks/node_modules_next_dist_f3530cac._.js:3127
[   91306ms] [ERROR] ./src/components/ui/background-boxes.tsx:1:2
Parsing ecmascript source code failed
> 1 | o'use client'
    |  ^^^^^^^^^^^^
  2 |
  3 | import React, { useEffect, useRef } from 'react'
  4 | import { cn } from '@/lib/utils'

Expected ';', '}' or <eof>

Import traces:
  Client Component Browser:
    ./src/components/ui/background-boxes.tsx [Client Component Browser]
    ./src/components/sections/Hero.tsx [Client Component Browser]
    ./src/components/sections/Hero.tsx [Server Component]
    ./src/app/page.tsx [Server Component]

  Client Component SSR:
    ./src/components/ui/background-boxes.tsx [Client Component SSR]
    ./src/components/sections/Hero.tsx [Client Component SSR]
    ./src/components/sections/Hero.tsx [Server Component]
    ./src/app/page.tsx [Server Component] @ http://localhost:3000/_next/static/chunks/node_modules_next_dist_f3530cac._.js:3127
[   91392ms] [ERROR] ./src/components/ui/background-boxes.tsx:1:2
Parsing ecmascript source code failed
> 1 | o'use client'
    |  ^^^^^^^^^^^^
  2 |
  3 | import React, { useEffect, useRef } from 'react'
  4 | import { cn } from '@/lib/utils'

Expected ';', '}' or <eof>

Import traces:
  Client Component Browser:
    ./src/components/ui/background-boxes.tsx [Client Component Browser]
    ./src/components/sections/Hero.tsx [Client Component Browser]
    ./src/components/sections/Hero.tsx [Server Component]
    ./src/app/page.tsx [Server Component]

  Client Component SSR:
    ./src/components/ui/background-boxes.tsx [Client Component SSR]
    ./src/components/sections/Hero.tsx [Client Component SSR]
    ./src/components/sections/Hero.tsx [Server Component]
    ./src/app/page.tsx [Server Component] @ http://localhost:3000/_next/static/chunks/node_modules_next_dist_f3530cac._.js:3127
[   91482ms] [ERROR] ./src/components/ui/background-boxes.tsx:1:2
Parsing ecmascript source code failed
> 1 | o'use client'
    |  ^^^^^^^^^^^^
  2 |
  3 | import React, { useEffect, useRef } from 'react'
  4 | import { cn } from '@/lib/utils'

Expected ';', '}' or <eof>

Import traces:
  Client Component Browser:
    ./src/components/ui/background-boxes.tsx [Client Component Browser]
    ./src/components/sections/Hero.tsx [Client Component Browser]
    ./src/components/sections/Hero.tsx [Server Component]
    ./src/app/page.tsx [Server Component]

  Client Component SSR:
    ./src/components/ui/background-boxes.tsx [Client Component SSR]
    ./src/components/sections/Hero.tsx [Client Component SSR]
    ./src/components/sections/Hero.tsx [Server Component]
    ./src/app/page.tsx [Server Component] @ http://localhost:3000/_next/static/chunks/node_modules_next_dist_f3530cac._.js:3127
[   91569ms] [ERROR] ./src/components/ui/background-boxes.tsx:1:2
Parsing ecmascript source code failed
> 1 | o'use client'
    |  ^^^^^^^^^^^^
  2 |
  3 | import React, { useEffect, useRef } from 'react'
  4 | import { cn } from '@/lib/utils'

Expected ';', '}' or <eof>

Import traces:
  Client Component Browser:
    ./src/components/ui/background-boxes.tsx [Client Component Browser]
    ./src/components/sections/Hero.tsx [Client Component Browser]
    ./src/components/sections/Hero.tsx [Server Component]
    ./src/app/page.tsx [Server Component]

  Client Component SSR:
    ./src/components/ui/background-boxes.tsx [Client Component SSR]
    ./src/components/sections/Hero.tsx [Client Component SSR]
    ./src/components/sections/Hero.tsx [Server Component]
    ./src/app/page.tsx [Server Component] @ http://localhost:3000/_next/static/chunks/node_modules_next_dist_f3530cac._.js:3127
[   91662ms] [ERROR] ./src/components/ui/background-boxes.tsx:1:2
Parsing ecmascript source code failed
> 1 | o'use client'
    |  ^^^^^^^^^^^^
  2 |
  3 | import React, { useEffect, useRef } from 'react'
  4 | import { cn } from '@/lib/utils'

Expected ';', '}' or <eof>

Import traces:
  Client Component Browser:
    ./src/components/ui/background-boxes.tsx [Client Component Browser]
    ./src/components/sections/Hero.tsx [Client Component Browser]
    ./src/components/sections/Hero.tsx [Server Component]
    ./src/app/page.tsx [Server Component]

  Client Component SSR:
    ./src/components/ui/background-boxes.tsx [Client Component SSR]
    ./src/components/sections/Hero.tsx [Client Component SSR]
    ./src/components/sections/Hero.tsx [Server Component]
    ./src/app/page.tsx [Server Component] @ http://localhost:3000/_next/static/chunks/node_modules_next_dist_f3530cac._.js:3127
[   91765ms] [ERROR] ./src/components/ui/background-boxes.tsx:1:2
Parsing ecmascript source code failed
> 1 | o'use client'
    |  ^^^^^^^^^^^^
  2 |
  3 | import React, { useEffect, useRef } from 'react'
  4 | import { cn } from '@/lib/utils'

Expected ';', '}' or <eof>

Import traces:
  Client Component Browser:
    ./src/components/ui/background-boxes.tsx [Client Component Browser]
    ./src/components/sections/Hero.tsx [Client Component Browser]
    ./src/components/sections/Hero.tsx [Server Component]
    ./src/app/page.tsx [Server Component]

  Client Component SSR:
    ./src/components/ui/background-boxes.tsx [Client Component SSR]
    ./src/components/sections/Hero.tsx [Client Component SSR]
    ./src/components/sections/Hero.tsx [Server Component]
    ./src/app/page.tsx [Server Component] @ http://localhost:3000/_next/static/chunks/node_modules_next_dist_f3530cac._.js:3127
[   91853ms] [ERROR] ./src/components/ui/background-boxes.tsx:1:2
Parsing ecmascript source code failed
> 1 | o'use client'
    |  ^^^^^^^^^^^^
  2 |
  3 | import React, { useEffect, useRef } from 'react'
  4 | import { cn } from '@/lib/utils'

Expected ';', '}' or <eof>

Import traces:
  Client Component Browser:
    ./src/components/ui/background-boxes.tsx [Client Component Browser]
    ./src/components/sections/Hero.tsx [Client Component Browser]
    ./src/components/sections/Hero.tsx [Server Component]
    ./src/app/page.tsx [Server Component]

  Client Component SSR:
    ./src/components/ui/background-boxes.tsx [Client Component SSR]
    ./src/components/sections/Hero.tsx [Client Component SSR]
    ./src/components/sections/Hero.tsx [Server Component]
    ./src/app/page.tsx [Server Component] @ http://localhost:3000/_next/static/chunks/node_modules_next_dist_f3530cac._.js:3127
[   91947ms] [ERROR] ./src/components/ui/background-boxes.tsx:1:2
Parsing ecmascript source code failed
> 1 | o'use client'
    |  ^^^^^^^^^^^^
  2 |
  3 | import React, { useEffect, useRef } from 'react'
  4 | import { cn } from '@/lib/utils'

Expected ';', '}' or <eof>

Import traces:
  Client Component Browser:
    ./src/components/ui/background-boxes.tsx [Client Component Browser]
    ./src/components/sections/Hero.tsx [Client Component Browser]
    ./src/components/sections/Hero.tsx [Server Component]
    ./src/app/page.tsx [Server Component]

  Client Component SSR:
    ./src/components/ui/background-boxes.tsx [Client Component SSR]
    ./src/components/sections/Hero.tsx [Client Component SSR]
    ./src/components/sections/Hero.tsx [Server Component]
    ./src/app/page.tsx [Server Component] @ http://localhost:3000/_next/static/chunks/node_modules_next_dist_f3530cac._.js:3127
[   92043ms] [ERROR] ./src/components/ui/background-boxes.tsx:1:2
Parsing ecmascript source code failed
> 1 | o'use client'
    |  ^^^^^^^^^^^^
  2 |
  3 | import React, { useEffect, useRef } from 'react'
  4 | import { cn } from '@/lib/utils'

Expected ';', '}' or <eof>

Import traces:
  Client Component Browser:
    ./src/components/ui/background-boxes.tsx [Client Component Browser]
    ./src/components/sections/Hero.tsx [Client Component Browser]
    ./src/components/sections/Hero.tsx [Server Component]
    ./src/app/page.tsx [Server Component]

  Client Component SSR:
    ./src/components/ui/background-boxes.tsx [Client Component SSR]
    ./src/components/sections/Hero.tsx [Client Component SSR]
    ./src/components/sections/Hero.tsx [Server Component]
    ./src/app/page.tsx [Server Component] @ http://localhost:3000/_next/static/chunks/node_modules_next_dist_f3530cac._.js:3127
[   92133ms] [ERROR] ./src/components/ui/background-boxes.tsx:1:2
Parsing ecmascript source code failed
> 1 | o'use client'
    |  ^^^^^^^^^^^^
  2 |
  3 | import React, { useEffect, useRef } from 'react'
  4 | import { cn } from '@/lib/utils'

Expected ';', '}' or <eof>

Import traces:
  Client Component Browser:
    ./src/components/ui/background-boxes.tsx [Client Component Browser]
    ./src/components/sections/Hero.tsx [Client Component Browser]
    ./src/components/sections/Hero.tsx [Server Component]
    ./src/app/page.tsx [Server Component]

  Client Component SSR:
    ./src/components/ui/background-boxes.tsx [Client Component SSR]
    ./src/components/sections/Hero.tsx [Client Component SSR]
    ./src/components/sections/Hero.tsx [Server Component]
    ./src/app/page.tsx [Server Component] @ http://localhost:3000/_next/static/chunks/node_modules_next_dist_f3530cac._.js:3127
[   92206ms] [ERROR] ./src/components/ui/background-boxes.tsx:1:2
Parsing ecmascript source code failed
> 1 | o'use client'
    |  ^^^^^^^^^^^^
  2 |
  3 | import React, { useEffect, useRef } from 'react'
  4 | import { cn } from '@/lib/utils'

Expected ';', '}' or <eof>

Import traces:
  Client Component Browser:
    ./src/components/ui/background-boxes.tsx [Client Component Browser]
    ./src/components/sections/Hero.tsx [Client Component Browser]
    ./src/components/sections/Hero.tsx [Server Component]
    ./src/app/page.tsx [Server Component]

  Client Component SSR:
    ./src/components/ui/background-boxes.tsx [Client Component SSR]
    ./src/components/sections/Hero.tsx [Client Component SSR]
    ./src/components/sections/Hero.tsx [Server Component]
    ./src/app/page.tsx [Server Component] @ http://localhost:3000/_next/static/chunks/node_modules_next_dist_f3530cac._.js:3127
[   92298ms] [ERROR] ./src/components/ui/background-boxes.tsx:1:2
Parsing ecmascript source code failed
> 1 | o'use client'
    |  ^^^^^^^^^^^^
  2 |
  3 | import React, { useEffect, useRef } from 'react'
  4 | import { cn } from '@/lib/utils'

Expected ';', '}' or <eof>

Import traces:
  Client Component Browser:
    ./src/components/ui/background-boxes.tsx [Client Component Browser]
    ./src/components/sections/Hero.tsx [Client Component Browser]
    ./src/components/sections/Hero.tsx [Server Component]
    ./src/app/page.tsx [Server Component]

  Client Component SSR:
    ./src/components/ui/background-boxes.tsx [Client Component SSR]
    ./src/components/sections/Hero.tsx [Client Component SSR]
    ./src/components/sections/Hero.tsx [Server Component]
    ./src/app/page.tsx [Server Component] @ http://localhost:3000/_next/static/chunks/node_modules_next_dist_f3530cac._.js:3127
[   92396ms] [ERROR] ./src/components/ui/background-boxes.tsx:1:2
Parsing ecmascript source code failed
> 1 | o'use client'
    |  ^^^^^^^^^^^^
  2 |
  3 | import React, { useEffect, useRef } from 'react'
  4 | import { cn } from '@/lib/utils'

Expected ';', '}' or <eof>

Import traces:
  Client Component Browser:
    ./src/components/ui/background-boxes.tsx [Client Component Browser]
    ./src/components/sections/Hero.tsx [Client Component Browser]
    ./src/components/sections/Hero.tsx [Server Component]
    ./src/app/page.tsx [Server Component]

  Client Component SSR:
    ./src/components/ui/background-boxes.tsx [Client Component SSR]
    ./src/components/sections/Hero.tsx [Client Component SSR]
    ./src/components/sections/Hero.tsx [Server Component]
    ./src/app/page.tsx [Server Component] @ http://localhost:3000/_next/static/chunks/node_modules_next_dist_f3530cac._.js:3127
[   92494ms] [ERROR] ./src/components/ui/background-boxes.tsx:1:2
Parsing ecmascript source code failed
> 1 | o'use client'
    |  ^^^^^^^^^^^^
  2 |
  3 | import React, { useEffect, useRef } from 'react'
  4 | import { cn } from '@/lib/utils'

Expected ';', '}' or <eof>

Import traces:
  Client Component Browser:
    ./src/components/ui/background-boxes.tsx [Client Component Browser]
    ./src/components/sections/Hero.tsx [Client Component Browser]
    ./src/components/sections/Hero.tsx [Server Component]
    ./src/app/page.tsx [Server Component]

  Client Component SSR:
    ./src/components/ui/background-boxes.tsx [Client Component SSR]
    ./src/components/sections/Hero.tsx [Client Component SSR]
    ./src/components/sections/Hero.tsx [Server Component]
    ./src/app/page.tsx [Server Component] @ http://localhost:3000/_next/static/chunks/node_modules_next_dist_f3530cac._.js:3127
[   92569ms] [ERROR] ./src/components/ui/background-boxes.tsx:1:2
Parsing ecmascript source code failed
> 1 | o'use client'
    |  ^^^^^^^^^^^^
  2 |
  3 | import React, { useEffect, useRef } from 'react'
  4 | import { cn } from '@/lib/utils'

Expected ';', '}' or <eof>

Import traces:
  Client Component Browser:
    ./src/components/ui/background-boxes.tsx [Client Component Browser]
    ./src/components/sections/Hero.tsx [Client Component Browser]
    ./src/components/sections/Hero.tsx [Server Component]
    ./src/app/page.tsx [Server Component]

  Client Component SSR:
    ./src/components/ui/background-boxes.tsx [Client Component SSR]
    ./src/components/sections/Hero.tsx [Client Component SSR]
    ./src/components/sections/Hero.tsx [Server Component]
    ./src/app/page.tsx [Server Component] @ http://localhost:3000/_next/static/chunks/node_modules_next_dist_f3530cac._.js:3127
[   92639ms] [ERROR] ./src/components/ui/background-boxes.tsx:1:2
Parsing ecmascript source code failed
> 1 | o'use client'
    |  ^^^^^^^^^^^^
  2 |
  3 | import React, { useEffect, useRef } from 'react'
  4 | import { cn } from '@/lib/utils'

Expected ';', '}' or <eof>

Import traces:
  Client Component Browser:
    ./src/components/ui/background-boxes.tsx [Client Component Browser]
    ./src/components/sections/Hero.tsx [Client Component Browser]
    ./src/components/sections/Hero.tsx [Server Component]
    ./src/app/page.tsx [Server Component]

  Client Component SSR:
    ./src/components/ui/background-boxes.tsx [Client Component SSR]
    ./src/components/sections/Hero.tsx [Client Component SSR]
    ./src/components/sections/Hero.tsx [Server Component]
    ./src/app/page.tsx [Server Component] @ http://localhost:3000/_next/static/chunks/node_modules_next_dist_f3530cac._.js:3127
[   92726ms] [ERROR] ./src/components/ui/background-boxes.tsx:1:2
Parsing ecmascript source code failed
> 1 | o'use client'
    |  ^^^^^^^^^^^^
  2 |
  3 | import React, { useEffect, useRef } from 'react'
  4 | import { cn } from '@/lib/utils'

Expected ';', '}' or <eof>

Import traces:
  Client Component Browser:
    ./src/components/ui/background-boxes.tsx [Client Component Browser]
    ./src/components/sections/Hero.tsx [Client Component Browser]
    ./src/components/sections/Hero.tsx [Server Component]
    ./src/app/page.tsx [Server Component]

  Client Component SSR:
    ./src/components/ui/background-boxes.tsx [Client Component SSR]
    ./src/components/sections/Hero.tsx [Client Component SSR]
    ./src/components/sections/Hero.tsx [Server Component]
    ./src/app/page.tsx [Server Component] @ http://localhost:3000/_next/static/chunks/node_modules_next_dist_f3530cac._.js:3127
[   92788ms] [ERROR] ./src/components/ui/background-boxes.tsx:1:2
Parsing ecmascript source code failed
> 1 | o'use client'
    |  ^^^^^^^^^^^^
  2 |
  3 | import React, { useEffect, useRef } from 'react'
  4 | import { cn } from '@/lib/utils'

Expected ';', '}' or <eof>

Import traces:
  Client Component Browser:
    ./src/components/ui/background-boxes.tsx [Client Component Browser]
    ./src/components/sections/Hero.tsx [Client Component Browser]
    ./src/components/sections/Hero.tsx [Server Component]
    ./src/app/page.tsx [Server Component]

  Client Component SSR:
    ./src/components/ui/background-boxes.tsx [Client Component SSR]
    ./src/components/sections/Hero.tsx [Client Component SSR]
    ./src/components/sections/Hero.tsx [Server Component]
    ./src/app/page.tsx [Server Component] @ http://localhost:3000/_next/static/chunks/node_modules_next_dist_f3530cac._.js:3127
[   92877ms] [ERROR] ./src/components/ui/background-boxes.tsx:1:2
Parsing ecmascript source code failed
> 1 | o'use client'
    |  ^^^^^^^^^^^^
  2 |
  3 | import React, { useEffect, useRef } from 'react'
  4 | import { cn } from '@/lib/utils'

Expected ';', '}' or <eof>

Import traces:
  Client Component Browser:
    ./src/components/ui/background-boxes.tsx [Client Component Browser]
    ./src/components/sections/Hero.tsx [Client Component Browser]
    ./src/components/sections/Hero.tsx [Server Component]
    ./src/app/page.tsx [Server Component]

  Client Component SSR:
    ./src/components/ui/background-boxes.tsx [Client Component SSR]
    ./src/components/sections/Hero.tsx [Client Component SSR]
    ./src/components/sections/Hero.tsx [Server Component]
    ./src/app/page.tsx [Server Component] @ http://localhost:3000/_next/static/chunks/node_modules_next_dist_f3530cac._.js:3127
[   92963ms] [ERROR] ./src/components/ui/background-boxes.tsx:1:2
Parsing ecmascript source code failed
> 1 | o'use client'
    |  ^^^^^^^^^^^^
  2 |
  3 | import React, { useEffect, useRef } from 'react'
  4 | import { cn } from '@/lib/utils'

Expected ';', '}' or <eof>

Import traces:
  Client Component Browser:
    ./src/components/ui/background-boxes.tsx [Client Component Browser]
    ./src/components/sections/Hero.tsx [Client Component Browser]
    ./src/components/sections/Hero.tsx [Server Component]
    ./src/app/page.tsx [Server Component]

  Client Component SSR:
    ./src/components/ui/background-boxes.tsx [Client Component SSR]
    ./src/components/sections/Hero.tsx [Client Component SSR]
    ./src/components/sections/Hero.tsx [Server Component]
    ./src/app/page.tsx [Server Component] @ http://localhost:3000/_next/static/chunks/node_modules_next_dist_f3530cac._.js:3127
[   93037ms] [ERROR] ./src/components/ui/background-boxes.tsx:1:2
Parsing ecmascript source code failed
> 1 | o'use client'
    |  ^^^^^^^^^^^^
  2 |
  3 | import React, { useEffect, useRef } from 'react'
  4 | import { cn } from '@/lib/utils'

Expected ';', '}' or <eof>

Import traces:
  Client Component Browser:
    ./src/components/ui/background-boxes.tsx [Client Component Browser]
    ./src/components/sections/Hero.tsx [Client Component Browser]
    ./src/components/sections/Hero.tsx [Server Component]
    ./src/app/page.tsx [Server Component]

  Client Component SSR:
    ./src/components/ui/background-boxes.tsx [Client Component SSR]
    ./src/components/sections/Hero.tsx [Client Component SSR]
    ./src/components/sections/Hero.tsx [Server Component]
    ./src/app/page.tsx [Server Component] @ http://localhost:3000/_next/static/chunks/node_modules_next_dist_f3530cac._.js:3127
[   93127ms] [ERROR] ./src/components/ui/background-boxes.tsx:1:2
Parsing ecmascript source code failed
> 1 | o'use client'
    |  ^^^^^^^^^^^^
  2 |
  3 | import React, { useEffect, useRef } from 'react'
  4 | import { cn } from '@/lib/utils'

Expected ';', '}' or <eof>

Import traces:
  Client Component Browser:
    ./src/components/ui/background-boxes.tsx [Client Component Browser]
    ./src/components/sections/Hero.tsx [Client Component Browser]
    ./src/components/sections/Hero.tsx [Server Component]
    ./src/app/page.tsx [Server Component]

  Client Component SSR:
    ./src/components/ui/background-boxes.tsx [Client Component SSR]
    ./src/components/sections/Hero.tsx [Client Component SSR]
    ./src/components/sections/Hero.tsx [Server Component]
    ./src/app/page.tsx [Server Component] @ http://localhost:3000/_next/static/chunks/node_modules_next_dist_f3530cac._.js:3127
[   93218ms] [ERROR] ./src/components/ui/background-boxes.tsx:1:2
Parsing ecmascript source code failed
> 1 | o'use client'
    |  ^^^^^^^^^^^^
  2 |
  3 | import React, { useEffect, useRef } from 'react'
  4 | import { cn } from '@/lib/utils'

Expected ';', '}' or <eof>

Import traces:
  Client Component Browser:
    ./src/components/ui/background-boxes.tsx [Client Component Browser]
    ./src/components/sections/Hero.tsx [Client Component Browser]
    ./src/components/sections/Hero.tsx [Server Component]
    ./src/app/page.tsx [Server Component]

  Client Component SSR:
    ./src/components/ui/background-boxes.tsx [Client Component SSR]
    ./src/components/sections/Hero.tsx [Client Component SSR]
    ./src/components/sections/Hero.tsx [Server Component]
    ./src/app/page.tsx [Server Component] @ http://localhost:3000/_next/static/chunks/node_modules_next_dist_f3530cac._.js:3127
[   93288ms] [ERROR] ./src/components/ui/background-boxes.tsx:1:2
Parsing ecmascript source code failed
> 1 | o'use client'
    |  ^^^^^^^^^^^^
  2 |
  3 | import React, { useEffect, useRef } from 'react'
  4 | import { cn } from '@/lib/utils'

Expected ';', '}' or <eof>

Import traces:
  Client Component Browser:
    ./src/components/ui/background-boxes.tsx [Client Component Browser]
    ./src/components/sections/Hero.tsx [Client Component Browser]
    ./src/components/sections/Hero.tsx [Server Component]
    ./src/app/page.tsx [Server Component]

  Client Component SSR:
    ./src/components/ui/background-boxes.tsx [Client Component SSR]
    ./src/components/sections/Hero.tsx [Client Component SSR]
    ./src/components/sections/Hero.tsx [Server Component]
    ./src/app/page.tsx [Server Component] @ http://localhost:3000/_next/static/chunks/node_modules_next_dist_f3530cac._.js:3127
[   93382ms] [ERROR] ./src/components/ui/background-boxes.tsx:1:2
Parsing ecmascript source code failed
> 1 | o'use client'
    |  ^^^^^^^^^^^^
  2 |
  3 | import React, { useEffect, useRef } from 'react'
  4 | import { cn } from '@/lib/utils'

Expected ';', '}' or <eof>

Import traces:
  Client Component Browser:
    ./src/components/ui/background-boxes.tsx [Client Component Browser]
    ./src/components/sections/Hero.tsx [Client Component Browser]
    ./src/components/sections/Hero.tsx [Server Component]
    ./src/app/page.tsx [Server Component]

  Client Component SSR:
    ./src/components/ui/background-boxes.tsx [Client Component SSR]
    ./src/components/sections/Hero.tsx [Client Component SSR]
    ./src/components/sections/Hero.tsx [Server Component]
    ./src/app/page.tsx [Server Component] @ http://localhost:3000/_next/static/chunks/node_modules_next_dist_f3530cac._.js:3127
[   93475ms] [ERROR] ./src/components/ui/background-boxes.tsx:1:2
Parsing ecmascript source code failed
> 1 | o'use client'
    |  ^^^^^^^^^^^^
  2 |
  3 | import React, { useEffect, useRef } from 'react'
  4 | import { cn } from '@/lib/utils'

Expected ';', '}' or <eof>

Import traces:
  Client Component Browser:
    ./src/components/ui/background-boxes.tsx [Client Component Browser]
    ./src/components/sections/Hero.tsx [Client Component Browser]
    ./src/components/sections/Hero.tsx [Server Component]
    ./src/app/page.tsx [Server Component]

  Client Component SSR:
    ./src/components/ui/background-boxes.tsx [Client Component SSR]
    ./src/components/sections/Hero.tsx [Client Component SSR]
    ./src/components/sections/Hero.tsx [Server Component]
    ./src/app/page.tsx [Server Component] @ http://localhost:3000/_next/static/chunks/node_modules_next_dist_f3530cac._.js:3127
[   93554ms] [ERROR] ./src/components/ui/background-boxes.tsx:1:2
Parsing ecmascript source code failed
> 1 | o'use client'
    |  ^^^^^^^^^^^^
  2 |
  3 | import React, { useEffect, useRef } from 'react'
  4 | import { cn } from '@/lib/utils'

Expected ';', '}' or <eof>

Import traces:
  Client Component Browser:
    ./src/components/ui/background-boxes.tsx [Client Component Browser]
    ./src/components/sections/Hero.tsx [Client Component Browser]
    ./src/components/sections/Hero.tsx [Server Component]
    ./src/app/page.tsx [Server Component]

  Client Component SSR:
    ./src/components/ui/background-boxes.tsx [Client Component SSR]
    ./src/components/sections/Hero.tsx [Client Component SSR]
    ./src/components/sections/Hero.tsx [Server Component]
    ./src/app/page.tsx [Server Component] @ http://localhost:3000/_next/static/chunks/node_modules_next_dist_f3530cac._.js:3127
[   93644ms] [ERROR] ./src/components/ui/background-boxes.tsx:1:2
Parsing ecmascript source code failed
> 1 | o'use client'
    |  ^^^^^^^^^^^^
  2 |
  3 | import React, { useEffect, useRef } from 'react'
  4 | import { cn } from '@/lib/utils'

Expected ';', '}' or <eof>

Import traces:
  Client Component Browser:
    ./src/components/ui/background-boxes.tsx [Client Component Browser]
    ./src/components/sections/Hero.tsx [Client Component Browser]
    ./src/components/sections/Hero.tsx [Server Component]
    ./src/app/page.tsx [Server Component]

  Client Component SSR:
    ./src/components/ui/background-boxes.tsx [Client Component SSR]
    ./src/components/sections/Hero.tsx [Client Component SSR]
    ./src/components/sections/Hero.tsx [Server Component]
    ./src/app/page.tsx [Server Component] @ http://localhost:3000/_next/static/chunks/node_modules_next_dist_f3530cac._.js:3127
[   93736ms] [ERROR] ./src/components/ui/background-boxes.tsx:1:2
Parsing ecmascript source code failed
> 1 | o'use client'
    |  ^^^^^^^^^^^^
  2 |
  3 | import React, { useEffect, useRef } from 'react'
  4 | import { cn } from '@/lib/utils'

Expected ';', '}' or <eof>

Import traces:
  Client Component Browser:
    ./src/components/ui/background-boxes.tsx [Client Component Browser]
    ./src/components/sections/Hero.tsx [Client Component Browser]
    ./src/components/sections/Hero.tsx [Server Component]
    ./src/app/page.tsx [Server Component]

  Client Component SSR:
    ./src/components/ui/background-boxes.tsx [Client Component SSR]
    ./src/components/sections/Hero.tsx [Client Component SSR]
    ./src/components/sections/Hero.tsx [Server Component]
    ./src/app/page.tsx [Server Component] @ http://localhost:3000/_next/static/chunks/node_modules_next_dist_f3530cac._.js:3127
[   93830ms] [ERROR] ./src/components/ui/background-boxes.tsx:1:2
Parsing ecmascript source code failed
> 1 | o'use client'
    |  ^^^^^^^^^^^^
  2 |
  3 | import React, { useEffect, useRef } from 'react'
  4 | import { cn } from '@/lib/utils'

Expected ';', '}' or <eof>

Import traces:
  Client Component Browser:
    ./src/components/ui/background-boxes.tsx [Client Component Browser]
    ./src/components/sections/Hero.tsx [Client Component Browser]
    ./src/components/sections/Hero.tsx [Server Component]
    ./src/app/page.tsx [Server Component]

  Client Component SSR:
    ./src/components/ui/background-boxes.tsx [Client Component SSR]
    ./src/components/sections/Hero.tsx [Client Component SSR]
    ./src/components/sections/Hero.tsx [Server Component]
    ./src/app/page.tsx [Server Component] @ http://localhost:3000/_next/static/chunks/node_modules_next_dist_f3530cac._.js:3127
[   93919ms] [ERROR] ./src/components/ui/background-boxes.tsx:1:2
Parsing ecmascript source code failed
> 1 | o'use client'
    |  ^^^^^^^^^^^^
  2 |
  3 | import React, { useEffect, useRef } from 'react'
  4 | import { cn } from '@/lib/utils'

Expected ';', '}' or <eof>

Import traces:
  Client Component Browser:
    ./src/components/ui/background-boxes.tsx [Client Component Browser]
    ./src/components/sections/Hero.tsx [Client Component Browser]
    ./src/components/sections/Hero.tsx [Server Component]
    ./src/app/page.tsx [Server Component]

  Client Component SSR:
    ./src/components/ui/background-boxes.tsx [Client Component SSR]
    ./src/components/sections/Hero.tsx [Client Component SSR]
    ./src/components/sections/Hero.tsx [Server Component]
    ./src/app/page.tsx [Server Component] @ http://localhost:3000/_next/static/chunks/node_modules_next_dist_f3530cac._.js:3127
[   94012ms] [ERROR] ./src/components/ui/background-boxes.tsx:1:2
Parsing ecmascript source code failed
> 1 | o'use client'
    |  ^^^^^^^^^^^^
  2 |
  3 | import React, { useEffect, useRef } from 'react'
  4 | import { cn } from '@/lib/utils'

Expected ';', '}' or <eof>

Import traces:
  Client Component Browser:
    ./src/components/ui/background-boxes.tsx [Client Component Browser]
    ./src/components/sections/Hero.tsx [Client Component Browser]
    ./src/components/sections/Hero.tsx [Server Component]
    ./src/app/page.tsx [Server Component]

  Client Component SSR:
    ./src/components/ui/background-boxes.tsx [Client Component SSR]
    ./src/components/sections/Hero.tsx [Client Component SSR]
    ./src/components/sections/Hero.tsx [Server Component]
    ./src/app/page.tsx [Server Component] @ http://localhost:3000/_next/static/chunks/node_modules_next_dist_f3530cac._.js:3127
[   94101ms] [ERROR] ./src/components/ui/background-boxes.tsx:1:2
Parsing ecmascript source code failed
> 1 | o'use client'
    |  ^^^^^^^^^^^^
  2 |
  3 | import React, { useEffect, useRef } from 'react'
  4 | import { cn } from '@/lib/utils'

Expected ';', '}' or <eof>

Import traces:
  Client Component Browser:
    ./src/components/ui/background-boxes.tsx [Client Component Browser]
    ./src/components/sections/Hero.tsx [Client Component Browser]
    ./src/components/sections/Hero.tsx [Server Component]
    ./src/app/page.tsx [Server Component]

  Client Component SSR:
    ./src/components/ui/background-boxes.tsx [Client Component SSR]
    ./src/components/sections/Hero.tsx [Client Component SSR]
    ./src/components/sections/Hero.tsx [Server Component]
    ./src/app/page.tsx [Server Component] @ http://localhost:3000/_next/static/chunks/node_modules_next_dist_f3530cac._.js:3127
[   94201ms] [ERROR] ./src/components/ui/background-boxes.tsx:1:2
Parsing ecmascript source code failed
> 1 | o'use client'
    |  ^^^^^^^^^^^^
  2 |
  3 | import React, { useEffect, useRef } from 'react'
  4 | import { cn } from '@/lib/utils'

Expected ';', '}' or <eof>

Import traces:
  Client Component Browser:
    ./src/components/ui/background-boxes.tsx [Client Component Browser]
    ./src/components/sections/Hero.tsx [Client Component Browser]
    ./src/components/sections/Hero.tsx [Server Component]
    ./src/app/page.tsx [Server Component]

  Client Component SSR:
    ./src/components/ui/background-boxes.tsx [Client Component SSR]
    ./src/components/sections/Hero.tsx [Client Component SSR]
    ./src/components/sections/Hero.tsx [Server Component]
    ./src/app/page.tsx [Server Component] @ http://localhost:3000/_next/static/chunks/node_modules_next_dist_f3530cac._.js:3127
[   94289ms] [ERROR] ./src/components/ui/background-boxes.tsx:1:2
Parsing ecmascript source code failed
> 1 | o'use client'
    |  ^^^^^^^^^^^^
  2 |
  3 | import React, { useEffect, useRef } from 'react'
  4 | import { cn } from '@/lib/utils'

Expected ';', '}' or <eof>

Import traces:
  Client Component Browser:
    ./src/components/ui/background-boxes.tsx [Client Component Browser]
    ./src/components/sections/Hero.tsx [Client Component Browser]
    ./src/components/sections/Hero.tsx [Server Component]
    ./src/app/page.tsx [Server Component]

  Client Component SSR:
    ./src/components/ui/background-boxes.tsx [Client Component SSR]
    ./src/components/sections/Hero.tsx [Client Component SSR]
    ./src/components/sections/Hero.tsx [Server Component]
    ./src/app/page.tsx [Server Component] @ http://localhost:3000/_next/static/chunks/node_modules_next_dist_f3530cac._.js:3127
[   94367ms] [ERROR] ./src/components/ui/background-boxes.tsx:1:2
Parsing ecmascript source code failed
> 1 | o'use client'
    |  ^^^^^^^^^^^^
  2 |
  3 | import React, { useEffect, useRef } from 'react'
  4 | import { cn } from '@/lib/utils'

Expected ';', '}' or <eof>

Import traces:
  Client Component Browser:
    ./src/components/ui/background-boxes.tsx [Client Component Browser]
    ./src/components/sections/Hero.tsx [Client Component Browser]
    ./src/components/sections/Hero.tsx [Server Component]
    ./src/app/page.tsx [Server Component]

  Client Component SSR:
    ./src/components/ui/background-boxes.tsx [Client Component SSR]
    ./src/components/sections/Hero.tsx [Client Component SSR]
    ./src/components/sections/Hero.tsx [Server Component]
    ./src/app/page.tsx [Server Component] @ http://localhost:3000/_next/static/chunks/node_modules_next_dist_f3530cac._.js:3127
[   94452ms] [ERROR] ./src/components/ui/background-boxes.tsx:1:2
Parsing ecmascript source code failed
> 1 | o'use client'
    |  ^^^^^^^^^^^^
  2 |
  3 | import React, { useEffect, useRef } from 'react'
  4 | import { cn } from '@/lib/utils'

Expected ';', '}' or <eof>

Import traces:
  Client Component Browser:
    ./src/components/ui/background-boxes.tsx [Client Component Browser]
    ./src/components/sections/Hero.tsx [Client Component Browser]
    ./src/components/sections/Hero.tsx [Server Component]
    ./src/app/page.tsx [Server Component]

  Client Component SSR:
    ./src/components/ui/background-boxes.tsx [Client Component SSR]
    ./src/components/sections/Hero.tsx [Client Component SSR]
    ./src/components/sections/Hero.tsx [Server Component]
    ./src/app/page.tsx [Server Component] @ http://localhost:3000/_next/static/chunks/node_modules_next_dist_f3530cac._.js:3127
[   94553ms] [ERROR] ./src/components/ui/background-boxes.tsx:1:2
Parsing ecmascript source code failed
> 1 | o'use client'
    |  ^^^^^^^^^^^^
  2 |
  3 | import React, { useEffect, useRef } from 'react'
  4 | import { cn } from '@/lib/utils'

Expected ';', '}' or <eof>

Import traces:
  Client Component Browser:
    ./src/components/ui/background-boxes.tsx [Client Component Browser]
    ./src/components/sections/Hero.tsx [Client Component Browser]
    ./src/components/sections/Hero.tsx [Server Component]
    ./src/app/page.tsx [Server Component]

  Client Component SSR:
    ./src/components/ui/background-boxes.tsx [Client Component SSR]
    ./src/components/sections/Hero.tsx [Client Component SSR]
    ./src/components/sections/Hero.tsx [Server Component]
    ./src/app/page.tsx [Server Component] @ http://localhost:3000/_next/static/chunks/node_modules_next_dist_f3530cac._.js:3127
[   94647ms] [ERROR] ./src/components/ui/background-boxes.tsx:1:2
Parsing ecmascript source code failed
> 1 | o'use client'
    |  ^^^^^^^^^^^^
  2 |
  3 | import React, { useEffect, useRef } from 'react'
  4 | import { cn } from '@/lib/utils'

Expected ';', '}' or <eof>

Import traces:
  Client Component Browser:
    ./src/components/ui/background-boxes.tsx [Client Component Browser]
    ./src/components/sections/Hero.tsx [Client Component Browser]
    ./src/components/sections/Hero.tsx [Server Component]
    ./src/app/page.tsx [Server Component]

  Client Component SSR:
    ./src/components/ui/background-boxes.tsx [Client Component SSR]
    ./src/components/sections/Hero.tsx [Client Component SSR]
    ./src/components/sections/Hero.tsx [Server Component]
    ./src/app/page.tsx [Server Component] @ http://localhost:3000/_next/static/chunks/node_modules_next_dist_f3530cac._.js:3127
[   94733ms] [ERROR] ./src/components/ui/background-boxes.tsx:1:2
Parsing ecmascript source code failed
> 1 | o'use client'
    |  ^^^^^^^^^^^^
  2 |
  3 | import React, { useEffect, useRef } from 'react'
  4 | import { cn } from '@/lib/utils'

Expected ';', '}' or <eof>

Import traces:
  Client Component Browser:
    ./src/components/ui/background-boxes.tsx [Client Component Browser]
    ./src/components/sections/Hero.tsx [Client Component Browser]
    ./src/components/sections/Hero.tsx [Server Component]
    ./src/app/page.tsx [Server Component]

  Client Component SSR:
    ./src/components/ui/background-boxes.tsx [Client Component SSR]
    ./src/components/sections/Hero.tsx [Client Component SSR]
    ./src/components/sections/Hero.tsx [Server Component]
    ./src/app/page.tsx [Server Component] @ http://localhost:3000/_next/static/chunks/node_modules_next_dist_f3530cac._.js:3127
[   94805ms] [ERROR] ./src/components/ui/background-boxes.tsx:1:2
Parsing ecmascript source code failed
> 1 | o'use client'
    |  ^^^^^^^^^^^^
  2 |
  3 | import React, { useEffect, useRef } from 'react'
  4 | import { cn } from '@/lib/utils'

Expected ';', '}' or <eof>

Import traces:
  Client Component Browser:
    ./src/components/ui/background-boxes.tsx [Client Component Browser]
    ./src/components/sections/Hero.tsx [Client Component Browser]
    ./src/components/sections/Hero.tsx [Server Component]
    ./src/app/page.tsx [Server Component]

  Client Component SSR:
    ./src/components/ui/background-boxes.tsx [Client Component SSR]
    ./src/components/sections/Hero.tsx [Client Component SSR]
    ./src/components/sections/Hero.tsx [Server Component]
    ./src/app/page.tsx [Server Component] @ http://localhost:3000/_next/static/chunks/node_modules_next_dist_f3530cac._.js:3127
[   94886ms] [ERROR] ./src/components/ui/background-boxes.tsx:1:2
Parsing ecmascript source code failed
> 1 | o'use client'
    |  ^^^^^^^^^^^^
  2 |
  3 | import React, { useEffect, useRef } from 'react'
  4 | import { cn } from '@/lib/utils'

Expected ';', '}' or <eof>

Import traces:
  Client Component Browser:
    ./src/components/ui/background-boxes.tsx [Client Component Browser]
    ./src/components/sections/Hero.tsx [Client Component Browser]
    ./src/components/sections/Hero.tsx [Server Component]
    ./src/app/page.tsx [Server Component]

  Client Component SSR:
    ./src/components/ui/background-boxes.tsx [Client Component SSR]
    ./src/components/sections/Hero.tsx [Client Component SSR]
    ./src/components/sections/Hero.tsx [Server Component]
    ./src/app/page.tsx [Server Component] @ http://localhost:3000/_next/static/chunks/node_modules_next_dist_f3530cac._.js:3127
[   94974ms] [ERROR] ./src/components/ui/background-boxes.tsx:1:2
Parsing ecmascript source code failed
> 1 | o'use client'
    |  ^^^^^^^^^^^^
  2 |
  3 | import React, { useEffect, useRef } from 'react'
  4 | import { cn } from '@/lib/utils'

Expected ';', '}' or <eof>

Import traces:
  Client Component Browser:
    ./src/components/ui/background-boxes.tsx [Client Component Browser]
    ./src/components/sections/Hero.tsx [Client Component Browser]
    ./src/components/sections/Hero.tsx [Server Component]
    ./src/app/page.tsx [Server Component]

  Client Component SSR:
    ./src/components/ui/background-boxes.tsx [Client Component SSR]
    ./src/components/sections/Hero.tsx [Client Component SSR]
    ./src/components/sections/Hero.tsx [Server Component]
    ./src/app/page.tsx [Server Component] @ http://localhost:3000/_next/static/chunks/node_modules_next_dist_f3530cac._.js:3127
[   95054ms] [ERROR] ./src/components/ui/background-boxes.tsx:1:2
Parsing ecmascript source code failed
> 1 | o'use client'
    |  ^^^^^^^^^^^^
  2 |
  3 | import React, { useEffect, useRef } from 'react'
  4 | import { cn } from '@/lib/utils'

Expected ';', '}' or <eof>

Import traces:
  Client Component Browser:
    ./src/components/ui/background-boxes.tsx [Client Component Browser]
    ./src/components/sections/Hero.tsx [Client Component Browser]
    ./src/components/sections/Hero.tsx [Server Component]
    ./src/app/page.tsx [Server Component]

  Client Component SSR:
    ./src/components/ui/background-boxes.tsx [Client Component SSR]
    ./src/components/sections/Hero.tsx [Client Component SSR]
    ./src/components/sections/Hero.tsx [Server Component]
    ./src/app/page.tsx [Server Component] @ http://localhost:3000/_next/static/chunks/node_modules_next_dist_f3530cac._.js:3127
[   95122ms] [ERROR] ./src/components/ui/background-boxes.tsx:1:2
Parsing ecmascript source code failed
> 1 | o'use client'
    |  ^^^^^^^^^^^^
  2 |
  3 | import React, { useEffect, useRef } from 'react'
  4 | import { cn } from '@/lib/utils'

Expected ';', '}' or <eof>

Import traces:
  Client Component Browser:
    ./src/components/ui/background-boxes.tsx [Client Component Browser]
    ./src/components/sections/Hero.tsx [Client Component Browser]
    ./src/components/sections/Hero.tsx [Server Component]
    ./src/app/page.tsx [Server Component]

  Client Component SSR:
    ./src/components/ui/background-boxes.tsx [Client Component SSR]
    ./src/components/sections/Hero.tsx [Client Component SSR]
    ./src/components/sections/Hero.tsx [Server Component]
    ./src/app/page.tsx [Server Component] @ http://localhost:3000/_next/static/chunks/node_modules_next_dist_f3530cac._.js:3127
[   95203ms] [ERROR] ./src/components/ui/background-boxes.tsx:1:2
Parsing ecmascript source code failed
> 1 | o'use client'
    |  ^^^^^^^^^^^^
  2 |
  3 | import React, { useEffect, useRef } from 'react'
  4 | import { cn } from '@/lib/utils'

Expected ';', '}' or <eof>

Import traces:
  Client Component Browser:
    ./src/components/ui/background-boxes.tsx [Client Component Browser]
    ./src/components/sections/Hero.tsx [Client Component Browser]
    ./src/components/sections/Hero.tsx [Server Component]
    ./src/app/page.tsx [Server Component]

  Client Component SSR:
    ./src/components/ui/background-boxes.tsx [Client Component SSR]
    ./src/components/sections/Hero.tsx [Client Component SSR]
    ./src/components/sections/Hero.tsx [Server Component]
    ./src/app/page.tsx [Server Component] @ http://localhost:3000/_next/static/chunks/node_modules_next_dist_f3530cac._.js:3127
[   95298ms] [ERROR] ./src/components/ui/background-boxes.tsx:1:2
Parsing ecmascript source code failed
> 1 | o'use client'
    |  ^^^^^^^^^^^^
  2 |
  3 | import React, { useEffect, useRef } from 'react'
  4 | import { cn } from '@/lib/utils'

Expected ';', '}' or <eof>

Import traces:
  Client Component Browser:
    ./src/components/ui/background-boxes.tsx [Client Component Browser]
    ./src/components/sections/Hero.tsx [Client Component Browser]
    ./src/components/sections/Hero.tsx [Server Component]
    ./src/app/page.tsx [Server Component]

  Client Component SSR:
    ./src/components/ui/background-boxes.tsx [Client Component SSR]
    ./src/components/sections/Hero.tsx [Client Component SSR]
    ./src/components/sections/Hero.tsx [Server Component]
    ./src/app/page.tsx [Server Component] @ http://localhost:3000/_next/static/chunks/node_modules_next_dist_f3530cac._.js:3127
[   95396ms] [ERROR] ./src/components/ui/background-boxes.tsx:1:2
Parsing ecmascript source code failed
> 1 | o'use client'
    |  ^^^^^^^^^^^^
  2 |
  3 | import React, { useEffect, useRef } from 'react'
  4 | import { cn } from '@/lib/utils'

Expected ';', '}' or <eof>

Import traces:
  Client Component Browser:
    ./src/components/ui/background-boxes.tsx [Client Component Browser]
    ./src/components/sections/Hero.tsx [Client Component Browser]
    ./src/components/sections/Hero.tsx [Server Component]
    ./src/app/page.tsx [Server Component]

  Client Component SSR:
    ./src/components/ui/background-boxes.tsx [Client Component SSR]
    ./src/components/sections/Hero.tsx [Client Component SSR]
    ./src/components/sections/Hero.tsx [Server Component]
    ./src/app/page.tsx [Server Component] @ http://localhost:3000/_next/static/chunks/node_modules_next_dist_f3530cac._.js:3127
[   95478ms] [ERROR] ./src/components/ui/background-boxes.tsx:1:2
Parsing ecmascript source code failed
> 1 | o'use client'
    |  ^^^^^^^^^^^^
  2 |
  3 | import React, { useEffect, useRef } from 'react'
  4 | import { cn } from '@/lib/utils'

Expected ';', '}' or <eof>

Import traces:
  Client Component Browser:
    ./src/components/ui/background-boxes.tsx [Client Component Browser]
    ./src/components/sections/Hero.tsx [Client Component Browser]
    ./src/components/sections/Hero.tsx [Server Component]
    ./src/app/page.tsx [Server Component]

  Client Component SSR:
    ./src/components/ui/background-boxes.tsx [Client Component SSR]
    ./src/components/sections/Hero.tsx [Client Component SSR]
    ./src/components/sections/Hero.tsx [Server Component]
    ./src/app/page.tsx [Server Component] @ http://localhost:3000/_next/static/chunks/node_modules_next_dist_f3530cac._.js:3127
[   95539ms] [ERROR] ./src/components/ui/background-boxes.tsx:1:2
Parsing ecmascript source code failed
> 1 | o'use client'
    |  ^^^^^^^^^^^^
  2 |
  3 | import React, { useEffect, useRef } from 'react'
  4 | import { cn } from '@/lib/utils'

Expected ';', '}' or <eof>

Import traces:
  Client Component Browser:
    ./src/components/ui/background-boxes.tsx [Client Component Browser]
    ./src/components/sections/Hero.tsx [Client Component Browser]
    ./src/components/sections/Hero.tsx [Server Component]
    ./src/app/page.tsx [Server Component]

  Client Component SSR:
    ./src/components/ui/background-boxes.tsx [Client Component SSR]
    ./src/components/sections/Hero.tsx [Client Component SSR]
    ./src/components/sections/Hero.tsx [Server Component]
    ./src/app/page.tsx [Server Component] @ http://localhost:3000/_next/static/chunks/node_modules_next_dist_f3530cac._.js:3127
[   95601ms] [ERROR] ./src/components/ui/background-boxes.tsx:1:2
Parsing ecmascript source code failed
> 1 | o'use client'
    |  ^^^^^^^^^^^^
  2 |
  3 | import React, { useEffect, useRef } from 'react'
  4 | import { cn } from '@/lib/utils'

Expected ';', '}' or <eof>

Import traces:
  Client Component Browser:
    ./src/components/ui/background-boxes.tsx [Client Component Browser]
    ./src/components/sections/Hero.tsx [Client Component Browser]
    ./src/components/sections/Hero.tsx [Server Component]
    ./src/app/page.tsx [Server Component]

  Client Component SSR:
    ./src/components/ui/background-boxes.tsx [Client Component SSR]
    ./src/components/sections/Hero.tsx [Client Component SSR]
    ./src/components/sections/Hero.tsx [Server Component]
    ./src/app/page.tsx [Server Component] @ http://localhost:3000/_next/static/chunks/node_modules_next_dist_f3530cac._.js:3127
[   95670ms] [ERROR] ./src/components/ui/background-boxes.tsx:1:2
Parsing ecmascript source code failed
> 1 | o'use client'
    |  ^^^^^^^^^^^^
  2 |
  3 | import React, { useEffect, useRef } from 'react'
  4 | import { cn } from '@/lib/utils'

Expected ';', '}' or <eof>

Import traces:
  Client Component Browser:
    ./src/components/ui/background-boxes.tsx [Client Component Browser]
    ./src/components/sections/Hero.tsx [Client Component Browser]
    ./src/components/sections/Hero.tsx [Server Component]
    ./src/app/page.tsx [Server Component]

  Client Component SSR:
    ./src/components/ui/background-boxes.tsx [Client Component SSR]
    ./src/components/sections/Hero.tsx [Client Component SSR]
    ./src/components/sections/Hero.tsx [Server Component]
    ./src/app/page.tsx [Server Component] @ http://localhost:3000/_next/static/chunks/node_modules_next_dist_f3530cac._.js:3127
[   95737ms] [ERROR] ./src/components/ui/background-boxes.tsx:1:2
Parsing ecmascript source code failed
> 1 | o'use client'
    |  ^^^^^^^^^^^^
  2 |
  3 | import React, { useEffect, useRef } from 'react'
  4 | import { cn } from '@/lib/utils'

Expected ';', '}' or <eof>

Import traces:
  Client Component Browser:
    ./src/components/ui/background-boxes.tsx [Client Component Browser]
    ./src/components/sections/Hero.tsx [Client Component Browser]
    ./src/components/sections/Hero.tsx [Server Component]
    ./src/app/page.tsx [Server Component]

  Client Component SSR:
    ./src/components/ui/background-boxes.tsx [Client Component SSR]
    ./src/components/sections/Hero.tsx [Client Component SSR]
    ./src/components/sections/Hero.tsx [Server Component]
    ./src/app/page.tsx [Server Component] @ http://localhost:3000/_next/static/chunks/node_modules_next_dist_f3530cac._.js:3127
[   95823ms] [ERROR] ./src/components/ui/background-boxes.tsx:1:2
Parsing ecmascript source code failed
> 1 | o'use client'
    |  ^^^^^^^^^^^^
  2 |
  3 | import React, { useEffect, useRef } from 'react'
  4 | import { cn } from '@/lib/utils'

Expected ';', '}' or <eof>

Import traces:
  Client Component Browser:
    ./src/components/ui/background-boxes.tsx [Client Component Browser]
    ./src/components/sections/Hero.tsx [Client Component Browser]
    ./src/components/sections/Hero.tsx [Server Component]
    ./src/app/page.tsx [Server Component]

  Client Component SSR:
    ./src/components/ui/background-boxes.tsx [Client Component SSR]
    ./src/components/sections/Hero.tsx [Client Component SSR]
    ./src/components/sections/Hero.tsx [Server Component]
    ./src/app/page.tsx [Server Component] @ http://localhost:3000/_next/static/chunks/node_modules_next_dist_f3530cac._.js:3127
[   95889ms] [ERROR] ./src/components/ui/background-boxes.tsx:1:2
Parsing ecmascript source code failed
> 1 | o'use client'
    |  ^^^^^^^^^^^^
  2 |
  3 | import React, { useEffect, useRef } from 'react'
  4 | import { cn } from '@/lib/utils'

Expected ';', '}' or <eof>

Import traces:
  Client Component Browser:
    ./src/components/ui/background-boxes.tsx [Client Component Browser]
    ./src/components/sections/Hero.tsx [Client Component Browser]
    ./src/components/sections/Hero.tsx [Server Component]
    ./src/app/page.tsx [Server Component]

  Client Component SSR:
    ./src/components/ui/background-boxes.tsx [Client Component SSR]
    ./src/components/sections/Hero.tsx [Client Component SSR]
    ./src/components/sections/Hero.tsx [Server Component]
    ./src/app/page.tsx [Server Component] @ http://localhost:3000/_next/static/chunks/node_modules_next_dist_f3530cac._.js:3127
[   95954ms] [ERROR] ./src/components/ui/background-boxes.tsx:1:2
Parsing ecmascript source code failed
> 1 | o'use client'
    |  ^^^^^^^^^^^^
  2 |
  3 | import React, { useEffect, useRef } from 'react'
  4 | import { cn } from '@/lib/utils'

Expected ';', '}' or <eof>

Import traces:
  Client Component Browser:
    ./src/components/ui/background-boxes.tsx [Client Component Browser]
    ./src/components/sections/Hero.tsx [Client Component Browser]
    ./src/components/sections/Hero.tsx [Server Component]
    ./src/app/page.tsx [Server Component]

  Client Component SSR:
    ./src/components/ui/background-boxes.tsx [Client Component SSR]
    ./src/components/sections/Hero.tsx [Client Component SSR]
    ./src/components/sections/Hero.tsx [Server Component]
    ./src/app/page.tsx [Server Component] @ http://localhost:3000/_next/static/chunks/node_modules_next_dist_f3530cac._.js:3127
[   96038ms] [ERROR] ./src/components/ui/background-boxes.tsx:1:2
Parsing ecmascript source code failed
> 1 | o'use client'
    |  ^^^^^^^^^^^^
  2 |
  3 | import React, { useEffect, useRef } from 'react'
  4 | import { cn } from '@/lib/utils'

Expected ';', '}' or <eof>

Import traces:
  Client Component Browser:
    ./src/components/ui/background-boxes.tsx [Client Component Browser]
    ./src/components/sections/Hero.tsx [Client Component Browser]
    ./src/components/sections/Hero.tsx [Server Component]
    ./src/app/page.tsx [Server Component]

  Client Component SSR:
    ./src/components/ui/background-boxes.tsx [Client Component SSR]
    ./src/components/sections/Hero.tsx [Client Component SSR]
    ./src/components/sections/Hero.tsx [Server Component]
    ./src/app/page.tsx [Server Component] @ http://localhost:3000/_next/static/chunks/node_modules_next_dist_f3530cac._.js:3127
[   96103ms] [ERROR] ./src/components/ui/background-boxes.tsx:1:2
Parsing ecmascript source code failed
> 1 | o'use client'
    |  ^^^^^^^^^^^^
  2 |
  3 | import React, { useEffect, useRef } from 'react'
  4 | import { cn } from '@/lib/utils'

Expected ';', '}' or <eof>

Import traces:
  Client Component Browser:
    ./src/components/ui/background-boxes.tsx [Client Component Browser]
    ./src/components/sections/Hero.tsx [Client Component Browser]
    ./src/components/sections/Hero.tsx [Server Component]
    ./src/app/page.tsx [Server Component]

  Client Component SSR:
    ./src/components/ui/background-boxes.tsx [Client Component SSR]
    ./src/components/sections/Hero.tsx [Client Component SSR]
    ./src/components/sections/Hero.tsx [Server Component]
    ./src/app/page.tsx [Server Component] @ http://localhost:3000/_next/static/chunks/node_modules_next_dist_f3530cac._.js:3127
[   96171ms] [ERROR] ./src/components/ui/background-boxes.tsx:1:2
Parsing ecmascript source code failed
> 1 | o'use client'
    |  ^^^^^^^^^^^^
  2 |
  3 | import React, { useEffect, useRef } from 'react'
  4 | import { cn } from '@/lib/utils'

Expected ';', '}' or <eof>

Import traces:
  Client Component Browser:
    ./src/components/ui/background-boxes.tsx [Client Component Browser]
    ./src/components/sections/Hero.tsx [Client Component Browser]
    ./src/components/sections/Hero.tsx [Server Component]
    ./src/app/page.tsx [Server Component]

  Client Component SSR:
    ./src/components/ui/background-boxes.tsx [Client Component SSR]
    ./src/components/sections/Hero.tsx [Client Component SSR]
    ./src/components/sections/Hero.tsx [Server Component]
    ./src/app/page.tsx [Server Component] @ http://localhost:3000/_next/static/chunks/node_modules_next_dist_f3530cac._.js:3127
[   96261ms] [ERROR] ./src/components/ui/background-boxes.tsx:1:2
Parsing ecmascript source code failed
> 1 | o'use client'
    |  ^^^^^^^^^^^^
  2 |
  3 | import React, { useEffect, useRef } from 'react'
  4 | import { cn } from '@/lib/utils'

Expected ';', '}' or <eof>

Import traces:
  Client Component Browser:
    ./src/components/ui/background-boxes.tsx [Client Component Browser]
    ./src/components/sections/Hero.tsx [Client Component Browser]
    ./src/components/sections/Hero.tsx [Server Component]
    ./src/app/page.tsx [Server Component]

  Client Component SSR:
    ./src/components/ui/background-boxes.tsx [Client Component SSR]
    ./src/components/sections/Hero.tsx [Client Component SSR]
    ./src/components/sections/Hero.tsx [Server Component]
    ./src/app/page.tsx [Server Component] @ http://localhost:3000/_next/static/chunks/node_modules_next_dist_f3530cac._.js:3127
[   96357ms] [ERROR] ./src/components/ui/background-boxes.tsx:1:2
Parsing ecmascript source code failed
> 1 | o'use client'
    |  ^^^^^^^^^^^^
  2 |
  3 | import React, { useEffect, useRef } from 'react'
  4 | import { cn } from '@/lib/utils'

Expected ';', '}' or <eof>

Import traces:
  Client Component Browser:
    ./src/components/ui/background-boxes.tsx [Client Component Browser]
    ./src/components/sections/Hero.tsx [Client Component Browser]
    ./src/components/sections/Hero.tsx [Server Component]
    ./src/app/page.tsx [Server Component]

  Client Component SSR:
    ./src/components/ui/background-boxes.tsx [Client Component SSR]
    ./src/components/sections/Hero.tsx [Client Component SSR]
    ./src/components/sections/Hero.tsx [Server Component]
    ./src/app/page.tsx [Server Component] @ http://localhost:3000/_next/static/chunks/node_modules_next_dist_f3530cac._.js:3127
[   96443ms] [ERROR] ./src/components/ui/background-boxes.tsx:1:2
Parsing ecmascript source code failed
> 1 | o'use client'
    |  ^^^^^^^^^^^^
  2 |
  3 | import React, { useEffect, useRef } from 'react'
  4 | import { cn } from '@/lib/utils'

Expected ';', '}' or <eof>

Import traces:
  Client Component Browser:
    ./src/components/ui/background-boxes.tsx [Client Component Browser]
    ./src/components/sections/Hero.tsx [Client Component Browser]
    ./src/components/sections/Hero.tsx [Server Component]
    ./src/app/page.tsx [Server Component]

  Client Component SSR:
    ./src/components/ui/background-boxes.tsx [Client Component SSR]
    ./src/components/sections/Hero.tsx [Client Component SSR]
    ./src/components/sections/Hero.tsx [Server Component]
    ./src/app/page.tsx [Server Component] @ http://localhost:3000/_next/static/chunks/node_modules_next_dist_f3530cac._.js:3127
[   96521ms] [ERROR] ./src/components/ui/background-boxes.tsx:1:2
Parsing ecmascript source code failed
> 1 | o'use client'
    |  ^^^^^^^^^^^^
  2 |
  3 | import React, { useEffect, useRef } from 'react'
  4 | import { cn } from '@/lib/utils'

Expected ';', '}' or <eof>

Import traces:
  Client Component Browser:
    ./src/components/ui/background-boxes.tsx [Client Component Browser]
    ./src/components/sections/Hero.tsx [Client Component Browser]
    ./src/components/sections/Hero.tsx [Server Component]
    ./src/app/page.tsx [Server Component]

  Client Component SSR:
    ./src/components/ui/background-boxes.tsx [Client Component SSR]
    ./src/components/sections/Hero.tsx [Client Component SSR]
    ./src/components/sections/Hero.tsx [Server Component]
    ./src/app/page.tsx [Server Component] @ http://localhost:3000/_next/static/chunks/node_modules_next_dist_f3530cac._.js:3127
[   96618ms] [ERROR] ./src/components/ui/background-boxes.tsx:1:2
Parsing ecmascript source code failed
> 1 | o'use client'
    |  ^^^^^^^^^^^^
  2 |
  3 | import React, { useEffect, useRef } from 'react'
  4 | import { cn } from '@/lib/utils'

Expected ';', '}' or <eof>

Import traces:
  Client Component Browser:
    ./src/components/ui/background-boxes.tsx [Client Component Browser]
    ./src/components/sections/Hero.tsx [Client Component Browser]
    ./src/components/sections/Hero.tsx [Server Component]
    ./src/app/page.tsx [Server Component]

  Client Component SSR:
    ./src/components/ui/background-boxes.tsx [Client Component SSR]
    ./src/components/sections/Hero.tsx [Client Component SSR]
    ./src/components/sections/Hero.tsx [Server Component]
    ./src/app/page.tsx [Server Component] @ http://localhost:3000/_next/static/chunks/node_modules_next_dist_f3530cac._.js:3127
[   96719ms] [ERROR] ./src/components/ui/background-boxes.tsx:1:2
Parsing ecmascript source code failed
> 1 | o'use client'
    |  ^^^^^^^^^^^^
  2 |
  3 | import React, { useEffect, useRef } from 'react'
  4 | import { cn } from '@/lib/utils'

Expected ';', '}' or <eof>

Import traces:
  Client Component Browser:
    ./src/components/ui/background-boxes.tsx [Client Component Browser]
    ./src/components/sections/Hero.tsx [Client Component Browser]
    ./src/components/sections/Hero.tsx [Server Component]
    ./src/app/page.tsx [Server Component]

  Client Component SSR:
    ./src/components/ui/background-boxes.tsx [Client Component SSR]
    ./src/components/sections/Hero.tsx [Client Component SSR]
    ./src/components/sections/Hero.tsx [Server Component]
    ./src/app/page.tsx [Server Component] @ http://localhost:3000/_next/static/chunks/node_modules_next_dist_f3530cac._.js:3127
[   96810ms] [ERROR] ./src/components/ui/background-boxes.tsx:1:2
Parsing ecmascript source code failed
> 1 | o'use client'
    |  ^^^^^^^^^^^^
  2 |
  3 | import React, { useEffect, useRef } from 'react'
  4 | import { cn } from '@/lib/utils'

Expected ';', '}' or <eof>

Import traces:
  Client Component Browser:
    ./src/components/ui/background-boxes.tsx [Client Component Browser]
    ./src/components/sections/Hero.tsx [Client Component Browser]
    ./src/components/sections/Hero.tsx [Server Component]
    ./src/app/page.tsx [Server Component]

  Client Component SSR:
    ./src/components/ui/background-boxes.tsx [Client Component SSR]
    ./src/components/sections/Hero.tsx [Client Component SSR]
    ./src/components/sections/Hero.tsx [Server Component]
    ./src/app/page.tsx [Server Component] @ http://localhost:3000/_next/static/chunks/node_modules_next_dist_f3530cac._.js:3127
[   96897ms] [ERROR] ./src/components/ui/background-boxes.tsx:1:2
Parsing ecmascript source code failed
> 1 | o'use client'
    |  ^^^^^^^^^^^^
  2 |
  3 | import React, { useEffect, useRef } from 'react'
  4 | import { cn } from '@/lib/utils'

Expected ';', '}' or <eof>

Import traces:
  Client Component Browser:
    ./src/components/ui/background-boxes.tsx [Client Component Browser]
    ./src/components/sections/Hero.tsx [Client Component Browser]
    ./src/components/sections/Hero.tsx [Server Component]
    ./src/app/page.tsx [Server Component]

  Client Component SSR:
    ./src/components/ui/background-boxes.tsx [Client Component SSR]
    ./src/components/sections/Hero.tsx [Client Component SSR]
    ./src/components/sections/Hero.tsx [Server Component]
    ./src/app/page.tsx [Server Component] @ http://localhost:3000/_next/static/chunks/node_modules_next_dist_f3530cac._.js:3127
[   96977ms] [ERROR] ./src/components/ui/background-boxes.tsx:1:2
Parsing ecmascript source code failed
> 1 | o'use client'
    |  ^^^^^^^^^^^^
  2 |
  3 | import React, { useEffect, useRef } from 'react'
  4 | import { cn } from '@/lib/utils'

Expected ';', '}' or <eof>

Import traces:
  Client Component Browser:
    ./src/components/ui/background-boxes.tsx [Client Component Browser]
    ./src/components/sections/Hero.tsx [Client Component Browser]
    ./src/components/sections/Hero.tsx [Server Component]
    ./src/app/page.tsx [Server Component]

  Client Component SSR:
    ./src/components/ui/background-boxes.tsx [Client Component SSR]
    ./src/components/sections/Hero.tsx [Client Component SSR]
    ./src/components/sections/Hero.tsx [Server Component]
    ./src/app/page.tsx [Server Component] @ http://localhost:3000/_next/static/chunks/node_modules_next_dist_f3530cac._.js:3127
[   97055ms] [ERROR] ./src/components/ui/background-boxes.tsx:1:2
Parsing ecmascript source code failed
> 1 | o'use client'
    |  ^^^^^^^^^^^^
  2 |
  3 | import React, { useEffect, useRef } from 'react'
  4 | import { cn } from '@/lib/utils'

Expected ';', '}' or <eof>

Import traces:
  Client Component Browser:
    ./src/components/ui/background-boxes.tsx [Client Component Browser]
    ./src/components/sections/Hero.tsx [Client Component Browser]
    ./src/components/sections/Hero.tsx [Server Component]
    ./src/app/page.tsx [Server Component]

  Client Component SSR:
    ./src/components/ui/background-boxes.tsx [Client Component SSR]
    ./src/components/sections/Hero.tsx [Client Component SSR]
    ./src/components/sections/Hero.tsx [Server Component]
    ./src/app/page.tsx [Server Component] @ http://localhost:3000/_next/static/chunks/node_modules_next_dist_f3530cac._.js:3127
[   97135ms] [ERROR] ./src/components/ui/background-boxes.tsx:1:2
Parsing ecmascript source code failed
> 1 | o'use client'
    |  ^^^^^^^^^^^^
  2 |
  3 | import React, { useEffect, useRef } from 'react'
  4 | import { cn } from '@/lib/utils'

Expected ';', '}' or <eof>

Import traces:
  Client Component Browser:
    ./src/components/ui/background-boxes.tsx [Client Component Browser]
    ./src/components/sections/Hero.tsx [Client Component Browser]
    ./src/components/sections/Hero.tsx [Server Component]
    ./src/app/page.tsx [Server Component]

  Client Component SSR:
    ./src/components/ui/background-boxes.tsx [Client Component SSR]
    ./src/components/sections/Hero.tsx [Client Component SSR]
    ./src/components/sections/Hero.tsx [Server Component]
    ./src/app/page.tsx [Server Component] @ http://localhost:3000/_next/static/chunks/node_modules_next_dist_f3530cac._.js:3127
[   97231ms] [ERROR] ./src/components/ui/background-boxes.tsx:1:2
Parsing ecmascript source code failed
> 1 | o'use client'
    |  ^^^^^^^^^^^^
  2 |
  3 | import React, { useEffect, useRef } from 'react'
  4 | import { cn } from '@/lib/utils'

Expected ';', '}' or <eof>

Import traces:
  Client Component Browser:
    ./src/components/ui/background-boxes.tsx [Client Component Browser]
    ./src/components/sections/Hero.tsx [Client Component Browser]
    ./src/components/sections/Hero.tsx [Server Component]
    ./src/app/page.tsx [Server Component]

  Client Component SSR:
    ./src/components/ui/background-boxes.tsx [Client Component SSR]
    ./src/components/sections/Hero.tsx [Client Component SSR]
    ./src/components/sections/Hero.tsx [Server Component]
    ./src/app/page.tsx [Server Component] @ http://localhost:3000/_next/static/chunks/node_modules_next_dist_f3530cac._.js:3127
[   97326ms] [ERROR] ./src/components/ui/background-boxes.tsx:1:2
Parsing ecmascript source code failed
> 1 | o'use client'
    |  ^^^^^^^^^^^^
  2 |
  3 | import React, { useEffect, useRef } from 'react'
  4 | import { cn } from '@/lib/utils'

Expected ';', '}' or <eof>

Import traces:
  Client Component Browser:
    ./src/components/ui/background-boxes.tsx [Client Component Browser]
    ./src/components/sections/Hero.tsx [Client Component Browser]
    ./src/components/sections/Hero.tsx [Server Component]
    ./src/app/page.tsx [Server Component]

  Client Component SSR:
    ./src/components/ui/background-boxes.tsx [Client Component SSR]
    ./src/components/sections/Hero.tsx [Client Component SSR]
    ./src/components/sections/Hero.tsx [Server Component]
    ./src/app/page.tsx [Server Component] @ http://localhost:3000/_next/static/chunks/node_modules_next_dist_f3530cac._.js:3127
[   97403ms] [ERROR] ./src/components/ui/background-boxes.tsx:1:2
Parsing ecmascript source code failed
> 1 | o'use client'
    |  ^^^^^^^^^^^^
  2 |
  3 | import React, { useEffect, useRef } from 'react'
  4 | import { cn } from '@/lib/utils'

Expected ';', '}' or <eof>

Import traces:
  Client Component Browser:
    ./src/components/ui/background-boxes.tsx [Client Component Browser]
    ./src/components/sections/Hero.tsx [Client Component Browser]
    ./src/components/sections/Hero.tsx [Server Component]
    ./src/app/page.tsx [Server Component]

  Client Component SSR:
    ./src/components/ui/background-boxes.tsx [Client Component SSR]
    ./src/components/sections/Hero.tsx [Client Component SSR]
    ./src/components/sections/Hero.tsx [Server Component]
    ./src/app/page.tsx [Server Component] @ http://localhost:3000/_next/static/chunks/node_modules_next_dist_f3530cac._.js:3127
[   97499ms] [ERROR] ./src/components/ui/background-boxes.tsx:1:2
Parsing ecmascript source code failed
> 1 | o'use client'
    |  ^^^^^^^^^^^^
  2 |
  3 | import React, { useEffect, useRef } from 'react'
  4 | import { cn } from '@/lib/utils'

Expected ';', '}' or <eof>

Import traces:
  Client Component Browser:
    ./src/components/ui/background-boxes.tsx [Client Component Browser]
    ./src/components/sections/Hero.tsx [Client Component Browser]
    ./src/components/sections/Hero.tsx [Server Component]
    ./src/app/page.tsx [Server Component]

  Client Component SSR:
    ./src/components/ui/background-boxes.tsx [Client Component SSR]
    ./src/components/sections/Hero.tsx [Client Component SSR]
    ./src/components/sections/Hero.tsx [Server Component]
    ./src/app/page.tsx [Server Component] @ http://localhost:3000/_next/static/chunks/node_modules_next_dist_f3530cac._.js:3127
[   97595ms] [ERROR] ./src/components/ui/background-boxes.tsx:1:2
Parsing ecmascript source code failed
> 1 | o'use client'
    |  ^^^^^^^^^^^^
  2 |
  3 | import React, { useEffect, useRef } from 'react'
  4 | import { cn } from '@/lib/utils'

Expected ';', '}' or <eof>

Import traces:
  Client Component Browser:
    ./src/components/ui/background-boxes.tsx [Client Component Browser]
    ./src/components/sections/Hero.tsx [Client Component Browser]
    ./src/components/sections/Hero.tsx [Server Component]
    ./src/app/page.tsx [Server Component]

  Client Component SSR:
    ./src/components/ui/background-boxes.tsx [Client Component SSR]
    ./src/components/sections/Hero.tsx [Client Component SSR]
    ./src/components/sections/Hero.tsx [Server Component]
    ./src/app/page.tsx [Server Component] @ http://localhost:3000/_next/static/chunks/node_modules_next_dist_f3530cac._.js:3127
[   97675ms] [ERROR] ./src/components/ui/background-boxes.tsx:1:2
Parsing ecmascript source code failed
> 1 | o'use client'
    |  ^^^^^^^^^^^^
  2 |
  3 | import React, { useEffect, useRef } from 'react'
  4 | import { cn } from '@/lib/utils'

Expected ';', '}' or <eof>

Import traces:
  Client Component Browser:
    ./src/components/ui/background-boxes.tsx [Client Component Browser]
    ./src/components/sections/Hero.tsx [Client Component Browser]
    ./src/components/sections/Hero.tsx [Server Component]
    ./src/app/page.tsx [Server Component]

  Client Component SSR:
    ./src/components/ui/background-boxes.tsx [Client Component SSR]
    ./src/components/sections/Hero.tsx [Client Component SSR]
    ./src/components/sections/Hero.tsx [Server Component]
    ./src/app/page.tsx [Server Component] @ http://localhost:3000/_next/static/chunks/node_modules_next_dist_f3530cac._.js:3127
[   97753ms] [ERROR] ./src/components/ui/background-boxes.tsx:1:2
Parsing ecmascript source code failed
> 1 | o'use client'
    |  ^^^^^^^^^^^^
  2 |
  3 | import React, { useEffect, useRef } from 'react'
  4 | import { cn } from '@/lib/utils'

Expected ';', '}' or <eof>

Import traces:
  Client Component Browser:
    ./src/components/ui/background-boxes.tsx [Client Component Browser]
    ./src/components/sections/Hero.tsx [Client Component Browser]
    ./src/components/sections/Hero.tsx [Server Component]
    ./src/app/page.tsx [Server Component]

  Client Component SSR:
    ./src/components/ui/background-boxes.tsx [Client Component SSR]
    ./src/components/sections/Hero.tsx [Client Component SSR]
    ./src/components/sections/Hero.tsx [Server Component]
    ./src/app/page.tsx [Server Component] @ http://localhost:3000/_next/static/chunks/node_modules_next_dist_f3530cac._.js:3127
[   97828ms] [ERROR] ./src/components/ui/background-boxes.tsx:1:2
Parsing ecmascript source code failed
> 1 | o'use client'
    |  ^^^^^^^^^^^^
  2 |
  3 | import React, { useEffect, useRef } from 'react'
  4 | import { cn } from '@/lib/utils'

Expected ';', '}' or <eof>

Import traces:
  Client Component Browser:
    ./src/components/ui/background-boxes.tsx [Client Component Browser]
    ./src/components/sections/Hero.tsx [Client Component Browser]
    ./src/components/sections/Hero.tsx [Server Component]
    ./src/app/page.tsx [Server Component]

  Client Component SSR:
    ./src/components/ui/background-boxes.tsx [Client Component SSR]
    ./src/components/sections/Hero.tsx [Client Component SSR]
    ./src/components/sections/Hero.tsx [Server Component]
    ./src/app/page.tsx [Server Component] @ http://localhost:3000/_next/static/chunks/node_modules_next_dist_f3530cac._.js:3127
[   97907ms] [ERROR] ./src/components/ui/background-boxes.tsx:1:2
Parsing ecmascript source code failed
> 1 | o'use client'
    |  ^^^^^^^^^^^^
  2 |
  3 | import React, { useEffect, useRef } from 'react'
  4 | import { cn } from '@/lib/utils'

Expected ';', '}' or <eof>

Import traces:
  Client Component Browser:
    ./src/components/ui/background-boxes.tsx [Client Component Browser]
    ./src/components/sections/Hero.tsx [Client Component Browser]
    ./src/components/sections/Hero.tsx [Server Component]
    ./src/app/page.tsx [Server Component]

  Client Component SSR:
    ./src/components/ui/background-boxes.tsx [Client Component SSR]
    ./src/components/sections/Hero.tsx [Client Component SSR]
    ./src/components/sections/Hero.tsx [Server Component]
    ./src/app/page.tsx [Server Component] @ http://localhost:3000/_next/static/chunks/node_modules_next_dist_f3530cac._.js:3127
[   97991ms] [ERROR] ./src/components/ui/background-boxes.tsx:1:2
Parsing ecmascript source code failed
> 1 | o'use client'
    |  ^^^^^^^^^^^^
  2 |
  3 | import React, { useEffect, useRef } from 'react'
  4 | import { cn } from '@/lib/utils'

Expected ';', '}' or <eof>

Import traces:
  Client Component Browser:
    ./src/components/ui/background-boxes.tsx [Client Component Browser]
    ./src/components/sections/Hero.tsx [Client Component Browser]
    ./src/components/sections/Hero.tsx [Server Component]
    ./src/app/page.tsx [Server Component]

  Client Component SSR:
    ./src/components/ui/background-boxes.tsx [Client Component SSR]
    ./src/components/sections/Hero.tsx [Client Component SSR]
    ./src/components/sections/Hero.tsx [Server Component]
    ./src/app/page.tsx [Server Component] @ http://localhost:3000/_next/static/chunks/node_modules_next_dist_f3530cac._.js:3127
[   98083ms] [ERROR] ./src/components/ui/background-boxes.tsx:1:2
Parsing ecmascript source code failed
> 1 | o'use client'
    |  ^^^^^^^^^^^^
  2 |
  3 | import React, { useEffect, useRef } from 'react'
  4 | import { cn } from '@/lib/utils'

Expected ';', '}' or <eof>

Import traces:
  Client Component Browser:
    ./src/components/ui/background-boxes.tsx [Client Component Browser]
    ./src/components/sections/Hero.tsx [Client Component Browser]
    ./src/components/sections/Hero.tsx [Server Component]
    ./src/app/page.tsx [Server Component]

  Client Component SSR:
    ./src/components/ui/background-boxes.tsx [Client Component SSR]
    ./src/components/sections/Hero.tsx [Client Component SSR]
    ./src/components/sections/Hero.tsx [Server Component]
    ./src/app/page.tsx [Server Component] @ http://localhost:3000/_next/static/chunks/node_modules_next_dist_f3530cac._.js:3127
[   98169ms] [ERROR] ./src/components/ui/background-boxes.tsx:1:2
Parsing ecmascript source code failed
> 1 | o'use client'
    |  ^^^^^^^^^^^^
  2 |
  3 | import React, { useEffect, useRef } from 'react'
  4 | import { cn } from '@/lib/utils'

Expected ';', '}' or <eof>

Import traces:
  Client Component Browser:
    ./src/components/ui/background-boxes.tsx [Client Component Browser]
    ./src/components/sections/Hero.tsx [Client Component Browser]
    ./src/components/sections/Hero.tsx [Server Component]
    ./src/app/page.tsx [Server Component]

  Client Component SSR:
    ./src/components/ui/background-boxes.tsx [Client Component SSR]
    ./src/components/sections/Hero.tsx [Client Component SSR]
    ./src/components/sections/Hero.tsx [Server Component]
    ./src/app/page.tsx [Server Component] @ http://localhost:3000/_next/static/chunks/node_modules_next_dist_f3530cac._.js:3127
[   98248ms] [ERROR] ./src/components/ui/background-boxes.tsx:1:2
Parsing ecmascript source code failed
> 1 | o'use client'
    |  ^^^^^^^^^^^^
  2 |
  3 | import React, { useEffect, useRef } from 'react'
  4 | import { cn } from '@/lib/utils'

Expected ';', '}' or <eof>

Import traces:
  Client Component Browser:
    ./src/components/ui/background-boxes.tsx [Client Component Browser]
    ./src/components/sections/Hero.tsx [Client Component Browser]
    ./src/components/sections/Hero.tsx [Server Component]
    ./src/app/page.tsx [Server Component]

  Client Component SSR:
    ./src/components/ui/background-boxes.tsx [Client Component SSR]
    ./src/components/sections/Hero.tsx [Client Component SSR]
    ./src/components/sections/Hero.tsx [Server Component]
    ./src/app/page.tsx [Server Component] @ http://localhost:3000/_next/static/chunks/node_modules_next_dist_f3530cac._.js:3127
[   98322ms] [ERROR] ./src/components/ui/background-boxes.tsx:1:2
Parsing ecmascript source code failed
> 1 | o'use client'
    |  ^^^^^^^^^^^^
  2 |
  3 | import React, { useEffect, useRef } from 'react'
  4 | import { cn } from '@/lib/utils'

Expected ';', '}' or <eof>

Import traces:
  Client Component Browser:
    ./src/components/ui/background-boxes.tsx [Client Component Browser]
    ./src/components/sections/Hero.tsx [Client Component Browser]
    ./src/components/sections/Hero.tsx [Server Component]
    ./src/app/page.tsx [Server Component]

  Client Component SSR:
    ./src/components/ui/background-boxes.tsx [Client Component SSR]
    ./src/components/sections/Hero.tsx [Client Component SSR]
    ./src/components/sections/Hero.tsx [Server Component]
    ./src/app/page.tsx [Server Component] @ http://localhost:3000/_next/static/chunks/node_modules_next_dist_f3530cac._.js:3127
[   98419ms] [ERROR] ./src/components/ui/background-boxes.tsx:1:2
Parsing ecmascript source code failed
> 1 | o'use client'
    |  ^^^^^^^^^^^^
  2 |
  3 | import React, { useEffect, useRef } from 'react'
  4 | import { cn } from '@/lib/utils'

Expected ';', '}' or <eof>

Import traces:
  Client Component Browser:
    ./src/components/ui/background-boxes.tsx [Client Component Browser]
    ./src/components/sections/Hero.tsx [Client Component Browser]
    ./src/components/sections/Hero.tsx [Server Component]
    ./src/app/page.tsx [Server Component]

  Client Component SSR:
    ./src/components/ui/background-boxes.tsx [Client Component SSR]
    ./src/components/sections/Hero.tsx [Client Component SSR]
    ./src/components/sections/Hero.tsx [Server Component]
    ./src/app/page.tsx [Server Component] @ http://localhost:3000/_next/static/chunks/node_modules_next_dist_f3530cac._.js:3127
[   98503ms] [ERROR] ./src/components/ui/background-boxes.tsx:1:2
Parsing ecmascript source code failed
> 1 | o'use client'
    |  ^^^^^^^^^^^^
  2 |
  3 | import React, { useEffect, useRef } from 'react'
  4 | import { cn } from '@/lib/utils'

Expected ';', '}' or <eof>

Import traces:
  Client Component Browser:
    ./src/components/ui/background-boxes.tsx [Client Component Browser]
    ./src/components/sections/Hero.tsx [Client Component Browser]
    ./src/components/sections/Hero.tsx [Server Component]
    ./src/app/page.tsx [Server Component]

  Client Component SSR:
    ./src/components/ui/background-boxes.tsx [Client Component SSR]
    ./src/components/sections/Hero.tsx [Client Component SSR]
    ./src/components/sections/Hero.tsx [Server Component]
    ./src/app/page.tsx [Server Component] @ http://localhost:3000/_next/static/chunks/node_modules_next_dist_f3530cac._.js:3127
[   98585ms] [ERROR] ./src/components/ui/background-boxes.tsx:1:2
Parsing ecmascript source code failed
> 1 | o'use client'
    |  ^^^^^^^^^^^^
  2 |
  3 | import React, { useEffect, useRef } from 'react'
  4 | import { cn } from '@/lib/utils'

Expected ';', '}' or <eof>

Import traces:
  Client Component Browser:
    ./src/components/ui/background-boxes.tsx [Client Component Browser]
    ./src/components/sections/Hero.tsx [Client Component Browser]
    ./src/components/sections/Hero.tsx [Server Component]
    ./src/app/page.tsx [Server Component]

  Client Component SSR:
    ./src/components/ui/background-boxes.tsx [Client Component SSR]
    ./src/components/sections/Hero.tsx [Client Component SSR]
    ./src/components/sections/Hero.tsx [Server Component]
    ./src/app/page.tsx [Server Component] @ http://localhost:3000/_next/static/chunks/node_modules_next_dist_f3530cac._.js:3127
[   98690ms] [ERROR] ./src/components/ui/background-boxes.tsx:1:2
Parsing ecmascript source code failed
> 1 | o'use client'
    |  ^^^^^^^^^^^^
  2 |
  3 | import React, { useEffect, useRef } from 'react'
  4 | import { cn } from '@/lib/utils'

Expected ';', '}' or <eof>

Import traces:
  Client Component Browser:
    ./src/components/ui/background-boxes.tsx [Client Component Browser]
    ./src/components/sections/Hero.tsx [Client Component Browser]
    ./src/components/sections/Hero.tsx [Server Component]
    ./src/app/page.tsx [Server Component]

  Client Component SSR:
    ./src/components/ui/background-boxes.tsx [Client Component SSR]
    ./src/components/sections/Hero.tsx [Client Component SSR]
    ./src/components/sections/Hero.tsx [Server Component]
    ./src/app/page.tsx [Server Component] @ http://localhost:3000/_next/static/chunks/node_modules_next_dist_f3530cac._.js:3127
[   98793ms] [ERROR] ./src/components/ui/background-boxes.tsx:1:2
Parsing ecmascript source code failed
> 1 | o'use client'
    |  ^^^^^^^^^^^^
  2 |
  3 | import React, { useEffect, useRef } from 'react'
  4 | import { cn } from '@/lib/utils'

Expected ';', '}' or <eof>

Import traces:
  Client Component Browser:
    ./src/components/ui/background-boxes.tsx [Client Component Browser]
    ./src/components/sections/Hero.tsx [Client Component Browser]
    ./src/components/sections/Hero.tsx [Server Component]
    ./src/app/page.tsx [Server Component]

  Client Component SSR:
    ./src/components/ui/background-boxes.tsx [Client Component SSR]
    ./src/components/sections/Hero.tsx [Client Component SSR]
    ./src/components/sections/Hero.tsx [Server Component]
    ./src/app/page.tsx [Server Component] @ http://localhost:3000/_next/static/chunks/node_modules_next_dist_f3530cac._.js:3127
[   98888ms] [ERROR] ./src/components/ui/background-boxes.tsx:1:2
Parsing ecmascript source code failed
> 1 | o'use client'
    |  ^^^^^^^^^^^^
  2 |
  3 | import React, { useEffect, useRef } from 'react'
  4 | import { cn } from '@/lib/utils'

Expected ';', '}' or <eof>

Import traces:
  Client Component Browser:
    ./src/components/ui/background-boxes.tsx [Client Component Browser]
    ./src/components/sections/Hero.tsx [Client Component Browser]
    ./src/components/sections/Hero.tsx [Server Component]
    ./src/app/page.tsx [Server Component]

  Client Component SSR:
    ./src/components/ui/background-boxes.tsx [Client Component SSR]
    ./src/components/sections/Hero.tsx [Client Component SSR]
    ./src/components/sections/Hero.tsx [Server Component]
    ./src/app/page.tsx [Server Component] @ http://localhost:3000/_next/static/chunks/node_modules_next_dist_f3530cac._.js:3127
[   98984ms] [ERROR] ./src/components/ui/background-boxes.tsx:1:2
Parsing ecmascript source code failed
> 1 | o'use client'
    |  ^^^^^^^^^^^^
  2 |
  3 | import React, { useEffect, useRef } from 'react'
  4 | import { cn } from '@/lib/utils'

Expected ';', '}' or <eof>

Import traces:
  Client Component Browser:
    ./src/components/ui/background-boxes.tsx [Client Component Browser]
    ./src/components/sections/Hero.tsx [Client Component Browser]
    ./src/components/sections/Hero.tsx [Server Component]
    ./src/app/page.tsx [Server Component]

  Client Component SSR:
    ./src/components/ui/background-boxes.tsx [Client Component SSR]
    ./src/components/sections/Hero.tsx [Client Component SSR]
    ./src/components/sections/Hero.tsx [Server Component]
    ./src/app/page.tsx [Server Component] @ http://localhost:3000/_next/static/chunks/node_modules_next_dist_f3530cac._.js:3127
[   99081ms] [ERROR] ./src/components/ui/background-boxes.tsx:1:2
Parsing ecmascript source code failed
> 1 | o'use client'
    |  ^^^^^^^^^^^^
  2 |
  3 | import React, { useEffect, useRef } from 'react'
  4 | import { cn } from '@/lib/utils'

Expected ';', '}' or <eof>

Import traces:
  Client Component Browser:
    ./src/components/ui/background-boxes.tsx [Client Component Browser]
    ./src/components/sections/Hero.tsx [Client Component Browser]
    ./src/components/sections/Hero.tsx [Server Component]
    ./src/app/page.tsx [Server Component]

  Client Component SSR:
    ./src/components/ui/background-boxes.tsx [Client Component SSR]
    ./src/components/sections/Hero.tsx [Client Component SSR]
    ./src/components/sections/Hero.tsx [Server Component]
    ./src/app/page.tsx [Server Component] @ http://localhost:3000/_next/static/chunks/node_modules_next_dist_f3530cac._.js:3127
[   99136ms] [ERROR] ./src/components/ui/background-boxes.tsx:1:2
Parsing ecmascript source code failed
> 1 | o'use client'
    |  ^^^^^^^^^^^^
  2 |
  3 | import React, { useEffect, useRef } from 'react'
  4 | import { cn } from '@/lib/utils'

Expected ';', '}' or <eof>

Import traces:
  Client Component Browser:
    ./src/components/ui/background-boxes.tsx [Client Component Browser]
    ./src/components/sections/Hero.tsx [Client Component Browser]
    ./src/components/sections/Hero.tsx [Server Component]
    ./src/app/page.tsx [Server Component]

  Client Component SSR:
    ./src/components/ui/background-boxes.tsx [Client Component SSR]
    ./src/components/sections/Hero.tsx [Client Component SSR]
    ./src/components/sections/Hero.tsx [Server Component]
    ./src/app/page.tsx [Server Component] @ http://localhost:3000/_next/static/chunks/node_modules_next_dist_f3530cac._.js:3127
[   99217ms] [ERROR] ./src/components/ui/background-boxes.tsx:1:2
Parsing ecmascript source code failed
> 1 | o'use client'
    |  ^^^^^^^^^^^^
  2 |
  3 | import React, { useEffect, useRef } from 'react'
  4 | import { cn } from '@/lib/utils'

Expected ';', '}' or <eof>

Import traces:
  Client Component Browser:
    ./src/components/ui/background-boxes.tsx [Client Component Browser]
    ./src/components/sections/Hero.tsx [Client Component Browser]
    ./src/components/sections/Hero.tsx [Server Component]
    ./src/app/page.tsx [Server Component]

  Client Component SSR:
    ./src/components/ui/background-boxes.tsx [Client Component SSR]
    ./src/components/sections/Hero.tsx [Client Component SSR]
    ./src/components/sections/Hero.tsx [Server Component]
    ./src/app/page.tsx [Server Component] @ http://localhost:3000/_next/static/chunks/node_modules_next_dist_f3530cac._.js:3127
[   99324ms] [ERROR] ./src/components/ui/background-boxes.tsx:1:2
Parsing ecmascript source code failed
> 1 | o'use client'
    |  ^^^^^^^^^^^^
  2 |
  3 | import React, { useEffect, useRef } from 'react'
  4 | import { cn } from '@/lib/utils'

Expected ';', '}' or <eof>

Import traces:
  Client Component Browser:
    ./src/components/ui/background-boxes.tsx [Client Component Browser]
    ./src/components/sections/Hero.tsx [Client Component Browser]
    ./src/components/sections/Hero.tsx [Server Component]
    ./src/app/page.tsx [Server Component]

  Client Component SSR:
    ./src/components/ui/background-boxes.tsx [Client Component SSR]
    ./src/components/sections/Hero.tsx [Client Component SSR]
    ./src/components/sections/Hero.tsx [Server Component]
    ./src/app/page.tsx [Server Component] @ http://localhost:3000/_next/static/chunks/node_modules_next_dist_f3530cac._.js:3127
[   99430ms] [ERROR] ./src/components/ui/background-boxes.tsx:1:2
Parsing ecmascript source code failed
> 1 | o'use client'
    |  ^^^^^^^^^^^^
  2 |
  3 | import React, { useEffect, useRef } from 'react'
  4 | import { cn } from '@/lib/utils'

Expected ';', '}' or <eof>

Import traces:
  Client Component Browser:
    ./src/components/ui/background-boxes.tsx [Client Component Browser]
    ./src/components/sections/Hero.tsx [Client Component Browser]
    ./src/components/sections/Hero.tsx [Server Component]
    ./src/app/page.tsx [Server Component]

  Client Component SSR:
    ./src/components/ui/background-boxes.tsx [Client Component SSR]
    ./src/components/sections/Hero.tsx [Client Component SSR]
    ./src/components/sections/Hero.tsx [Server Component]
    ./src/app/page.tsx [Server Component] @ http://localhost:3000/_next/static/chunks/node_modules_next_dist_f3530cac._.js:3127
[   99534ms] [ERROR] ./src/components/ui/background-boxes.tsx:1:2
Parsing ecmascript source code failed
> 1 | o'use client'
    |  ^^^^^^^^^^^^
  2 |
  3 | import React, { useEffect, useRef } from 'react'
  4 | import { cn } from '@/lib/utils'

Expected ';', '}' or <eof>

Import traces:
  Client Component Browser:
    ./src/components/ui/background-boxes.tsx [Client Component Browser]
    ./src/components/sections/Hero.tsx [Client Component Browser]
    ./src/components/sections/Hero.tsx [Server Component]
    ./src/app/page.tsx [Server Component]

  Client Component SSR:
    ./src/components/ui/background-boxes.tsx [Client Component SSR]
    ./src/components/sections/Hero.tsx [Client Component SSR]
    ./src/components/sections/Hero.tsx [Server Component]
    ./src/app/page.tsx [Server Component] @ http://localhost:3000/_next/static/chunks/node_modules_next_dist_f3530cac._.js:3127
[   99576ms] [LOG] [Fast Refresh] rebuilding @ http://localhost:3000/_next/static/chunks/node_modules_next_dist_f3530cac._.js:2297
[   99618ms] [ERROR] ./src/components/ui/background-boxes.tsx:1:2
Parsing ecmascript source code failed
> 1 | o'use client'
    |  ^^^^^^^^^^^^
  2 |
  3 | import React, { useEffect, useRef } from 'react'
  4 | import { cn } from '@/lib/utils'

Expected ';', '}' or <eof>

Import traces:
  Client Component Browser:
    ./src/components/ui/background-boxes.tsx [Client Component Browser]
    ./src/components/sections/Hero.tsx [Client Component Browser]
    ./src/components/sections/Hero.tsx [Server Component]
    ./src/app/page.tsx [Server Component]

  Client Component SSR:
    ./src/components/ui/background-boxes.tsx [Client Component SSR]
    ./src/components/sections/Hero.tsx [Client Component SSR]
    ./src/components/sections/Hero.tsx [Server Component]
    ./src/app/page.tsx [Server Component] @ http://localhost:3000/_next/static/chunks/node_modules_next_dist_f3530cac._.js:3127
[   99652ms] [ERROR] ./src/components/ui/background-boxes.tsx:1:2
Parsing ecmascript source code failed
> 1 | o'use client'
    |  ^^^^^^^^^^^^
  2 |
  3 | import React, { useEffect, useRef } from 'react'
  4 | import { cn } from '@/lib/utils'

Expected ';', '}' or <eof>

Import traces:
  Client Component Browser:
    ./src/components/ui/background-boxes.tsx [Client Component Browser]
    ./src/components/sections/Hero.tsx [Client Component Browser]
    ./src/components/sections/Hero.tsx [Server Component]
    ./src/app/page.tsx [Server Component]

  Client Component SSR:
    ./src/components/ui/background-boxes.tsx [Client Component SSR]
    ./src/components/sections/Hero.tsx [Client Component SSR]
    ./src/components/sections/Hero.tsx [Server Component]
    ./src/app/page.tsx [Server Component] @ http://localhost:3000/_next/static/chunks/node_modules_next_dist_f3530cac._.js:3127
[   99693ms] [ERROR] ./src/components/ui/background-boxes.tsx:1:2
Parsing ecmascript source code failed
> 1 | o'use client'
    |  ^^^^^^^^^^^^
  2 |
  3 | import React, { useEffect, useRef } from 'react'
  4 | import { cn } from '@/lib/utils'

Expected ';', '}' or <eof>

Import traces:
  Client Component Browser:
    ./src/components/ui/background-boxes.tsx [Client Component Browser]
    ./src/components/sections/Hero.tsx [Client Component Browser]
    ./src/components/sections/Hero.tsx [Server Component]
    ./src/app/page.tsx [Server Component]

  Client Component SSR:
    ./src/components/ui/background-boxes.tsx [Client Component SSR]
    ./src/components/sections/Hero.tsx [Client Component SSR]
    ./src/components/sections/Hero.tsx [Server Component]
    ./src/app/page.tsx [Server Component] @ http://localhost:3000/_next/static/chunks/node_modules_next_dist_f3530cac._.js:3127
[   99752ms] [ERROR] ./src/components/ui/background-boxes.tsx:1:2
Parsing ecmascript source code failed
> 1 | o'use client'
    |  ^^^^^^^^^^^^
  2 |
  3 | import React, { useEffect, useRef } from 'react'
  4 | import { cn } from '@/lib/utils'

Expected ';', '}' or <eof>

Import traces:
  Client Component Browser:
    ./src/components/ui/background-boxes.tsx [Client Component Browser]
    ./src/components/sections/Hero.tsx [Client Component Browser]
    ./src/components/sections/Hero.tsx [Server Component]
    ./src/app/page.tsx [Server Component]

  Client Component SSR:
    ./src/components/ui/background-boxes.tsx [Client Component SSR]
    ./src/components/sections/Hero.tsx [Client Component SSR]
    ./src/components/sections/Hero.tsx [Server Component]
    ./src/app/page.tsx [Server Component] @ http://localhost:3000/_next/static/chunks/node_modules_next_dist_f3530cac._.js:3127
[   99789ms] [ERROR] ./src/components/ui/background-boxes.tsx:1:2
Parsing ecmascript source code failed
> 1 | o'use client'
    |  ^^^^^^^^^^^^
  2 |
  3 | import React, { useEffect, useRef } from 'react'
  4 | import { cn } from '@/lib/utils'

Expected ';', '}' or <eof>

Import traces:
  Client Component Browser:
    ./src/components/ui/background-boxes.tsx [Client Component Browser]
    ./src/components/sections/Hero.tsx [Client Component Browser]
    ./src/components/sections/Hero.tsx [Server Component]
    ./src/app/page.tsx [Server Component]

  Client Component SSR:
    ./src/components/ui/background-boxes.tsx [Client Component SSR]
    ./src/components/sections/Hero.tsx [Client Component SSR]
    ./src/components/sections/Hero.tsx [Server Component]
    ./src/app/page.tsx [Server Component] @ http://localhost:3000/_next/static/chunks/node_modules_next_dist_f3530cac._.js:3127
[   99825ms] [ERROR] ./src/components/ui/background-boxes.tsx:1:2
Parsing ecmascript source code failed
> 1 | o'use client'
    |  ^^^^^^^^^^^^
  2 |
  3 | import React, { useEffect, useRef } from 'react'
  4 | import { cn } from '@/lib/utils'

Expected ';', '}' or <eof>

Import traces:
  Client Component Browser:
    ./src/components/ui/background-boxes.tsx [Client Component Browser]
    ./src/components/sections/Hero.tsx [Client Component Browser]
    ./src/components/sections/Hero.tsx [Server Component]
    ./src/app/page.tsx [Server Component]

  Client Component SSR:
    ./src/components/ui/background-boxes.tsx [Client Component SSR]
    ./src/components/sections/Hero.tsx [Client Component SSR]
    ./src/components/sections/Hero.tsx [Server Component]
    ./src/app/page.tsx [Server Component] @ http://localhost:3000/_next/static/chunks/node_modules_next_dist_f3530cac._.js:3127
[   99910ms] [ERROR] ./src/components/ui/background-boxes.tsx:1:2
Parsing ecmascript source code failed
> 1 | o'use client'
    |  ^^^^^^^^^^^^
  2 |
  3 | import React, { useEffect, useRef } from 'react'
  4 | import { cn } from '@/lib/utils'

Expected ';', '}' or <eof>

Import traces:
  Client Component Browser:
    ./src/components/ui/background-boxes.tsx [Client Component Browser]
    ./src/components/sections/Hero.tsx [Client Component Browser]
    ./src/components/sections/Hero.tsx [Server Component]
    ./src/app/page.tsx [Server Component]

  Client Component SSR:
    ./src/components/ui/background-boxes.tsx [Client Component SSR]
    ./src/components/sections/Hero.tsx [Client Component SSR]
    ./src/components/sections/Hero.tsx [Server Component]
    ./src/app/page.tsx [Server Component] @ http://localhost:3000/_next/static/chunks/node_modules_next_dist_f3530cac._.js:3127
[   99998ms] [ERROR] ./src/components/ui/background-boxes.tsx:1:2
Parsing ecmascript source code failed
> 1 | o'use client'
    |  ^^^^^^^^^^^^
  2 |
  3 | import React, { useEffect, useRef } from 'react'
  4 | import { cn } from '@/lib/utils'

Expected ';', '}' or <eof>

Import traces:
  Client Component Browser:
    ./src/components/ui/background-boxes.tsx [Client Component Browser]
    ./src/components/sections/Hero.tsx [Client Component Browser]
    ./src/components/sections/Hero.tsx [Server Component]
    ./src/app/page.tsx [Server Component]

  Client Component SSR:
    ./src/components/ui/background-boxes.tsx [Client Component SSR]
    ./src/components/sections/Hero.tsx [Client Component SSR]
    ./src/components/sections/Hero.tsx [Server Component]
    ./src/app/page.tsx [Server Component] @ http://localhost:3000/_next/static/chunks/node_modules_next_dist_f3530cac._.js:3127
[  100054ms] [ERROR] ./src/components/ui/background-boxes.tsx:1:2
Parsing ecmascript source code failed
> 1 | o'use client'
    |  ^^^^^^^^^^^^
  2 |
  3 | import React, { useEffect, useRef } from 'react'
  4 | import { cn } from '@/lib/utils'

Expected ';', '}' or <eof>

Import traces:
  Client Component Browser:
    ./src/components/ui/background-boxes.tsx [Client Component Browser]
    ./src/components/sections/Hero.tsx [Client Component Browser]
    ./src/components/sections/Hero.tsx [Server Component]
    ./src/app/page.tsx [Server Component]

  Client Component SSR:
    ./src/components/ui/background-boxes.tsx [Client Component SSR]
    ./src/components/sections/Hero.tsx [Client Component SSR]
    ./src/components/sections/Hero.tsx [Server Component]
    ./src/app/page.tsx [Server Component] @ http://localhost:3000/_next/static/chunks/node_modules_next_dist_f3530cac._.js:3127
[  100150ms] [ERROR] ./src/components/ui/background-boxes.tsx:1:2
Parsing ecmascript source code failed
> 1 | o'use client'
    |  ^^^^^^^^^^^^
  2 |
  3 | import React, { useEffect, useRef } from 'react'
  4 | import { cn } from '@/lib/utils'

Expected ';', '}' or <eof>

Import traces:
  Client Component Browser:
    ./src/components/ui/background-boxes.tsx [Client Component Browser]
    ./src/components/sections/Hero.tsx [Client Component Browser]
    ./src/components/sections/Hero.tsx [Server Component]
    ./src/app/page.tsx [Server Component]

  Client Component SSR:
    ./src/components/ui/background-boxes.tsx [Client Component SSR]
    ./src/components/sections/Hero.tsx [Client Component SSR]
    ./src/components/sections/Hero.tsx [Server Component]
    ./src/app/page.tsx [Server Component] @ http://localhost:3000/_next/static/chunks/node_modules_next_dist_f3530cac._.js:3127
[  100242ms] [ERROR] ./src/components/ui/background-boxes.tsx:1:2
Parsing ecmascript source code failed
> 1 | o'use client'
    |  ^^^^^^^^^^^^
  2 |
  3 | import React, { useEffect, useRef } from 'react'
  4 | import { cn } from '@/lib/utils'

Expected ';', '}' or <eof>

Import traces:
  Client Component Browser:
    ./src/components/ui/background-boxes.tsx [Client Component Browser]
    ./src/components/sections/Hero.tsx [Client Component Browser]
    ./src/components/sections/Hero.tsx [Server Component]
    ./src/app/page.tsx [Server Component]

  Client Component SSR:
    ./src/components/ui/background-boxes.tsx [Client Component SSR]
    ./src/components/sections/Hero.tsx [Client Component SSR]
    ./src/components/sections/Hero.tsx [Server Component]
    ./src/app/page.tsx [Server Component] @ http://localhost:3000/_next/static/chunks/node_modules_next_dist_f3530cac._.js:3127
[  100330ms] [ERROR] ./src/components/ui/background-boxes.tsx:1:2
Parsing ecmascript source code failed
> 1 | o'use client'
    |  ^^^^^^^^^^^^
  2 |
  3 | import React, { useEffect, useRef } from 'react'
  4 | import { cn } from '@/lib/utils'

Expected ';', '}' or <eof>

Import traces:
  Client Component Browser:
    ./src/components/ui/background-boxes.tsx [Client Component Browser]
    ./src/components/sections/Hero.tsx [Client Component Browser]
    ./src/components/sections/Hero.tsx [Server Component]
    ./src/app/page.tsx [Server Component]

  Client Component SSR:
    ./src/components/ui/background-boxes.tsx [Client Component SSR]
    ./src/components/sections/Hero.tsx [Client Component SSR]
    ./src/components/sections/Hero.tsx [Server Component]
    ./src/app/page.tsx [Server Component] @ http://localhost:3000/_next/static/chunks/node_modules_next_dist_f3530cac._.js:3127
[  100418ms] [ERROR] ./src/components/ui/background-boxes.tsx:1:2
Parsing ecmascript source code failed
> 1 | o'use client'
    |  ^^^^^^^^^^^^
  2 |
  3 | import React, { useEffect, useRef } from 'react'
  4 | import { cn } from '@/lib/utils'

Expected ';', '}' or <eof>

Import traces:
  Client Component Browser:
    ./src/components/ui/background-boxes.tsx [Client Component Browser]
    ./src/components/sections/Hero.tsx [Client Component Browser]
    ./src/components/sections/Hero.tsx [Server Component]
    ./src/app/page.tsx [Server Component]

  Client Component SSR:
    ./src/components/ui/background-boxes.tsx [Client Component SSR]
    ./src/components/sections/Hero.tsx [Client Component SSR]
    ./src/components/sections/Hero.tsx [Server Component]
    ./src/app/page.tsx [Server Component] @ http://localhost:3000/_next/static/chunks/node_modules_next_dist_f3530cac._.js:3127
[  100472ms] [ERROR] ./src/components/ui/background-boxes.tsx:1:2
Parsing ecmascript source code failed
> 1 | o'use client'
    |  ^^^^^^^^^^^^
  2 |
  3 | import React, { useEffect, useRef } from 'react'
  4 | import { cn } from '@/lib/utils'

Expected ';', '}' or <eof>

Import traces:
  Client Component Browser:
    ./src/components/ui/background-boxes.tsx [Client Component Browser]
    ./src/components/sections/Hero.tsx [Client Component Browser]
    ./src/components/sections/Hero.tsx [Server Component]
    ./src/app/page.tsx [Server Component]

  Client Component SSR:
    ./src/components/ui/background-boxes.tsx [Client Component SSR]
    ./src/components/sections/Hero.tsx [Client Component SSR]
    ./src/components/sections/Hero.tsx [Server Component]
    ./src/app/page.tsx [Server Component] @ http://localhost:3000/_next/static/chunks/node_modules_next_dist_f3530cac._.js:3127
[  100559ms] [ERROR] ./src/components/ui/background-boxes.tsx:1:2
Parsing ecmascript source code failed
> 1 | o'use client'
    |  ^^^^^^^^^^^^
  2 |
  3 | import React, { useEffect, useRef } from 'react'
  4 | import { cn } from '@/lib/utils'

Expected ';', '}' or <eof>

Import traces:
  Client Component Browser:
    ./src/components/ui/background-boxes.tsx [Client Component Browser]
    ./src/components/sections/Hero.tsx [Client Component Browser]
    ./src/components/sections/Hero.tsx [Server Component]
    ./src/app/page.tsx [Server Component]

  Client Component SSR:
    ./src/components/ui/background-boxes.tsx [Client Component SSR]
    ./src/components/sections/Hero.tsx [Client Component SSR]
    ./src/components/sections/Hero.tsx [Server Component]
    ./src/app/page.tsx [Server Component] @ http://localhost:3000/_next/static/chunks/node_modules_next_dist_f3530cac._.js:3127
[  100635ms] [ERROR] ./src/components/ui/background-boxes.tsx:1:2
Parsing ecmascript source code failed
> 1 | o'use client'
    |  ^^^^^^^^^^^^
  2 |
  3 | import React, { useEffect, useRef } from 'react'
  4 | import { cn } from '@/lib/utils'

Expected ';', '}' or <eof>

Import traces:
  Client Component Browser:
    ./src/components/ui/background-boxes.tsx [Client Component Browser]
    ./src/components/sections/Hero.tsx [Client Component Browser]
    ./src/components/sections/Hero.tsx [Server Component]
    ./src/app/page.tsx [Server Component]

  Client Component SSR:
    ./src/components/ui/background-boxes.tsx [Client Component SSR]
    ./src/components/sections/Hero.tsx [Client Component SSR]
    ./src/components/sections/Hero.tsx [Server Component]
    ./src/app/page.tsx [Server Component] @ http://localhost:3000/_next/static/chunks/node_modules_next_dist_f3530cac._.js:3127
[  100715ms] [ERROR] ./src/components/ui/background-boxes.tsx:1:2
Parsing ecmascript source code failed
> 1 | o'use client'
    |  ^^^^^^^^^^^^
  2 |
  3 | import React, { useEffect, useRef } from 'react'
  4 | import { cn } from '@/lib/utils'

Expected ';', '}' or <eof>

Import traces:
  Client Component Browser:
    ./src/components/ui/background-boxes.tsx [Client Component Browser]
    ./src/components/sections/Hero.tsx [Client Component Browser]
    ./src/components/sections/Hero.tsx [Server Component]
    ./src/app/page.tsx [Server Component]

  Client Component SSR:
    ./src/components/ui/background-boxes.tsx [Client Component SSR]
    ./src/components/sections/Hero.tsx [Client Component SSR]
    ./src/components/sections/Hero.tsx [Server Component]
    ./src/app/page.tsx [Server Component] @ http://localhost:3000/_next/static/chunks/node_modules_next_dist_f3530cac._.js:3127
[  100790ms] [ERROR] ./src/components/ui/background-boxes.tsx:1:2
Parsing ecmascript source code failed
> 1 | o'use client'
    |  ^^^^^^^^^^^^
  2 |
  3 | import React, { useEffect, useRef } from 'react'
  4 | import { cn } from '@/lib/utils'

Expected ';', '}' or <eof>

Import traces:
  Client Component Browser:
    ./src/components/ui/background-boxes.tsx [Client Component Browser]
    ./src/components/sections/Hero.tsx [Client Component Browser]
    ./src/components/sections/Hero.tsx [Server Component]
    ./src/app/page.tsx [Server Component]

  Client Component SSR:
    ./src/components/ui/background-boxes.tsx [Client Component SSR]
    ./src/components/sections/Hero.tsx [Client Component SSR]
    ./src/components/sections/Hero.tsx [Server Component]
    ./src/app/page.tsx [Server Component] @ http://localhost:3000/_next/static/chunks/node_modules_next_dist_f3530cac._.js:3127
[  100854ms] [ERROR] ./src/components/ui/background-boxes.tsx:1:2
Parsing ecmascript source code failed
> 1 | o'use client'
    |  ^^^^^^^^^^^^
  2 |
  3 | import React, { useEffect, useRef } from 'react'
  4 | import { cn } from '@/lib/utils'

Expected ';', '}' or <eof>

Import traces:
  Client Component Browser:
    ./src/components/ui/background-boxes.tsx [Client Component Browser]
    ./src/components/sections/Hero.tsx [Client Component Browser]
    ./src/components/sections/Hero.tsx [Server Component]
    ./src/app/page.tsx [Server Component]

  Client Component SSR:
    ./src/components/ui/background-boxes.tsx [Client Component SSR]
    ./src/components/sections/Hero.tsx [Client Component SSR]
    ./src/components/sections/Hero.tsx [Server Component]
    ./src/app/page.tsx [Server Component] @ http://localhost:3000/_next/static/chunks/node_modules_next_dist_f3530cac._.js:3127
[  100921ms] [ERROR] ./src/components/ui/background-boxes.tsx:1:2
Parsing ecmascript source code failed
> 1 | o'use client'
    |  ^^^^^^^^^^^^
  2 |
  3 | import React, { useEffect, useRef } from 'react'
  4 | import { cn } from '@/lib/utils'

Expected ';', '}' or <eof>

Import traces:
  Client Component Browser:
    ./src/components/ui/background-boxes.tsx [Client Component Browser]
    ./src/components/sections/Hero.tsx [Client Component Browser]
    ./src/components/sections/Hero.tsx [Server Component]
    ./src/app/page.tsx [Server Component]

  Client Component SSR:
    ./src/components/ui/background-boxes.tsx [Client Component SSR]
    ./src/components/sections/Hero.tsx [Client Component SSR]
    ./src/components/sections/Hero.tsx [Server Component]
    ./src/app/page.tsx [Server Component] @ http://localhost:3000/_next/static/chunks/node_modules_next_dist_f3530cac._.js:3127
[  101001ms] [ERROR] ./src/components/ui/background-boxes.tsx:1:2
Parsing ecmascript source code failed
> 1 | o'use client'
    |  ^^^^^^^^^^^^
  2 |
  3 | import React, { useEffect, useRef } from 'react'
  4 | import { cn } from '@/lib/utils'

Expected ';', '}' or <eof>

Import traces:
  Client Component Browser:
    ./src/components/ui/background-boxes.tsx [Client Component Browser]
    ./src/components/sections/Hero.tsx [Client Component Browser]
    ./src/components/sections/Hero.tsx [Server Component]
    ./src/app/page.tsx [Server Component]

  Client Component SSR:
    ./src/components/ui/background-boxes.tsx [Client Component SSR]
    ./src/components/sections/Hero.tsx [Client Component SSR]
    ./src/components/sections/Hero.tsx [Server Component]
    ./src/app/page.tsx [Server Component] @ http://localhost:3000/_next/static/chunks/node_modules_next_dist_f3530cac._.js:3127
[  101092ms] [ERROR] ./src/components/ui/background-boxes.tsx:1:2
Parsing ecmascript source code failed
> 1 | o'use client'
    |  ^^^^^^^^^^^^
  2 |
  3 | import React, { useEffect, useRef } from 'react'
  4 | import { cn } from '@/lib/utils'

Expected ';', '}' or <eof>

Import traces:
  Client Component Browser:
    ./src/components/ui/background-boxes.tsx [Client Component Browser]
    ./src/components/sections/Hero.tsx [Client Component Browser]
    ./src/components/sections/Hero.tsx [Server Component]
    ./src/app/page.tsx [Server Component]

  Client Component SSR:
    ./src/components/ui/background-boxes.tsx [Client Component SSR]
    ./src/components/sections/Hero.tsx [Client Component SSR]
    ./src/components/sections/Hero.tsx [Server Component]
    ./src/app/page.tsx [Server Component] @ http://localhost:3000/_next/static/chunks/node_modules_next_dist_f3530cac._.js:3127
[  101166ms] [ERROR] ./src/components/ui/background-boxes.tsx:1:2
Parsing ecmascript source code failed
> 1 | o'use client'
    |  ^^^^^^^^^^^^
  2 |
  3 | import React, { useEffect, useRef } from 'react'
  4 | import { cn } from '@/lib/utils'

Expected ';', '}' or <eof>

Import traces:
  Client Component Browser:
    ./src/components/ui/background-boxes.tsx [Client Component Browser]
    ./src/components/sections/Hero.tsx [Client Component Browser]
    ./src/components/sections/Hero.tsx [Server Component]
    ./src/app/page.tsx [Server Component]

  Client Component SSR:
    ./src/components/ui/background-boxes.tsx [Client Component SSR]
    ./src/components/sections/Hero.tsx [Client Component SSR]
    ./src/components/sections/Hero.tsx [Server Component]
    ./src/app/page.tsx [Server Component] @ http://localhost:3000/_next/static/chunks/node_modules_next_dist_f3530cac._.js:3127
[  101261ms] [ERROR] ./src/components/ui/background-boxes.tsx:1:2
Parsing ecmascript source code failed
> 1 | o'use client'
    |  ^^^^^^^^^^^^
  2 |
  3 | import React, { useEffect, useRef } from 'react'
  4 | import { cn } from '@/lib/utils'

Expected ';', '}' or <eof>

Import traces:
  Client Component Browser:
    ./src/components/ui/background-boxes.tsx [Client Component Browser]
    ./src/components/sections/Hero.tsx [Client Component Browser]
    ./src/components/sections/Hero.tsx [Server Component]
    ./src/app/page.tsx [Server Component]

  Client Component SSR:
    ./src/components/ui/background-boxes.tsx [Client Component SSR]
    ./src/components/sections/Hero.tsx [Client Component SSR]
    ./src/components/sections/Hero.tsx [Server Component]
    ./src/app/page.tsx [Server Component] @ http://localhost:3000/_next/static/chunks/node_modules_next_dist_f3530cac._.js:3127
[  101351ms] [ERROR] ./src/components/ui/background-boxes.tsx:1:2
Parsing ecmascript source code failed
> 1 | o'use client'
    |  ^^^^^^^^^^^^
  2 |
  3 | import React, { useEffect, useRef } from 'react'
  4 | import { cn } from '@/lib/utils'

Expected ';', '}' or <eof>

Import traces:
  Client Component Browser:
    ./src/components/ui/background-boxes.tsx [Client Component Browser]
    ./src/components/sections/Hero.tsx [Client Component Browser]
    ./src/components/sections/Hero.tsx [Server Component]
    ./src/app/page.tsx [Server Component]

  Client Component SSR:
    ./src/components/ui/background-boxes.tsx [Client Component SSR]
    ./src/components/sections/Hero.tsx [Client Component SSR]
    ./src/components/sections/Hero.tsx [Server Component]
    ./src/app/page.tsx [Server Component] @ http://localhost:3000/_next/static/chunks/node_modules_next_dist_f3530cac._.js:3127
[  101445ms] [ERROR] ./src/components/ui/background-boxes.tsx:1:2
Parsing ecmascript source code failed
> 1 | o'use client'
    |  ^^^^^^^^^^^^
  2 |
  3 | import React, { useEffect, useRef } from 'react'
  4 | import { cn } from '@/lib/utils'

Expected ';', '}' or <eof>

Import traces:
  Client Component Browser:
    ./src/components/ui/background-boxes.tsx [Client Component Browser]
    ./src/components/sections/Hero.tsx [Client Component Browser]
    ./src/components/sections/Hero.tsx [Server Component]
    ./src/app/page.tsx [Server Component]

  Client Component SSR:
    ./src/components/ui/background-boxes.tsx [Client Component SSR]
    ./src/components/sections/Hero.tsx [Client Component SSR]
    ./src/components/sections/Hero.tsx [Server Component]
    ./src/app/page.tsx [Server Component] @ http://localhost:3000/_next/static/chunks/node_modules_next_dist_f3530cac._.js:3127
[  101539ms] [ERROR] ./src/components/ui/background-boxes.tsx:1:2
Parsing ecmascript source code failed
> 1 | o'use client'
    |  ^^^^^^^^^^^^
  2 |
  3 | import React, { useEffect, useRef } from 'react'
  4 | import { cn } from '@/lib/utils'

Expected ';', '}' or <eof>

Import traces:
  Client Component Browser:
    ./src/components/ui/background-boxes.tsx [Client Component Browser]
    ./src/components/sections/Hero.tsx [Client Component Browser]
    ./src/components/sections/Hero.tsx [Server Component]
    ./src/app/page.tsx [Server Component]

  Client Component SSR:
    ./src/components/ui/background-boxes.tsx [Client Component SSR]
    ./src/components/sections/Hero.tsx [Client Component SSR]
    ./src/components/sections/Hero.tsx [Server Component]
    ./src/app/page.tsx [Server Component] @ http://localhost:3000/_next/static/chunks/node_modules_next_dist_f3530cac._.js:3127
[  101616ms] [ERROR] ./src/components/ui/background-boxes.tsx:1:2
Parsing ecmascript source code failed
> 1 | o'use client'
    |  ^^^^^^^^^^^^
  2 |
  3 | import React, { useEffect, useRef } from 'react'
  4 | import { cn } from '@/lib/utils'

Expected ';', '}' or <eof>

Import traces:
  Client Component Browser:
    ./src/components/ui/background-boxes.tsx [Client Component Browser]
    ./src/components/sections/Hero.tsx [Client Component Browser]
    ./src/components/sections/Hero.tsx [Server Component]
    ./src/app/page.tsx [Server Component]

  Client Component SSR:
    ./src/components/ui/background-boxes.tsx [Client Component SSR]
    ./src/components/sections/Hero.tsx [Client Component SSR]
    ./src/components/sections/Hero.tsx [Server Component]
    ./src/app/page.tsx [Server Component] @ http://localhost:3000/_next/static/chunks/node_modules_next_dist_f3530cac._.js:3127
[  101688ms] [ERROR] ./src/components/ui/background-boxes.tsx:1:2
Parsing ecmascript source code failed
> 1 | o'use client'
    |  ^^^^^^^^^^^^
  2 |
  3 | import React, { useEffect, useRef } from 'react'
  4 | import { cn } from '@/lib/utils'

Expected ';', '}' or <eof>

Import traces:
  Client Component Browser:
    ./src/components/ui/background-boxes.tsx [Client Component Browser]
    ./src/components/sections/Hero.tsx [Client Component Browser]
    ./src/components/sections/Hero.tsx [Server Component]
    ./src/app/page.tsx [Server Component]

  Client Component SSR:
    ./src/components/ui/background-boxes.tsx [Client Component SSR]
    ./src/components/sections/Hero.tsx [Client Component SSR]
    ./src/components/sections/Hero.tsx [Server Component]
    ./src/app/page.tsx [Server Component] @ http://localhost:3000/_next/static/chunks/node_modules_next_dist_f3530cac._.js:3127
[  101782ms] [ERROR] ./src/components/ui/background-boxes.tsx:1:2
Parsing ecmascript source code failed
> 1 | o'use client'
    |  ^^^^^^^^^^^^
  2 |
  3 | import React, { useEffect, useRef } from 'react'
  4 | import { cn } from '@/lib/utils'

Expected ';', '}' or <eof>

Import traces:
  Client Component Browser:
    ./src/components/ui/background-boxes.tsx [Client Component Browser]
    ./src/components/sections/Hero.tsx [Client Component Browser]
    ./src/components/sections/Hero.tsx [Server Component]
    ./src/app/page.tsx [Server Component]

  Client Component SSR:
    ./src/components/ui/background-boxes.tsx [Client Component SSR]
    ./src/components/sections/Hero.tsx [Client Component SSR]
    ./src/components/sections/Hero.tsx [Server Component]
    ./src/app/page.tsx [Server Component] @ http://localhost:3000/_next/static/chunks/node_modules_next_dist_f3530cac._.js:3127
[  101869ms] [ERROR] ./src/components/ui/background-boxes.tsx:1:2
Parsing ecmascript source code failed
> 1 | o'use client'
    |  ^^^^^^^^^^^^
  2 |
  3 | import React, { useEffect, useRef } from 'react'
  4 | import { cn } from '@/lib/utils'

Expected ';', '}' or <eof>

Import traces:
  Client Component Browser:
    ./src/components/ui/background-boxes.tsx [Client Component Browser]
    ./src/components/sections/Hero.tsx [Client Component Browser]
    ./src/components/sections/Hero.tsx [Server Component]
    ./src/app/page.tsx [Server Component]

  Client Component SSR:
    ./src/components/ui/background-boxes.tsx [Client Component SSR]
    ./src/components/sections/Hero.tsx [Client Component SSR]
    ./src/components/sections/Hero.tsx [Server Component]
    ./src/app/page.tsx [Server Component] @ http://localhost:3000/_next/static/chunks/node_modules_next_dist_f3530cac._.js:3127
[  101946ms] [ERROR] ./src/components/ui/background-boxes.tsx:1:2
Parsing ecmascript source code failed
> 1 | o'use client'
    |  ^^^^^^^^^^^^
  2 |
  3 | import React, { useEffect, useRef } from 'react'
  4 | import { cn } from '@/lib/utils'

Expected ';', '}' or <eof>

Import traces:
  Client Component Browser:
    ./src/components/ui/background-boxes.tsx [Client Component Browser]
    ./src/components/sections/Hero.tsx [Client Component Browser]
    ./src/components/sections/Hero.tsx [Server Component]
    ./src/app/page.tsx [Server Component]

  Client Component SSR:
    ./src/components/ui/background-boxes.tsx [Client Component SSR]
    ./src/components/sections/Hero.tsx [Client Component SSR]
    ./src/components/sections/Hero.tsx [Server Component]
    ./src/app/page.tsx [Server Component] @ http://localhost:3000/_next/static/chunks/node_modules_next_dist_f3530cac._.js:3127
[  102033ms] [ERROR] ./src/components/ui/background-boxes.tsx:1:2
Parsing ecmascript source code failed
> 1 | o'use client'
    |  ^^^^^^^^^^^^
  2 |
  3 | import React, { useEffect, useRef } from 'react'
  4 | import { cn } from '@/lib/utils'

Expected ';', '}' or <eof>

Import traces:
  Client Component Browser:
    ./src/components/ui/background-boxes.tsx [Client Component Browser]
    ./src/components/sections/Hero.tsx [Client Component Browser]
    ./src/components/sections/Hero.tsx [Server Component]
    ./src/app/page.tsx [Server Component]

  Client Component SSR:
    ./src/components/ui/background-boxes.tsx [Client Component SSR]
    ./src/components/sections/Hero.tsx [Client Component SSR]
    ./src/components/sections/Hero.tsx [Server Component]
    ./src/app/page.tsx [Server Component] @ http://localhost:3000/_next/static/chunks/node_modules_next_dist_f3530cac._.js:3127
[  102103ms] [ERROR] ./src/components/ui/background-boxes.tsx:1:2
Parsing ecmascript source code failed
> 1 | o'use client'
    |  ^^^^^^^^^^^^
  2 |
  3 | import React, { useEffect, useRef } from 'react'
  4 | import { cn } from '@/lib/utils'

Expected ';', '}' or <eof>

Import traces:
  Client Component Browser:
    ./src/components/ui/background-boxes.tsx [Client Component Browser]
    ./src/components/sections/Hero.tsx [Client Component Browser]
    ./src/components/sections/Hero.tsx [Server Component]
    ./src/app/page.tsx [Server Component]

  Client Component SSR:
    ./src/components/ui/background-boxes.tsx [Client Component SSR]
    ./src/components/sections/Hero.tsx [Client Component SSR]
    ./src/components/sections/Hero.tsx [Server Component]
    ./src/app/page.tsx [Server Component] @ http://localhost:3000/_next/static/chunks/node_modules_next_dist_f3530cac._.js:3127
[  102190ms] [ERROR] ./src/components/ui/background-boxes.tsx:1:2
Parsing ecmascript source code failed
> 1 | o'use client'
    |  ^^^^^^^^^^^^
  2 |
  3 | import React, { useEffect, useRef } from 'react'
  4 | import { cn } from '@/lib/utils'

Expected ';', '}' or <eof>

Import traces:
  Client Component Browser:
    ./src/components/ui/background-boxes.tsx [Client Component Browser]
    ./src/components/sections/Hero.tsx [Client Component Browser]
    ./src/components/sections/Hero.tsx [Server Component]
    ./src/app/page.tsx [Server Component]

  Client Component SSR:
    ./src/components/ui/background-boxes.tsx [Client Component SSR]
    ./src/components/sections/Hero.tsx [Client Component SSR]
    ./src/components/sections/Hero.tsx [Server Component]
    ./src/app/page.tsx [Server Component] @ http://localhost:3000/_next/static/chunks/node_modules_next_dist_f3530cac._.js:3127
[  102287ms] [ERROR] ./src/components/ui/background-boxes.tsx:1:2
Parsing ecmascript source code failed
> 1 | o'use client'
    |  ^^^^^^^^^^^^
  2 |
  3 | import React, { useEffect, useRef } from 'react'
  4 | import { cn } from '@/lib/utils'

Expected ';', '}' or <eof>

Import traces:
  Client Component Browser:
    ./src/components/ui/background-boxes.tsx [Client Component Browser]
    ./src/components/sections/Hero.tsx [Client Component Browser]
    ./src/components/sections/Hero.tsx [Server Component]
    ./src/app/page.tsx [Server Component]

  Client Component SSR:
    ./src/components/ui/background-boxes.tsx [Client Component SSR]
    ./src/components/sections/Hero.tsx [Client Component SSR]
    ./src/components/sections/Hero.tsx [Server Component]
    ./src/app/page.tsx [Server Component] @ http://localhost:3000/_next/static/chunks/node_modules_next_dist_f3530cac._.js:3127
[  102355ms] [ERROR] ./src/components/ui/background-boxes.tsx:1:2
Parsing ecmascript source code failed
> 1 | o'use client'
    |  ^^^^^^^^^^^^
  2 |
  3 | import React, { useEffect, useRef } from 'react'
  4 | import { cn } from '@/lib/utils'

Expected ';', '}' or <eof>

Import traces:
  Client Component Browser:
    ./src/components/ui/background-boxes.tsx [Client Component Browser]
    ./src/components/sections/Hero.tsx [Client Component Browser]
    ./src/components/sections/Hero.tsx [Server Component]
    ./src/app/page.tsx [Server Component]

  Client Component SSR:
    ./src/components/ui/background-boxes.tsx [Client Component SSR]
    ./src/components/sections/Hero.tsx [Client Component SSR]
    ./src/components/sections/Hero.tsx [Server Component]
    ./src/app/page.tsx [Server Component] @ http://localhost:3000/_next/static/chunks/node_modules_next_dist_f3530cac._.js:3127
[  102440ms] [ERROR] ./src/components/ui/background-boxes.tsx:1:2
Parsing ecmascript source code failed
> 1 | o'use client'
    |  ^^^^^^^^^^^^
  2 |
  3 | import React, { useEffect, useRef } from 'react'
  4 | import { cn } from '@/lib/utils'

Expected ';', '}' or <eof>

Import traces:
  Client Component Browser:
    ./src/components/ui/background-boxes.tsx [Client Component Browser]
    ./src/components/sections/Hero.tsx [Client Component Browser]
    ./src/components/sections/Hero.tsx [Server Component]
    ./src/app/page.tsx [Server Component]

  Client Component SSR:
    ./src/components/ui/background-boxes.tsx [Client Component SSR]
    ./src/components/sections/Hero.tsx [Client Component SSR]
    ./src/components/sections/Hero.tsx [Server Component]
    ./src/app/page.tsx [Server Component] @ http://localhost:3000/_next/static/chunks/node_modules_next_dist_f3530cac._.js:3127
[  102538ms] [ERROR] ./src/components/ui/background-boxes.tsx:1:2
Parsing ecmascript source code failed
> 1 | o'use client'
    |  ^^^^^^^^^^^^
  2 |
  3 | import React, { useEffect, useRef } from 'react'
  4 | import { cn } from '@/lib/utils'

Expected ';', '}' or <eof>

Import traces:
  Client Component Browser:
    ./src/components/ui/background-boxes.tsx [Client Component Browser]
    ./src/components/sections/Hero.tsx [Client Component Browser]
    ./src/components/sections/Hero.tsx [Server Component]
    ./src/app/page.tsx [Server Component]

  Client Component SSR:
    ./src/components/ui/background-boxes.tsx [Client Component SSR]
    ./src/components/sections/Hero.tsx [Client Component SSR]
    ./src/components/sections/Hero.tsx [Server Component]
    ./src/app/page.tsx [Server Component] @ http://localhost:3000/_next/static/chunks/node_modules_next_dist_f3530cac._.js:3127
[  102617ms] [ERROR] ./src/components/ui/background-boxes.tsx:1:2
Parsing ecmascript source code failed
> 1 | o'use client'
    |  ^^^^^^^^^^^^
  2 |
  3 | import React, { useEffect, useRef } from 'react'
  4 | import { cn } from '@/lib/utils'

Expected ';', '}' or <eof>

Import traces:
  Client Component Browser:
    ./src/components/ui/background-boxes.tsx [Client Component Browser]
    ./src/components/sections/Hero.tsx [Client Component Browser]
    ./src/components/sections/Hero.tsx [Server Component]
    ./src/app/page.tsx [Server Component]

  Client Component SSR:
    ./src/components/ui/background-boxes.tsx [Client Component SSR]
    ./src/components/sections/Hero.tsx [Client Component SSR]
    ./src/components/sections/Hero.tsx [Server Component]
    ./src/app/page.tsx [Server Component] @ http://localhost:3000/_next/static/chunks/node_modules_next_dist_f3530cac._.js:3127
[  102716ms] [ERROR] ./src/components/ui/background-boxes.tsx:1:2
Parsing ecmascript source code failed
> 1 | o'use client'
    |  ^^^^^^^^^^^^
  2 |
  3 | import React, { useEffect, useRef } from 'react'
  4 | import { cn } from '@/lib/utils'

Expected ';', '}' or <eof>

Import traces:
  Client Component Browser:
    ./src/components/ui/background-boxes.tsx [Client Component Browser]
    ./src/components/sections/Hero.tsx [Client Component Browser]
    ./src/components/sections/Hero.tsx [Server Component]
    ./src/app/page.tsx [Server Component]

  Client Component SSR:
    ./src/components/ui/background-boxes.tsx [Client Component SSR]
    ./src/components/sections/Hero.tsx [Client Component SSR]
    ./src/components/sections/Hero.tsx [Server Component]
    ./src/app/page.tsx [Server Component] @ http://localhost:3000/_next/static/chunks/node_modules_next_dist_f3530cac._.js:3127
[  102810ms] [ERROR] ./src/components/ui/background-boxes.tsx:1:2
Parsing ecmascript source code failed
> 1 | o'use client'
    |  ^^^^^^^^^^^^
  2 |
  3 | import React, { useEffect, useRef } from 'react'
  4 | import { cn } from '@/lib/utils'

Expected ';', '}' or <eof>

Import traces:
  Client Component Browser:
    ./src/components/ui/background-boxes.tsx [Client Component Browser]
    ./src/components/sections/Hero.tsx [Client Component Browser]
    ./src/components/sections/Hero.tsx [Server Component]
    ./src/app/page.tsx [Server Component]

  Client Component SSR:
    ./src/components/ui/background-boxes.tsx [Client Component SSR]
    ./src/components/sections/Hero.tsx [Client Component SSR]
    ./src/components/sections/Hero.tsx [Server Component]
    ./src/app/page.tsx [Server Component] @ http://localhost:3000/_next/static/chunks/node_modules_next_dist_f3530cac._.js:3127
[  102886ms] [ERROR] ./src/components/ui/background-boxes.tsx:1:2
Parsing ecmascript source code failed
> 1 | o'use client'
    |  ^^^^^^^^^^^^
  2 |
  3 | import React, { useEffect, useRef } from 'react'
  4 | import { cn } from '@/lib/utils'

Expected ';', '}' or <eof>

Import traces:
  Client Component Browser:
    ./src/components/ui/background-boxes.tsx [Client Component Browser]
    ./src/components/sections/Hero.tsx [Client Component Browser]
    ./src/components/sections/Hero.tsx [Server Component]
    ./src/app/page.tsx [Server Component]

  Client Component SSR:
    ./src/components/ui/background-boxes.tsx [Client Component SSR]
    ./src/components/sections/Hero.tsx [Client Component SSR]
    ./src/components/sections/Hero.tsx [Server Component]
    ./src/app/page.tsx [Server Component] @ http://localhost:3000/_next/static/chunks/node_modules_next_dist_f3530cac._.js:3127
[  102955ms] [ERROR] ./src/components/ui/background-boxes.tsx:1:2
Parsing ecmascript source code failed
> 1 | o'use client'
    |  ^^^^^^^^^^^^
  2 |
  3 | import React, { useEffect, useRef } from 'react'
  4 | import { cn } from '@/lib/utils'

Expected ';', '}' or <eof>

Import traces:
  Client Component Browser:
    ./src/components/ui/background-boxes.tsx [Client Component Browser]
    ./src/components/sections/Hero.tsx [Client Component Browser]
    ./src/components/sections/Hero.tsx [Server Component]
    ./src/app/page.tsx [Server Component]

  Client Component SSR:
    ./src/components/ui/background-boxes.tsx [Client Component SSR]
    ./src/components/sections/Hero.tsx [Client Component SSR]
    ./src/components/sections/Hero.tsx [Server Component]
    ./src/app/page.tsx [Server Component] @ http://localhost:3000/_next/static/chunks/node_modules_next_dist_f3530cac._.js:3127
[  103018ms] [ERROR] ./src/components/ui/background-boxes.tsx:1:2
Parsing ecmascript source code failed
> 1 | o'use client'
    |  ^^^^^^^^^^^^
  2 |
  3 | import React, { useEffect, useRef } from 'react'
  4 | import { cn } from '@/lib/utils'

Expected ';', '}' or <eof>

Import traces:
  Client Component Browser:
    ./src/components/ui/background-boxes.tsx [Client Component Browser]
    ./src/components/sections/Hero.tsx [Client Component Browser]
    ./src/components/sections/Hero.tsx [Server Component]
    ./src/app/page.tsx [Server Component]

  Client Component SSR:
    ./src/components/ui/background-boxes.tsx [Client Component SSR]
    ./src/components/sections/Hero.tsx [Client Component SSR]
    ./src/components/sections/Hero.tsx [Server Component]
    ./src/app/page.tsx [Server Component] @ http://localhost:3000/_next/static/chunks/node_modules_next_dist_f3530cac._.js:3127
[  103085ms] [ERROR] ./src/components/ui/background-boxes.tsx:1:2
Parsing ecmascript source code failed
> 1 | o'use client'
    |  ^^^^^^^^^^^^
  2 |
  3 | import React, { useEffect, useRef } from 'react'
  4 | import { cn } from '@/lib/utils'

Expected ';', '}' or <eof>

Import traces:
  Client Component Browser:
    ./src/components/ui/background-boxes.tsx [Client Component Browser]
    ./src/components/sections/Hero.tsx [Client Component Browser]
    ./src/components/sections/Hero.tsx [Server Component]
    ./src/app/page.tsx [Server Component]

  Client Component SSR:
    ./src/components/ui/background-boxes.tsx [Client Component SSR]
    ./src/components/sections/Hero.tsx [Client Component SSR]
    ./src/components/sections/Hero.tsx [Server Component]
    ./src/app/page.tsx [Server Component] @ http://localhost:3000/_next/static/chunks/node_modules_next_dist_f3530cac._.js:3127
[  103178ms] [ERROR] ./src/components/ui/background-boxes.tsx:1:2
Parsing ecmascript source code failed
> 1 | o'use client'
    |  ^^^^^^^^^^^^
  2 |
  3 | import React, { useEffect, useRef } from 'react'
  4 | import { cn } from '@/lib/utils'

Expected ';', '}' or <eof>

Import traces:
  Client Component Browser:
    ./src/components/ui/background-boxes.tsx [Client Component Browser]
    ./src/components/sections/Hero.tsx [Client Component Browser]
    ./src/components/sections/Hero.tsx [Server Component]
    ./src/app/page.tsx [Server Component]

  Client Component SSR:
    ./src/components/ui/background-boxes.tsx [Client Component SSR]
    ./src/components/sections/Hero.tsx [Client Component SSR]
    ./src/components/sections/Hero.tsx [Server Component]
    ./src/app/page.tsx [Server Component] @ http://localhost:3000/_next/static/chunks/node_modules_next_dist_f3530cac._.js:3127
[  103250ms] [ERROR] ./src/components/ui/background-boxes.tsx:1:2
Parsing ecmascript source code failed
> 1 | o'use client'
    |  ^^^^^^^^^^^^
  2 |
  3 | import React, { useEffect, useRef } from 'react'
  4 | import { cn } from '@/lib/utils'

Expected ';', '}' or <eof>

Import traces:
  Client Component Browser:
    ./src/components/ui/background-boxes.tsx [Client Component Browser]
    ./src/components/sections/Hero.tsx [Client Component Browser]
    ./src/components/sections/Hero.tsx [Server Component]
    ./src/app/page.tsx [Server Component]

  Client Component SSR:
    ./src/components/ui/background-boxes.tsx [Client Component SSR]
    ./src/components/sections/Hero.tsx [Client Component SSR]
    ./src/components/sections/Hero.tsx [Server Component]
    ./src/app/page.tsx [Server Component] @ http://localhost:3000/_next/static/chunks/node_modules_next_dist_f3530cac._.js:3127
[  103321ms] [ERROR] ./src/components/ui/background-boxes.tsx:1:2
Parsing ecmascript source code failed
> 1 | o'use client'
    |  ^^^^^^^^^^^^
  2 |
  3 | import React, { useEffect, useRef } from 'react'
  4 | import { cn } from '@/lib/utils'

Expected ';', '}' or <eof>

Import traces:
  Client Component Browser:
    ./src/components/ui/background-boxes.tsx [Client Component Browser]
    ./src/components/sections/Hero.tsx [Client Component Browser]
    ./src/components/sections/Hero.tsx [Server Component]
    ./src/app/page.tsx [Server Component]

  Client Component SSR:
    ./src/components/ui/background-boxes.tsx [Client Component SSR]
    ./src/components/sections/Hero.tsx [Client Component SSR]
    ./src/components/sections/Hero.tsx [Server Component]
    ./src/app/page.tsx [Server Component] @ http://localhost:3000/_next/static/chunks/node_modules_next_dist_f3530cac._.js:3127
[  103410ms] [ERROR] ./src/components/ui/background-boxes.tsx:1:2
Parsing ecmascript source code failed
> 1 | o'use client'
    |  ^^^^^^^^^^^^
  2 |
  3 | import React, { useEffect, useRef } from 'react'
  4 | import { cn } from '@/lib/utils'

Expected ';', '}' or <eof>

Import traces:
  Client Component Browser:
    ./src/components/ui/background-boxes.tsx [Client Component Browser]
    ./src/components/sections/Hero.tsx [Client Component Browser]
    ./src/components/sections/Hero.tsx [Server Component]
    ./src/app/page.tsx [Server Component]

  Client Component SSR:
    ./src/components/ui/background-boxes.tsx [Client Component SSR]
    ./src/components/sections/Hero.tsx [Client Component SSR]
    ./src/components/sections/Hero.tsx [Server Component]
    ./src/app/page.tsx [Server Component] @ http://localhost:3000/_next/static/chunks/node_modules_next_dist_f3530cac._.js:3127
[  103502ms] [ERROR] ./src/components/ui/background-boxes.tsx:1:2
Parsing ecmascript source code failed
> 1 | o'use client'
    |  ^^^^^^^^^^^^
  2 |
  3 | import React, { useEffect, useRef } from 'react'
  4 | import { cn } from '@/lib/utils'

Expected ';', '}' or <eof>

Import traces:
  Client Component Browser:
    ./src/components/ui/background-boxes.tsx [Client Component Browser]
    ./src/components/sections/Hero.tsx [Client Component Browser]
    ./src/components/sections/Hero.tsx [Server Component]
    ./src/app/page.tsx [Server Component]

  Client Component SSR:
    ./src/components/ui/background-boxes.tsx [Client Component SSR]
    ./src/components/sections/Hero.tsx [Client Component SSR]
    ./src/components/sections/Hero.tsx [Server Component]
    ./src/app/page.tsx [Server Component] @ http://localhost:3000/_next/static/chunks/node_modules_next_dist_f3530cac._.js:3127
[  103593ms] [ERROR] ./src/components/ui/background-boxes.tsx:1:2
Parsing ecmascript source code failed
> 1 | o'use client'
    |  ^^^^^^^^^^^^
  2 |
  3 | import React, { useEffect, useRef } from 'react'
  4 | import { cn } from '@/lib/utils'

Expected ';', '}' or <eof>

Import traces:
  Client Component Browser:
    ./src/components/ui/background-boxes.tsx [Client Component Browser]
    ./src/components/sections/Hero.tsx [Client Component Browser]
    ./src/components/sections/Hero.tsx [Server Component]
    ./src/app/page.tsx [Server Component]

  Client Component SSR:
    ./src/components/ui/background-boxes.tsx [Client Component SSR]
    ./src/components/sections/Hero.tsx [Client Component SSR]
    ./src/components/sections/Hero.tsx [Server Component]
    ./src/app/page.tsx [Server Component] @ http://localhost:3000/_next/static/chunks/node_modules_next_dist_f3530cac._.js:3127
[  103693ms] [ERROR] ./src/components/ui/background-boxes.tsx:1:2
Parsing ecmascript source code failed
> 1 | o'use client'
    |  ^^^^^^^^^^^^
  2 |
  3 | import React, { useEffect, useRef } from 'react'
  4 | import { cn } from '@/lib/utils'

Expected ';', '}' or <eof>

Import traces:
  Client Component Browser:
    ./src/components/ui/background-boxes.tsx [Client Component Browser]
    ./src/components/sections/Hero.tsx [Client Component Browser]
    ./src/components/sections/Hero.tsx [Server Component]
    ./src/app/page.tsx [Server Component]

  Client Component SSR:
    ./src/components/ui/background-boxes.tsx [Client Component SSR]
    ./src/components/sections/Hero.tsx [Client Component SSR]
    ./src/components/sections/Hero.tsx [Server Component]
    ./src/app/page.tsx [Server Component] @ http://localhost:3000/_next/static/chunks/node_modules_next_dist_f3530cac._.js:3127
[  103785ms] [ERROR] ./src/components/ui/background-boxes.tsx:1:2
Parsing ecmascript source code failed
> 1 | o'use client'
    |  ^^^^^^^^^^^^
  2 |
  3 | import React, { useEffect, useRef } from 'react'
  4 | import { cn } from '@/lib/utils'

Expected ';', '}' or <eof>

Import traces:
  Client Component Browser:
    ./src/components/ui/background-boxes.tsx [Client Component Browser]
    ./src/components/sections/Hero.tsx [Client Component Browser]
    ./src/components/sections/Hero.tsx [Server Component]
    ./src/app/page.tsx [Server Component]

  Client Component SSR:
    ./src/components/ui/background-boxes.tsx [Client Component SSR]
    ./src/components/sections/Hero.tsx [Client Component SSR]
    ./src/components/sections/Hero.tsx [Server Component]
    ./src/app/page.tsx [Server Component] @ http://localhost:3000/_next/static/chunks/node_modules_next_dist_f3530cac._.js:3127
[  103878ms] [ERROR] ./src/components/ui/background-boxes.tsx:1:2
Parsing ecmascript source code failed
> 1 | o'use client'
    |  ^^^^^^^^^^^^
  2 |
  3 | import React, { useEffect, useRef } from 'react'
  4 | import { cn } from '@/lib/utils'

Expected ';', '}' or <eof>

Import traces:
  Client Component Browser:
    ./src/components/ui/background-boxes.tsx [Client Component Browser]
    ./src/components/sections/Hero.tsx [Client Component Browser]
    ./src/components/sections/Hero.tsx [Server Component]
    ./src/app/page.tsx [Server Component]

  Client Component SSR:
    ./src/components/ui/background-boxes.tsx [Client Component SSR]
    ./src/components/sections/Hero.tsx [Client Component SSR]
    ./src/components/sections/Hero.tsx [Server Component]
    ./src/app/page.tsx [Server Component] @ http://localhost:3000/_next/static/chunks/node_modules_next_dist_f3530cac._.js:3127
[  103978ms] [ERROR] ./src/components/ui/background-boxes.tsx:1:2
Parsing ecmascript source code failed
> 1 | o'use client'
    |  ^^^^^^^^^^^^
  2 |
  3 | import React, { useEffect, useRef } from 'react'
  4 | import { cn } from '@/lib/utils'

Expected ';', '}' or <eof>

Import traces:
  Client Component Browser:
    ./src/components/ui/background-boxes.tsx [Client Component Browser]
    ./src/components/sections/Hero.tsx [Client Component Browser]
    ./src/components/sections/Hero.tsx [Server Component]
    ./src/app/page.tsx [Server Component]

  Client Component SSR:
    ./src/components/ui/background-boxes.tsx [Client Component SSR]
    ./src/components/sections/Hero.tsx [Client Component SSR]
    ./src/components/sections/Hero.tsx [Server Component]
    ./src/app/page.tsx [Server Component] @ http://localhost:3000/_next/static/chunks/node_modules_next_dist_f3530cac._.js:3127
[  104050ms] [ERROR] ./src/components/ui/background-boxes.tsx:1:2
Parsing ecmascript source code failed
> 1 | o'use client'
    |  ^^^^^^^^^^^^
  2 |
  3 | import React, { useEffect, useRef } from 'react'
  4 | import { cn } from '@/lib/utils'

Expected ';', '}' or <eof>

Import traces:
  Client Component Browser:
    ./src/components/ui/background-boxes.tsx [Client Component Browser]
    ./src/components/sections/Hero.tsx [Client Component Browser]
    ./src/components/sections/Hero.tsx [Server Component]
    ./src/app/page.tsx [Server Component]

  Client Component SSR:
    ./src/components/ui/background-boxes.tsx [Client Component SSR]
    ./src/components/sections/Hero.tsx [Client Component SSR]
    ./src/components/sections/Hero.tsx [Server Component]
    ./src/app/page.tsx [Server Component] @ http://localhost:3000/_next/static/chunks/node_modules_next_dist_f3530cac._.js:3127
[  104142ms] [ERROR] ./src/components/ui/background-boxes.tsx:1:2
Parsing ecmascript source code failed
> 1 | o'use client'
    |  ^^^^^^^^^^^^
  2 |
  3 | import React, { useEffect, useRef } from 'react'
  4 | import { cn } from '@/lib/utils'

Expected ';', '}' or <eof>

Import traces:
  Client Component Browser:
    ./src/components/ui/background-boxes.tsx [Client Component Browser]
    ./src/components/sections/Hero.tsx [Client Component Browser]
    ./src/components/sections/Hero.tsx [Server Component]
    ./src/app/page.tsx [Server Component]

  Client Component SSR:
    ./src/components/ui/background-boxes.tsx [Client Component SSR]
    ./src/components/sections/Hero.tsx [Client Component SSR]
    ./src/components/sections/Hero.tsx [Server Component]
    ./src/app/page.tsx [Server Component] @ http://localhost:3000/_next/static/chunks/node_modules_next_dist_f3530cac._.js:3127
[  104229ms] [ERROR] ./src/components/ui/background-boxes.tsx:1:2
Parsing ecmascript source code failed
> 1 | o'use client'
    |  ^^^^^^^^^^^^
  2 |
  3 | import React, { useEffect, useRef } from 'react'
  4 | import { cn } from '@/lib/utils'

Expected ';', '}' or <eof>

Import traces:
  Client Component Browser:
    ./src/components/ui/background-boxes.tsx [Client Component Browser]
    ./src/components/sections/Hero.tsx [Client Component Browser]
    ./src/components/sections/Hero.tsx [Server Component]
    ./src/app/page.tsx [Server Component]

  Client Component SSR:
    ./src/components/ui/background-boxes.tsx [Client Component SSR]
    ./src/components/sections/Hero.tsx [Client Component SSR]
    ./src/components/sections/Hero.tsx [Server Component]
    ./src/app/page.tsx [Server Component] @ http://localhost:3000/_next/static/chunks/node_modules_next_dist_f3530cac._.js:3127
[  104304ms] [ERROR] ./src/components/ui/background-boxes.tsx:1:2
Parsing ecmascript source code failed
> 1 | o'use client'
    |  ^^^^^^^^^^^^
  2 |
  3 | import React, { useEffect, useRef } from 'react'
  4 | import { cn } from '@/lib/utils'

Expected ';', '}' or <eof>

Import traces:
  Client Component Browser:
    ./src/components/ui/background-boxes.tsx [Client Component Browser]
    ./src/components/sections/Hero.tsx [Client Component Browser]
    ./src/components/sections/Hero.tsx [Server Component]
    ./src/app/page.tsx [Server Component]

  Client Component SSR:
    ./src/components/ui/background-boxes.tsx [Client Component SSR]
    ./src/components/sections/Hero.tsx [Client Component SSR]
    ./src/components/sections/Hero.tsx [Server Component]
    ./src/app/page.tsx [Server Component] @ http://localhost:3000/_next/static/chunks/node_modules_next_dist_f3530cac._.js:3127
[  104396ms] [ERROR] ./src/components/ui/background-boxes.tsx:1:2
Parsing ecmascript source code failed
> 1 | o'use client'
    |  ^^^^^^^^^^^^
  2 |
  3 | import React, { useEffect, useRef } from 'react'
  4 | import { cn } from '@/lib/utils'

Expected ';', '}' or <eof>

Import traces:
  Client Component Browser:
    ./src/components/ui/background-boxes.tsx [Client Component Browser]
    ./src/components/sections/Hero.tsx [Client Component Browser]
    ./src/components/sections/Hero.tsx [Server Component]
    ./src/app/page.tsx [Server Component]

  Client Component SSR:
    ./src/components/ui/background-boxes.tsx [Client Component SSR]
    ./src/components/sections/Hero.tsx [Client Component SSR]
    ./src/components/sections/Hero.tsx [Server Component]
    ./src/app/page.tsx [Server Component] @ http://localhost:3000/_next/static/chunks/node_modules_next_dist_f3530cac._.js:3127
[  104480ms] [ERROR] ./src/components/ui/background-boxes.tsx:1:2
Parsing ecmascript source code failed
> 1 | o'use client'
    |  ^^^^^^^^^^^^
  2 |
  3 | import React, { useEffect, useRef } from 'react'
  4 | import { cn } from '@/lib/utils'

Expected ';', '}' or <eof>

Import traces:
  Client Component Browser:
    ./src/components/ui/background-boxes.tsx [Client Component Browser]
    ./src/components/sections/Hero.tsx [Client Component Browser]
    ./src/components/sections/Hero.tsx [Server Component]
    ./src/app/page.tsx [Server Component]

  Client Component SSR:
    ./src/components/ui/background-boxes.tsx [Client Component SSR]
    ./src/components/sections/Hero.tsx [Client Component SSR]
    ./src/components/sections/Hero.tsx [Server Component]
    ./src/app/page.tsx [Server Component] @ http://localhost:3000/_next/static/chunks/node_modules_next_dist_f3530cac._.js:3127
[  104559ms] [ERROR] ./src/components/ui/background-boxes.tsx:1:2
Parsing ecmascript source code failed
> 1 | o'use client'
    |  ^^^^^^^^^^^^
  2 |
  3 | import React, { useEffect, useRef } from 'react'
  4 | import { cn } from '@/lib/utils'

Expected ';', '}' or <eof>

Import traces:
  Client Component Browser:
    ./src/components/ui/background-boxes.tsx [Client Component Browser]
    ./src/components/sections/Hero.tsx [Client Component Browser]
    ./src/components/sections/Hero.tsx [Server Component]
    ./src/app/page.tsx [Server Component]

  Client Component SSR:
    ./src/components/ui/background-boxes.tsx [Client Component SSR]
    ./src/components/sections/Hero.tsx [Client Component SSR]
    ./src/components/sections/Hero.tsx [Server Component]
    ./src/app/page.tsx [Server Component] @ http://localhost:3000/_next/static/chunks/node_modules_next_dist_f3530cac._.js:3127
[  104622ms] [ERROR] ./src/components/ui/background-boxes.tsx:1:2
Parsing ecmascript source code failed
> 1 | o'use client'
    |  ^^^^^^^^^^^^
  2 |
  3 | import React, { useEffect, useRef } from 'react'
  4 | import { cn } from '@/lib/utils'

Expected ';', '}' or <eof>

Import traces:
  Client Component Browser:
    ./src/components/ui/background-boxes.tsx [Client Component Browser]
    ./src/components/sections/Hero.tsx [Client Component Browser]
    ./src/components/sections/Hero.tsx [Server Component]
    ./src/app/page.tsx [Server Component]

  Client Component SSR:
    ./src/components/ui/background-boxes.tsx [Client Component SSR]
    ./src/components/sections/Hero.tsx [Client Component SSR]
    ./src/components/sections/Hero.tsx [Server Component]
    ./src/app/page.tsx [Server Component] @ http://localhost:3000/_next/static/chunks/node_modules_next_dist_f3530cac._.js:3127
[  104712ms] [ERROR] ./src/components/ui/background-boxes.tsx:1:2
Parsing ecmascript source code failed
> 1 | o'use client'
    |  ^^^^^^^^^^^^
  2 |
  3 | import React, { useEffect, useRef } from 'react'
  4 | import { cn } from '@/lib/utils'

Expected ';', '}' or <eof>

Import traces:
  Client Component Browser:
    ./src/components/ui/background-boxes.tsx [Client Component Browser]
    ./src/components/sections/Hero.tsx [Client Component Browser]
    ./src/components/sections/Hero.tsx [Server Component]
    ./src/app/page.tsx [Server Component]

  Client Component SSR:
    ./src/components/ui/background-boxes.tsx [Client Component SSR]
    ./src/components/sections/Hero.tsx [Client Component SSR]
    ./src/components/sections/Hero.tsx [Server Component]
    ./src/app/page.tsx [Server Component] @ http://localhost:3000/_next/static/chunks/node_modules_next_dist_f3530cac._.js:3127
[  104800ms] [ERROR] ./src/components/ui/background-boxes.tsx:1:2
Parsing ecmascript source code failed
> 1 | o'use client'
    |  ^^^^^^^^^^^^
  2 |
  3 | import React, { useEffect, useRef } from 'react'
  4 | import { cn } from '@/lib/utils'

Expected ';', '}' or <eof>

Import traces:
  Client Component Browser:
    ./src/components/ui/background-boxes.tsx [Client Component Browser]
    ./src/components/sections/Hero.tsx [Client Component Browser]
    ./src/components/sections/Hero.tsx [Server Component]
    ./src/app/page.tsx [Server Component]

  Client Component SSR:
    ./src/components/ui/background-boxes.tsx [Client Component SSR]
    ./src/components/sections/Hero.tsx [Client Component SSR]
    ./src/components/sections/Hero.tsx [Server Component]
    ./src/app/page.tsx [Server Component] @ http://localhost:3000/_next/static/chunks/node_modules_next_dist_f3530cac._.js:3127
[  104880ms] [ERROR] ./src/components/ui/background-boxes.tsx:1:2
Parsing ecmascript source code failed
> 1 | o'use client'
    |  ^^^^^^^^^^^^
  2 |
  3 | import React, { useEffect, useRef } from 'react'
  4 | import { cn } from '@/lib/utils'

Expected ';', '}' or <eof>

Import traces:
  Client Component Browser:
    ./src/components/ui/background-boxes.tsx [Client Component Browser]
    ./src/components/sections/Hero.tsx [Client Component Browser]
    ./src/components/sections/Hero.tsx [Server Component]
    ./src/app/page.tsx [Server Component]

  Client Component SSR:
    ./src/components/ui/background-boxes.tsx [Client Component SSR]
    ./src/components/sections/Hero.tsx [Client Component SSR]
    ./src/components/sections/Hero.tsx [Server Component]
    ./src/app/page.tsx [Server Component] @ http://localhost:3000/_next/static/chunks/node_modules_next_dist_f3530cac._.js:3127
[  104962ms] [ERROR] ./src/components/ui/background-boxes.tsx:1:2
Parsing ecmascript source code failed
> 1 | o'use client'
    |  ^^^^^^^^^^^^
  2 |
  3 | import React, { useEffect, useRef } from 'react'
  4 | import { cn } from '@/lib/utils'

Expected ';', '}' or <eof>

Import traces:
  Client Component Browser:
    ./src/components/ui/background-boxes.tsx [Client Component Browser]
    ./src/components/sections/Hero.tsx [Client Component Browser]
    ./src/components/sections/Hero.tsx [Server Component]
    ./src/app/page.tsx [Server Component]

  Client Component SSR:
    ./src/components/ui/background-boxes.tsx [Client Component SSR]
    ./src/components/sections/Hero.tsx [Client Component SSR]
    ./src/components/sections/Hero.tsx [Server Component]
    ./src/app/page.tsx [Server Component] @ http://localhost:3000/_next/static/chunks/node_modules_next_dist_f3530cac._.js:3127
[  105021ms] [ERROR] ./src/components/ui/background-boxes.tsx:1:2
Parsing ecmascript source code failed
> 1 | o'use client'
    |  ^^^^^^^^^^^^
  2 |
  3 | import React, { useEffect, useRef } from 'react'
  4 | import { cn } from '@/lib/utils'

Expected ';', '}' or <eof>

Import traces:
  Client Component Browser:
    ./src/components/ui/background-boxes.tsx [Client Component Browser]
    ./src/components/sections/Hero.tsx [Client Component Browser]
    ./src/components/sections/Hero.tsx [Server Component]
    ./src/app/page.tsx [Server Component]

  Client Component SSR:
    ./src/components/ui/background-boxes.tsx [Client Component SSR]
    ./src/components/sections/Hero.tsx [Client Component SSR]
    ./src/components/sections/Hero.tsx [Server Component]
    ./src/app/page.tsx [Server Component] @ http://localhost:3000/_next/static/chunks/node_modules_next_dist_f3530cac._.js:3127
[  105102ms] [ERROR] ./src/components/ui/background-boxes.tsx:1:2
Parsing ecmascript source code failed
> 1 | o'use client'
    |  ^^^^^^^^^^^^
  2 |
  3 | import React, { useEffect, useRef } from 'react'
  4 | import { cn } from '@/lib/utils'

Expected ';', '}' or <eof>

Import traces:
  Client Component Browser:
    ./src/components/ui/background-boxes.tsx [Client Component Browser]
    ./src/components/sections/Hero.tsx [Client Component Browser]
    ./src/components/sections/Hero.tsx [Server Component]
    ./src/app/page.tsx [Server Component]

  Client Component SSR:
    ./src/components/ui/background-boxes.tsx [Client Component SSR]
    ./src/components/sections/Hero.tsx [Client Component SSR]
    ./src/components/sections/Hero.tsx [Server Component]
    ./src/app/page.tsx [Server Component] @ http://localhost:3000/_next/static/chunks/node_modules_next_dist_f3530cac._.js:3127
[  105180ms] [ERROR] ./src/components/ui/background-boxes.tsx:1:2
Parsing ecmascript source code failed
> 1 | o'use client'
    |  ^^^^^^^^^^^^
  2 |
  3 | import React, { useEffect, useRef } from 'react'
  4 | import { cn } from '@/lib/utils'

Expected ';', '}' or <eof>

Import traces:
  Client Component Browser:
    ./src/components/ui/background-boxes.tsx [Client Component Browser]
    ./src/components/sections/Hero.tsx [Client Component Browser]
    ./src/components/sections/Hero.tsx [Server Component]
    ./src/app/page.tsx [Server Component]

  Client Component SSR:
    ./src/components/ui/background-boxes.tsx [Client Component SSR]
    ./src/components/sections/Hero.tsx [Client Component SSR]
    ./src/components/sections/Hero.tsx [Server Component]
    ./src/app/page.tsx [Server Component] @ http://localhost:3000/_next/static/chunks/node_modules_next_dist_f3530cac._.js:3127
[  105262ms] [ERROR] ./src/components/ui/background-boxes.tsx:1:2
Parsing ecmascript source code failed
> 1 | o'use client'
    |  ^^^^^^^^^^^^
  2 |
  3 | import React, { useEffect, useRef } from 'react'
  4 | import { cn } from '@/lib/utils'

Expected ';', '}' or <eof>

Import traces:
  Client Component Browser:
    ./src/components/ui/background-boxes.tsx [Client Component Browser]
    ./src/components/sections/Hero.tsx [Client Component Browser]
    ./src/components/sections/Hero.tsx [Server Component]
    ./src/app/page.tsx [Server Component]

  Client Component SSR:
    ./src/components/ui/background-boxes.tsx [Client Component SSR]
    ./src/components/sections/Hero.tsx [Client Component SSR]
    ./src/components/sections/Hero.tsx [Server Component]
    ./src/app/page.tsx [Server Component] @ http://localhost:3000/_next/static/chunks/node_modules_next_dist_f3530cac._.js:3127
[  105393ms] [ERROR] ./src/components/ui/background-boxes.tsx:1:2
Parsing ecmascript source code failed
> 1 | o'use client'
    |  ^^^^^^^^^^^^
  2 |
  3 | import React, { useEffect, useRef } from 'react'
  4 | import { cn } from '@/lib/utils'

Expected ';', '}' or <eof>

Import traces:
  Client Component Browser:
    ./src/components/ui/background-boxes.tsx [Client Component Browser]
    ./src/components/sections/Hero.tsx [Client Component Browser]
    ./src/components/sections/Hero.tsx [Server Component]
    ./src/app/page.tsx [Server Component]

  Client Component SSR:
    ./src/components/ui/background-boxes.tsx [Client Component SSR]
    ./src/components/sections/Hero.tsx [Client Component SSR]
    ./src/components/sections/Hero.tsx [Server Component]
    ./src/app/page.tsx [Server Component] @ http://localhost:3000/_next/static/chunks/node_modules_next_dist_f3530cac._.js:3127
[  105421ms] [LOG] [Fast Refresh] rebuilding @ http://localhost:3000/_next/static/chunks/node_modules_next_dist_f3530cac._.js:2297
[  105539ms] [ERROR] ./src/components/ui/background-boxes.tsx:1:2
Parsing ecmascript source code failed
> 1 | o'use client'
    |  ^^^^^^^^^^^^
  2 |
  3 | import React, { useEffect, useRef } from 'react'
  4 | import { cn } from '@/lib/utils'

Expected ';', '}' or <eof>

Import traces:
  Client Component Browser:
    ./src/components/ui/background-boxes.tsx [Client Component Browser]
    ./src/components/sections/Hero.tsx [Client Component Browser]
    ./src/components/sections/Hero.tsx [Server Component]
    ./src/app/page.tsx [Server Component]

  Client Component SSR:
    ./src/components/ui/background-boxes.tsx [Client Component SSR]
    ./src/components/sections/Hero.tsx [Client Component SSR]
    ./src/components/sections/Hero.tsx [Server Component]
    ./src/app/page.tsx [Server Component] @ http://localhost:3000/_next/static/chunks/node_modules_next_dist_f3530cac._.js:3127
[  105555ms] [LOG] [Fast Refresh] rebuilding @ http://localhost:3000/_next/static/chunks/node_modules_next_dist_f3530cac._.js:2297
[  105648ms] [ERROR] ./src/components/ui/background-boxes.tsx:1:2
Parsing ecmascript source code failed
> 1 | o'use client'
    |  ^^^^^^^^^^^^
  2 |
  3 | import React, { useEffect, useRef } from 'react'
  4 | import { cn } from '@/lib/utils'

Expected ';', '}' or <eof>

Import traces:
  Client Component Browser:
    ./src/components/ui/background-boxes.tsx [Client Component Browser]
    ./src/components/sections/Hero.tsx [Client Component Browser]
    ./src/components/sections/Hero.tsx [Server Component]
    ./src/app/page.tsx [Server Component]

  Client Component SSR:
    ./src/components/ui/background-boxes.tsx [Client Component SSR]
    ./src/components/sections/Hero.tsx [Client Component SSR]
    ./src/components/sections/Hero.tsx [Server Component]
    ./src/app/page.tsx [Server Component] @ http://localhost:3000/_next/static/chunks/node_modules_next_dist_f3530cac._.js:3127
[  105735ms] [ERROR] ./src/components/ui/background-boxes.tsx:1:2
Parsing ecmascript source code failed
> 1 | o'use client'
    |  ^^^^^^^^^^^^
  2 |
  3 | import React, { useEffect, useRef } from 'react'
  4 | import { cn } from '@/lib/utils'

Expected ';', '}' or <eof>

Import traces:
  Client Component Browser:
    ./src/components/ui/background-boxes.tsx [Client Component Browser]
    ./src/components/sections/Hero.tsx [Client Component Browser]
    ./src/components/sections/Hero.tsx [Server Component]
    ./src/app/page.tsx [Server Component]

  Client Component SSR:
    ./src/components/ui/background-boxes.tsx [Client Component SSR]
    ./src/components/sections/Hero.tsx [Client Component SSR]
    ./src/components/sections/Hero.tsx [Server Component]
    ./src/app/page.tsx [Server Component] @ http://localhost:3000/_next/static/chunks/node_modules_next_dist_f3530cac._.js:3127
[  105828ms] [ERROR] ./src/components/ui/background-boxes.tsx:1:2
Parsing ecmascript source code failed
> 1 | o'use client'
    |  ^^^^^^^^^^^^
  2 |
  3 | import React, { useEffect, useRef } from 'react'
  4 | import { cn } from '@/lib/utils'

Expected ';', '}' or <eof>

Import traces:
  Client Component Browser:
    ./src/components/ui/background-boxes.tsx [Client Component Browser]
    ./src/components/sections/Hero.tsx [Client Component Browser]
    ./src/components/sections/Hero.tsx [Server Component]
    ./src/app/page.tsx [Server Component]

  Client Component SSR:
    ./src/components/ui/background-boxes.tsx [Client Component SSR]
    ./src/components/sections/Hero.tsx [Client Component SSR]
    ./src/components/sections/Hero.tsx [Server Component]
    ./src/app/page.tsx [Server Component] @ http://localhost:3000/_next/static/chunks/node_modules_next_dist_f3530cac._.js:3127
[  105930ms] [ERROR] ./src/components/ui/background-boxes.tsx:1:2
Parsing ecmascript source code failed
> 1 | o'use client'
    |  ^^^^^^^^^^^^
  2 |
  3 | import React, { useEffect, useRef } from 'react'
  4 | import { cn } from '@/lib/utils'

Expected ';', '}' or <eof>

Import traces:
  Client Component Browser:
    ./src/components/ui/background-boxes.tsx [Client Component Browser]
    ./src/components/sections/Hero.tsx [Client Component Browser]
    ./src/components/sections/Hero.tsx [Server Component]
    ./src/app/page.tsx [Server Component]

  Client Component SSR:
    ./src/components/ui/background-boxes.tsx [Client Component SSR]
    ./src/components/sections/Hero.tsx [Client Component SSR]
    ./src/components/sections/Hero.tsx [Server Component]
    ./src/app/page.tsx [Server Component] @ http://localhost:3000/_next/static/chunks/node_modules_next_dist_f3530cac._.js:3127
[  106028ms] [ERROR] ./src/components/ui/background-boxes.tsx:1:2
Parsing ecmascript source code failed
> 1 | o'use client'
    |  ^^^^^^^^^^^^
  2 |
  3 | import React, { useEffect, useRef } from 'react'
  4 | import { cn } from '@/lib/utils'

Expected ';', '}' or <eof>

Import traces:
  Client Component Browser:
    ./src/components/ui/background-boxes.tsx [Client Component Browser]
    ./src/components/sections/Hero.tsx [Client Component Browser]
    ./src/components/sections/Hero.tsx [Server Component]
    ./src/app/page.tsx [Server Component]

  Client Component SSR:
    ./src/components/ui/background-boxes.tsx [Client Component SSR]
    ./src/components/sections/Hero.tsx [Client Component SSR]
    ./src/components/sections/Hero.tsx [Server Component]
    ./src/app/page.tsx [Server Component] @ http://localhost:3000/_next/static/chunks/node_modules_next_dist_f3530cac._.js:3127
[  106110ms] [ERROR] ./src/components/ui/background-boxes.tsx:1:2
Parsing ecmascript source code failed
> 1 | o'use client'
    |  ^^^^^^^^^^^^
  2 |
  3 | import React, { useEffect, useRef } from 'react'
  4 | import { cn } from '@/lib/utils'

Expected ';', '}' or <eof>

Import traces:
  Client Component Browser:
    ./src/components/ui/background-boxes.tsx [Client Component Browser]
    ./src/components/sections/Hero.tsx [Client Component Browser]
    ./src/components/sections/Hero.tsx [Server Component]
    ./src/app/page.tsx [Server Component]

  Client Component SSR:
    ./src/components/ui/background-boxes.tsx [Client Component SSR]
    ./src/components/sections/Hero.tsx [Client Component SSR]
    ./src/components/sections/Hero.tsx [Server Component]
    ./src/app/page.tsx [Server Component] @ http://localhost:3000/_next/static/chunks/node_modules_next_dist_f3530cac._.js:3127
[  106196ms] [ERROR] ./src/components/ui/background-boxes.tsx:1:2
Parsing ecmascript source code failed
> 1 | o'use client'
    |  ^^^^^^^^^^^^
  2 |
  3 | import React, { useEffect, useRef } from 'react'
  4 | import { cn } from '@/lib/utils'

Expected ';', '}' or <eof>

Import traces:
  Client Component Browser:
    ./src/components/ui/background-boxes.tsx [Client Component Browser]
    ./src/components/sections/Hero.tsx [Client Component Browser]
    ./src/components/sections/Hero.tsx [Server Component]
    ./src/app/page.tsx [Server Component]

  Client Component SSR:
    ./src/components/ui/background-boxes.tsx [Client Component SSR]
    ./src/components/sections/Hero.tsx [Client Component SSR]
    ./src/components/sections/Hero.tsx [Server Component]
    ./src/app/page.tsx [Server Component] @ http://localhost:3000/_next/static/chunks/node_modules_next_dist_f3530cac._.js:3127
[  106293ms] [ERROR] ./src/components/ui/background-boxes.tsx:1:2
Parsing ecmascript source code failed
> 1 | o'use client'
    |  ^^^^^^^^^^^^
  2 |
  3 | import React, { useEffect, useRef } from 'react'
  4 | import { cn } from '@/lib/utils'

Expected ';', '}' or <eof>

Import traces:
  Client Component Browser:
    ./src/components/ui/background-boxes.tsx [Client Component Browser]
    ./src/components/sections/Hero.tsx [Client Component Browser]
    ./src/components/sections/Hero.tsx [Server Component]
    ./src/app/page.tsx [Server Component]

  Client Component SSR:
    ./src/components/ui/background-boxes.tsx [Client Component SSR]
    ./src/components/sections/Hero.tsx [Client Component SSR]
    ./src/components/sections/Hero.tsx [Server Component]
    ./src/app/page.tsx [Server Component] @ http://localhost:3000/_next/static/chunks/node_modules_next_dist_f3530cac._.js:3127
[  106371ms] [ERROR] ./src/components/ui/background-boxes.tsx:1:2
Parsing ecmascript source code failed
> 1 | o'use client'
    |  ^^^^^^^^^^^^
  2 |
  3 | import React, { useEffect, useRef } from 'react'
  4 | import { cn } from '@/lib/utils'

Expected ';', '}' or <eof>

Import traces:
  Client Component Browser:
    ./src/components/ui/background-boxes.tsx [Client Component Browser]
    ./src/components/sections/Hero.tsx [Client Component Browser]
    ./src/components/sections/Hero.tsx [Server Component]
    ./src/app/page.tsx [Server Component]

  Client Component SSR:
    ./src/components/ui/background-boxes.tsx [Client Component SSR]
    ./src/components/sections/Hero.tsx [Client Component SSR]
    ./src/components/sections/Hero.tsx [Server Component]
    ./src/app/page.tsx [Server Component] @ http://localhost:3000/_next/static/chunks/node_modules_next_dist_f3530cac._.js:3127
[  106463ms] [ERROR] ./src/components/ui/background-boxes.tsx:1:2
Parsing ecmascript source code failed
> 1 | o'use client'
    |  ^^^^^^^^^^^^
  2 |
  3 | import React, { useEffect, useRef } from 'react'
  4 | import { cn } from '@/lib/utils'

Expected ';', '}' or <eof>

Import traces:
  Client Component Browser:
    ./src/components/ui/background-boxes.tsx [Client Component Browser]
    ./src/components/sections/Hero.tsx [Client Component Browser]
    ./src/components/sections/Hero.tsx [Server Component]
    ./src/app/page.tsx [Server Component]

  Client Component SSR:
    ./src/components/ui/background-boxes.tsx [Client Component SSR]
    ./src/components/sections/Hero.tsx [Client Component SSR]
    ./src/components/sections/Hero.tsx [Server Component]
    ./src/app/page.tsx [Server Component] @ http://localhost:3000/_next/static/chunks/node_modules_next_dist_f3530cac._.js:3127
[  106544ms] [ERROR] ./src/components/ui/background-boxes.tsx:1:2
Parsing ecmascript source code failed
> 1 | o'use client'
    |  ^^^^^^^^^^^^
  2 |
  3 | import React, { useEffect, useRef } from 'react'
  4 | import { cn } from '@/lib/utils'

Expected ';', '}' or <eof>

Import traces:
  Client Component Browser:
    ./src/components/ui/background-boxes.tsx [Client Component Browser]
    ./src/components/sections/Hero.tsx [Client Component Browser]
    ./src/components/sections/Hero.tsx [Server Component]
    ./src/app/page.tsx [Server Component]

  Client Component SSR:
    ./src/components/ui/background-boxes.tsx [Client Component SSR]
    ./src/components/sections/Hero.tsx [Client Component SSR]
    ./src/components/sections/Hero.tsx [Server Component]
    ./src/app/page.tsx [Server Component] @ http://localhost:3000/_next/static/chunks/node_modules_next_dist_f3530cac._.js:3127
[  106630ms] [ERROR] ./src/components/ui/background-boxes.tsx:1:2
Parsing ecmascript source code failed
> 1 | o'use client'
    |  ^^^^^^^^^^^^
  2 |
  3 | import React, { useEffect, useRef } from 'react'
  4 | import { cn } from '@/lib/utils'

Expected ';', '}' or <eof>

Import traces:
  Client Component Browser:
    ./src/components/ui/background-boxes.tsx [Client Component Browser]
    ./src/components/sections/Hero.tsx [Client Component Browser]
    ./src/components/sections/Hero.tsx [Server Component]
    ./src/app/page.tsx [Server Component]

  Client Component SSR:
    ./src/components/ui/background-boxes.tsx [Client Component SSR]
    ./src/components/sections/Hero.tsx [Client Component SSR]
    ./src/components/sections/Hero.tsx [Server Component]
    ./src/app/page.tsx [Server Component] @ http://localhost:3000/_next/static/chunks/node_modules_next_dist_f3530cac._.js:3127
[  106727ms] [ERROR] ./src/components/ui/background-boxes.tsx:1:2
Parsing ecmascript source code failed
> 1 | o'use client'
    |  ^^^^^^^^^^^^
  2 |
  3 | import React, { useEffect, useRef } from 'react'
  4 | import { cn } from '@/lib/utils'

Expected ';', '}' or <eof>

Import traces:
  Client Component Browser:
    ./src/components/ui/background-boxes.tsx [Client Component Browser]
    ./src/components/sections/Hero.tsx [Client Component Browser]
    ./src/components/sections/Hero.tsx [Server Component]
    ./src/app/page.tsx [Server Component]

  Client Component SSR:
    ./src/components/ui/background-boxes.tsx [Client Component SSR]
    ./src/components/sections/Hero.tsx [Client Component SSR]
    ./src/components/sections/Hero.tsx [Server Component]
    ./src/app/page.tsx [Server Component] @ http://localhost:3000/_next/static/chunks/node_modules_next_dist_f3530cac._.js:3127
[  106806ms] [ERROR] ./src/components/ui/background-boxes.tsx:1:2
Parsing ecmascript source code failed
> 1 | o'use client'
    |  ^^^^^^^^^^^^
  2 |
  3 | import React, { useEffect, useRef } from 'react'
  4 | import { cn } from '@/lib/utils'

Expected ';', '}' or <eof>

Import traces:
  Client Component Browser:
    ./src/components/ui/background-boxes.tsx [Client Component Browser]
    ./src/components/sections/Hero.tsx [Client Component Browser]
    ./src/components/sections/Hero.tsx [Server Component]
    ./src/app/page.tsx [Server Component]

  Client Component SSR:
    ./src/components/ui/background-boxes.tsx [Client Component SSR]
    ./src/components/sections/Hero.tsx [Client Component SSR]
    ./src/components/sections/Hero.tsx [Server Component]
    ./src/app/page.tsx [Server Component] @ http://localhost:3000/_next/static/chunks/node_modules_next_dist_f3530cac._.js:3127
[  106886ms] [ERROR] ./src/components/ui/background-boxes.tsx:1:2
Parsing ecmascript source code failed
> 1 | o'use client'
    |  ^^^^^^^^^^^^
  2 |
  3 | import React, { useEffect, useRef } from 'react'
  4 | import { cn } from '@/lib/utils'

Expected ';', '}' or <eof>

Import traces:
  Client Component Browser:
    ./src/components/ui/background-boxes.tsx [Client Component Browser]
    ./src/components/sections/Hero.tsx [Client Component Browser]
    ./src/components/sections/Hero.tsx [Server Component]
    ./src/app/page.tsx [Server Component]

  Client Component SSR:
    ./src/components/ui/background-boxes.tsx [Client Component SSR]
    ./src/components/sections/Hero.tsx [Client Component SSR]
    ./src/components/sections/Hero.tsx [Server Component]
    ./src/app/page.tsx [Server Component] @ http://localhost:3000/_next/static/chunks/node_modules_next_dist_f3530cac._.js:3127
[  106970ms] [ERROR] ./src/components/ui/background-boxes.tsx:1:2
Parsing ecmascript source code failed
> 1 | o'use client'
    |  ^^^^^^^^^^^^
  2 |
  3 | import React, { useEffect, useRef } from 'react'
  4 | import { cn } from '@/lib/utils'

Expected ';', '}' or <eof>

Import traces:
  Client Component Browser:
    ./src/components/ui/background-boxes.tsx [Client Component Browser]
    ./src/components/sections/Hero.tsx [Client Component Browser]
    ./src/components/sections/Hero.tsx [Server Component]
    ./src/app/page.tsx [Server Component]

  Client Component SSR:
    ./src/components/ui/background-boxes.tsx [Client Component SSR]
    ./src/components/sections/Hero.tsx [Client Component SSR]
    ./src/components/sections/Hero.tsx [Server Component]
    ./src/app/page.tsx [Server Component] @ http://localhost:3000/_next/static/chunks/node_modules_next_dist_f3530cac._.js:3127
[  107046ms] [ERROR] ./src/components/ui/background-boxes.tsx:1:2
Parsing ecmascript source code failed
> 1 | o'use client'
    |  ^^^^^^^^^^^^
  2 |
  3 | import React, { useEffect, useRef } from 'react'
  4 | import { cn } from '@/lib/utils'

Expected ';', '}' or <eof>

Import traces:
  Client Component Browser:
    ./src/components/ui/background-boxes.tsx [Client Component Browser]
    ./src/components/sections/Hero.tsx [Client Component Browser]
    ./src/components/sections/Hero.tsx [Server Component]
    ./src/app/page.tsx [Server Component]

  Client Component SSR:
    ./src/components/ui/background-boxes.tsx [Client Component SSR]
    ./src/components/sections/Hero.tsx [Client Component SSR]
    ./src/components/sections/Hero.tsx [Server Component]
    ./src/app/page.tsx [Server Component] @ http://localhost:3000/_next/static/chunks/node_modules_next_dist_f3530cac._.js:3127
[  107103ms] [ERROR] ./src/components/ui/background-boxes.tsx:1:2
Parsing ecmascript source code failed
> 1 | o'use client'
    |  ^^^^^^^^^^^^
  2 |
  3 | import React, { useEffect, useRef } from 'react'
  4 | import { cn } from '@/lib/utils'

Expected ';', '}' or <eof>

Import traces:
  Client Component Browser:
    ./src/components/ui/background-boxes.tsx [Client Component Browser]
    ./src/components/sections/Hero.tsx [Client Component Browser]
    ./src/components/sections/Hero.tsx [Server Component]
    ./src/app/page.tsx [Server Component]

  Client Component SSR:
    ./src/components/ui/background-boxes.tsx [Client Component SSR]
    ./src/components/sections/Hero.tsx [Client Component SSR]
    ./src/components/sections/Hero.tsx [Server Component]
    ./src/app/page.tsx [Server Component] @ http://localhost:3000/_next/static/chunks/node_modules_next_dist_f3530cac._.js:3127
[  107200ms] [ERROR] ./src/components/ui/background-boxes.tsx:1:2
Parsing ecmascript source code failed
> 1 | o'use client'
    |  ^^^^^^^^^^^^
  2 |
  3 | import React, { useEffect, useRef } from 'react'
  4 | import { cn } from '@/lib/utils'

Expected ';', '}' or <eof>

Import traces:
  Client Component Browser:
    ./src/components/ui/background-boxes.tsx [Client Component Browser]
    ./src/components/sections/Hero.tsx [Client Component Browser]
    ./src/components/sections/Hero.tsx [Server Component]
    ./src/app/page.tsx [Server Component]

  Client Component SSR:
    ./src/components/ui/background-boxes.tsx [Client Component SSR]
    ./src/components/sections/Hero.tsx [Client Component SSR]
    ./src/components/sections/Hero.tsx [Server Component]
    ./src/app/page.tsx [Server Component] @ http://localhost:3000/_next/static/chunks/node_modules_next_dist_f3530cac._.js:3127
[  107295ms] [ERROR] ./src/components/ui/background-boxes.tsx:1:2
Parsing ecmascript source code failed
> 1 | o'use client'
    |  ^^^^^^^^^^^^
  2 |
  3 | import React, { useEffect, useRef } from 'react'
  4 | import { cn } from '@/lib/utils'

Expected ';', '}' or <eof>

Import traces:
  Client Component Browser:
    ./src/components/ui/background-boxes.tsx [Client Component Browser]
    ./src/components/sections/Hero.tsx [Client Component Browser]
    ./src/components/sections/Hero.tsx [Server Component]
    ./src/app/page.tsx [Server Component]

  Client Component SSR:
    ./src/components/ui/background-boxes.tsx [Client Component SSR]
    ./src/components/sections/Hero.tsx [Client Component SSR]
    ./src/components/sections/Hero.tsx [Server Component]
    ./src/app/page.tsx [Server Component] @ http://localhost:3000/_next/static/chunks/node_modules_next_dist_f3530cac._.js:3127
[  107370ms] [ERROR] ./src/components/ui/background-boxes.tsx:1:2
Parsing ecmascript source code failed
> 1 | o'use client'
    |  ^^^^^^^^^^^^
  2 |
  3 | import React, { useEffect, useRef } from 'react'
  4 | import { cn } from '@/lib/utils'

Expected ';', '}' or <eof>

Import traces:
  Client Component Browser:
    ./src/components/ui/background-boxes.tsx [Client Component Browser]
    ./src/components/sections/Hero.tsx [Client Component Browser]
    ./src/components/sections/Hero.tsx [Server Component]
    ./src/app/page.tsx [Server Component]

  Client Component SSR:
    ./src/components/ui/background-boxes.tsx [Client Component SSR]
    ./src/components/sections/Hero.tsx [Client Component SSR]
    ./src/components/sections/Hero.tsx [Server Component]
    ./src/app/page.tsx [Server Component] @ http://localhost:3000/_next/static/chunks/node_modules_next_dist_f3530cac._.js:3127
[  107467ms] [ERROR] ./src/components/ui/background-boxes.tsx:1:2
Parsing ecmascript source code failed
> 1 | o'use client'
    |  ^^^^^^^^^^^^
  2 |
  3 | import React, { useEffect, useRef } from 'react'
  4 | import { cn } from '@/lib/utils'

Expected ';', '}' or <eof>

Import traces:
  Client Component Browser:
    ./src/components/ui/background-boxes.tsx [Client Component Browser]
    ./src/components/sections/Hero.tsx [Client Component Browser]
    ./src/components/sections/Hero.tsx [Server Component]
    ./src/app/page.tsx [Server Component]

  Client Component SSR:
    ./src/components/ui/background-boxes.tsx [Client Component SSR]
    ./src/components/sections/Hero.tsx [Client Component SSR]
    ./src/components/sections/Hero.tsx [Server Component]
    ./src/app/page.tsx [Server Component] @ http://localhost:3000/_next/static/chunks/node_modules_next_dist_f3530cac._.js:3127
[  107545ms] [ERROR] ./src/components/ui/background-boxes.tsx:1:2
Parsing ecmascript source code failed
> 1 | o'use client'
    |  ^^^^^^^^^^^^
  2 |
  3 | import React, { useEffect, useRef } from 'react'
  4 | import { cn } from '@/lib/utils'

Expected ';', '}' or <eof>

Import traces:
  Client Component Browser:
    ./src/components/ui/background-boxes.tsx [Client Component Browser]
    ./src/components/sections/Hero.tsx [Client Component Browser]
    ./src/components/sections/Hero.tsx [Server Component]
    ./src/app/page.tsx [Server Component]

  Client Component SSR:
    ./src/components/ui/background-boxes.tsx [Client Component SSR]
    ./src/components/sections/Hero.tsx [Client Component SSR]
    ./src/components/sections/Hero.tsx [Server Component]
    ./src/app/page.tsx [Server Component] @ http://localhost:3000/_next/static/chunks/node_modules_next_dist_f3530cac._.js:3127
[  107604ms] [ERROR] ./src/components/ui/background-boxes.tsx:1:2
Parsing ecmascript source code failed
> 1 | o'use client'
    |  ^^^^^^^^^^^^
  2 |
  3 | import React, { useEffect, useRef } from 'react'
  4 | import { cn } from '@/lib/utils'

Expected ';', '}' or <eof>

Import traces:
  Client Component Browser:
    ./src/components/ui/background-boxes.tsx [Client Component Browser]
    ./src/components/sections/Hero.tsx [Client Component Browser]
    ./src/components/sections/Hero.tsx [Server Component]
    ./src/app/page.tsx [Server Component]

  Client Component SSR:
    ./src/components/ui/background-boxes.tsx [Client Component SSR]
    ./src/components/sections/Hero.tsx [Client Component SSR]
    ./src/components/sections/Hero.tsx [Server Component]
    ./src/app/page.tsx [Server Component] @ http://localhost:3000/_next/static/chunks/node_modules_next_dist_f3530cac._.js:3127
[  107701ms] [ERROR] ./src/components/ui/background-boxes.tsx:1:2
Parsing ecmascript source code failed
> 1 | o'use client'
    |  ^^^^^^^^^^^^
  2 |
  3 | import React, { useEffect, useRef } from 'react'
  4 | import { cn } from '@/lib/utils'

Expected ';', '}' or <eof>

Import traces:
  Client Component Browser:
    ./src/components/ui/background-boxes.tsx [Client Component Browser]
    ./src/components/sections/Hero.tsx [Client Component Browser]
    ./src/components/sections/Hero.tsx [Server Component]
    ./src/app/page.tsx [Server Component]

  Client Component SSR:
    ./src/components/ui/background-boxes.tsx [Client Component SSR]
    ./src/components/sections/Hero.tsx [Client Component SSR]
    ./src/components/sections/Hero.tsx [Server Component]
    ./src/app/page.tsx [Server Component] @ http://localhost:3000/_next/static/chunks/node_modules_next_dist_f3530cac._.js:3127
[  107792ms] [ERROR] ./src/components/ui/background-boxes.tsx:1:2
Parsing ecmascript source code failed
> 1 | o'use client'
    |  ^^^^^^^^^^^^
  2 |
  3 | import React, { useEffect, useRef } from 'react'
  4 | import { cn } from '@/lib/utils'

Expected ';', '}' or <eof>

Import traces:
  Client Component Browser:
    ./src/components/ui/background-boxes.tsx [Client Component Browser]
    ./src/components/sections/Hero.tsx [Client Component Browser]
    ./src/components/sections/Hero.tsx [Server Component]
    ./src/app/page.tsx [Server Component]

  Client Component SSR:
    ./src/components/ui/background-boxes.tsx [Client Component SSR]
    ./src/components/sections/Hero.tsx [Client Component SSR]
    ./src/components/sections/Hero.tsx [Server Component]
    ./src/app/page.tsx [Server Component] @ http://localhost:3000/_next/static/chunks/node_modules_next_dist_f3530cac._.js:3127
[  107871ms] [ERROR] ./src/components/ui/background-boxes.tsx:1:2
Parsing ecmascript source code failed
> 1 | o'use client'
    |  ^^^^^^^^^^^^
  2 |
  3 | import React, { useEffect, useRef } from 'react'
  4 | import { cn } from '@/lib/utils'

Expected ';', '}' or <eof>

Import traces:
  Client Component Browser:
    ./src/components/ui/background-boxes.tsx [Client Component Browser]
    ./src/components/sections/Hero.tsx [Client Component Browser]
    ./src/components/sections/Hero.tsx [Server Component]
    ./src/app/page.tsx [Server Component]

  Client Component SSR:
    ./src/components/ui/background-boxes.tsx [Client Component SSR]
    ./src/components/sections/Hero.tsx [Client Component SSR]
    ./src/components/sections/Hero.tsx [Server Component]
    ./src/app/page.tsx [Server Component] @ http://localhost:3000/_next/static/chunks/node_modules_next_dist_f3530cac._.js:3127
[  107961ms] [ERROR] ./src/components/ui/background-boxes.tsx:1:2
Parsing ecmascript source code failed
> 1 | o'use client'
    |  ^^^^^^^^^^^^
  2 |
  3 | import React, { useEffect, useRef } from 'react'
  4 | import { cn } from '@/lib/utils'

Expected ';', '}' or <eof>

Import traces:
  Client Component Browser:
    ./src/components/ui/background-boxes.tsx [Client Component Browser]
    ./src/components/sections/Hero.tsx [Client Component Browser]
    ./src/components/sections/Hero.tsx [Server Component]
    ./src/app/page.tsx [Server Component]

  Client Component SSR:
    ./src/components/ui/background-boxes.tsx [Client Component SSR]
    ./src/components/sections/Hero.tsx [Client Component SSR]
    ./src/components/sections/Hero.tsx [Server Component]
    ./src/app/page.tsx [Server Component] @ http://localhost:3000/_next/static/chunks/node_modules_next_dist_f3530cac._.js:3127
[  108038ms] [ERROR] ./src/components/ui/background-boxes.tsx:1:2
Parsing ecmascript source code failed
> 1 | o'use client'
    |  ^^^^^^^^^^^^
  2 |
  3 | import React, { useEffect, useRef } from 'react'
  4 | import { cn } from '@/lib/utils'

Expected ';', '}' or <eof>

Import traces:
  Client Component Browser:
    ./src/components/ui/background-boxes.tsx [Client Component Browser]
    ./src/components/sections/Hero.tsx [Client Component Browser]
    ./src/components/sections/Hero.tsx [Server Component]
    ./src/app/page.tsx [Server Component]

  Client Component SSR:
    ./src/components/ui/background-boxes.tsx [Client Component SSR]
    ./src/components/sections/Hero.tsx [Client Component SSR]
    ./src/components/sections/Hero.tsx [Server Component]
    ./src/app/page.tsx [Server Component] @ http://localhost:3000/_next/static/chunks/node_modules_next_dist_f3530cac._.js:3127
[  108133ms] [ERROR] ./src/components/ui/background-boxes.tsx:1:2
Parsing ecmascript source code failed
> 1 | o'use client'
    |  ^^^^^^^^^^^^
  2 |
  3 | import React, { useEffect, useRef } from 'react'
  4 | import { cn } from '@/lib/utils'

Expected ';', '}' or <eof>

Import traces:
  Client Component Browser:
    ./src/components/ui/background-boxes.tsx [Client Component Browser]
    ./src/components/sections/Hero.tsx [Client Component Browser]
    ./src/components/sections/Hero.tsx [Server Component]
    ./src/app/page.tsx [Server Component]

  Client Component SSR:
    ./src/components/ui/background-boxes.tsx [Client Component SSR]
    ./src/components/sections/Hero.tsx [Client Component SSR]
    ./src/components/sections/Hero.tsx [Server Component]
    ./src/app/page.tsx [Server Component] @ http://localhost:3000/_next/static/chunks/node_modules_next_dist_f3530cac._.js:3127
[  108213ms] [ERROR] ./src/components/ui/background-boxes.tsx:1:2
Parsing ecmascript source code failed
> 1 | o'use client'
    |  ^^^^^^^^^^^^
  2 |
  3 | import React, { useEffect, useRef } from 'react'
  4 | import { cn } from '@/lib/utils'

Expected ';', '}' or <eof>

Import traces:
  Client Component Browser:
    ./src/components/ui/background-boxes.tsx [Client Component Browser]
    ./src/components/sections/Hero.tsx [Client Component Browser]
    ./src/components/sections/Hero.tsx [Server Component]
    ./src/app/page.tsx [Server Component]

  Client Component SSR:
    ./src/components/ui/background-boxes.tsx [Client Component SSR]
    ./src/components/sections/Hero.tsx [Client Component SSR]
    ./src/components/sections/Hero.tsx [Server Component]
    ./src/app/page.tsx [Server Component] @ http://localhost:3000/_next/static/chunks/node_modules_next_dist_f3530cac._.js:3127
[  108294ms] [ERROR] ./src/components/ui/background-boxes.tsx:1:2
Parsing ecmascript source code failed
> 1 | o'use client'
    |  ^^^^^^^^^^^^
  2 |
  3 | import React, { useEffect, useRef } from 'react'
  4 | import { cn } from '@/lib/utils'

Expected ';', '}' or <eof>

Import traces:
  Client Component Browser:
    ./src/components/ui/background-boxes.tsx [Client Component Browser]
    ./src/components/sections/Hero.tsx [Client Component Browser]
    ./src/components/sections/Hero.tsx [Server Component]
    ./src/app/page.tsx [Server Component]

  Client Component SSR:
    ./src/components/ui/background-boxes.tsx [Client Component SSR]
    ./src/components/sections/Hero.tsx [Client Component SSR]
    ./src/components/sections/Hero.tsx [Server Component]
    ./src/app/page.tsx [Server Component] @ http://localhost:3000/_next/static/chunks/node_modules_next_dist_f3530cac._.js:3127
[  108370ms] [ERROR] ./src/components/ui/background-boxes.tsx:1:2
Parsing ecmascript source code failed
> 1 | o'use client'
    |  ^^^^^^^^^^^^
  2 |
  3 | import React, { useEffect, useRef } from 'react'
  4 | import { cn } from '@/lib/utils'

Expected ';', '}' or <eof>

Import traces:
  Client Component Browser:
    ./src/components/ui/background-boxes.tsx [Client Component Browser]
    ./src/components/sections/Hero.tsx [Client Component Browser]
    ./src/components/sections/Hero.tsx [Server Component]
    ./src/app/page.tsx [Server Component]

  Client Component SSR:
    ./src/components/ui/background-boxes.tsx [Client Component SSR]
    ./src/components/sections/Hero.tsx [Client Component SSR]
    ./src/components/sections/Hero.tsx [Server Component]
    ./src/app/page.tsx [Server Component] @ http://localhost:3000/_next/static/chunks/node_modules_next_dist_f3530cac._.js:3127
[  108458ms] [ERROR] ./src/components/ui/background-boxes.tsx:1:2
Parsing ecmascript source code failed
> 1 | o'use client'
    |  ^^^^^^^^^^^^
  2 |
  3 | import React, { useEffect, useRef } from 'react'
  4 | import { cn } from '@/lib/utils'

Expected ';', '}' or <eof>

Import traces:
  Client Component Browser:
    ./src/components/ui/background-boxes.tsx [Client Component Browser]
    ./src/components/sections/Hero.tsx [Client Component Browser]
    ./src/components/sections/Hero.tsx [Server Component]
    ./src/app/page.tsx [Server Component]

  Client Component SSR:
    ./src/components/ui/background-boxes.tsx [Client Component SSR]
    ./src/components/sections/Hero.tsx [Client Component SSR]
    ./src/components/sections/Hero.tsx [Server Component]
    ./src/app/page.tsx [Server Component] @ http://localhost:3000/_next/static/chunks/node_modules_next_dist_f3530cac._.js:3127
[  108541ms] [ERROR] ./src/components/ui/background-boxes.tsx:1:2
Parsing ecmascript source code failed
> 1 | o'use client'
    |  ^^^^^^^^^^^^
  2 |
  3 | import React, { useEffect, useRef } from 'react'
  4 | import { cn } from '@/lib/utils'

Expected ';', '}' or <eof>

Import traces:
  Client Component Browser:
    ./src/components/ui/background-boxes.tsx [Client Component Browser]
    ./src/components/sections/Hero.tsx [Client Component Browser]
    ./src/components/sections/Hero.tsx [Server Component]
    ./src/app/page.tsx [Server Component]

  Client Component SSR:
    ./src/components/ui/background-boxes.tsx [Client Component SSR]
    ./src/components/sections/Hero.tsx [Client Component SSR]
    ./src/components/sections/Hero.tsx [Server Component]
    ./src/app/page.tsx [Server Component] @ http://localhost:3000/_next/static/chunks/node_modules_next_dist_f3530cac._.js:3127
[  108632ms] [ERROR] ./src/components/ui/background-boxes.tsx:1:2
Parsing ecmascript source code failed
> 1 | o'use client'
    |  ^^^^^^^^^^^^
  2 |
  3 | import React, { useEffect, useRef } from 'react'
  4 | import { cn } from '@/lib/utils'

Expected ';', '}' or <eof>

Import traces:
  Client Component Browser:
    ./src/components/ui/background-boxes.tsx [Client Component Browser]
    ./src/components/sections/Hero.tsx [Client Component Browser]
    ./src/components/sections/Hero.tsx [Server Component]
    ./src/app/page.tsx [Server Component]

  Client Component SSR:
    ./src/components/ui/background-boxes.tsx [Client Component SSR]
    ./src/components/sections/Hero.tsx [Client Component SSR]
    ./src/components/sections/Hero.tsx [Server Component]
    ./src/app/page.tsx [Server Component] @ http://localhost:3000/_next/static/chunks/node_modules_next_dist_f3530cac._.js:3127
[  108712ms] [ERROR] ./src/components/ui/background-boxes.tsx:1:2
Parsing ecmascript source code failed
> 1 | o'use client'
    |  ^^^^^^^^^^^^
  2 |
  3 | import React, { useEffect, useRef } from 'react'
  4 | import { cn } from '@/lib/utils'

Expected ';', '}' or <eof>

Import traces:
  Client Component Browser:
    ./src/components/ui/background-boxes.tsx [Client Component Browser]
    ./src/components/sections/Hero.tsx [Client Component Browser]
    ./src/components/sections/Hero.tsx [Server Component]
    ./src/app/page.tsx [Server Component]

  Client Component SSR:
    ./src/components/ui/background-boxes.tsx [Client Component SSR]
    ./src/components/sections/Hero.tsx [Client Component SSR]
    ./src/components/sections/Hero.tsx [Server Component]
    ./src/app/page.tsx [Server Component] @ http://localhost:3000/_next/static/chunks/node_modules_next_dist_f3530cac._.js:3127
[  108803ms] [ERROR] ./src/components/ui/background-boxes.tsx:1:2
Parsing ecmascript source code failed
> 1 | o'use client'
    |  ^^^^^^^^^^^^
  2 |
  3 | import React, { useEffect, useRef } from 'react'
  4 | import { cn } from '@/lib/utils'

Expected ';', '}' or <eof>

Import traces:
  Client Component Browser:
    ./src/components/ui/background-boxes.tsx [Client Component Browser]
    ./src/components/sections/Hero.tsx [Client Component Browser]
    ./src/components/sections/Hero.tsx [Server Component]
    ./src/app/page.tsx [Server Component]

  Client Component SSR:
    ./src/components/ui/background-boxes.tsx [Client Component SSR]
    ./src/components/sections/Hero.tsx [Client Component SSR]
    ./src/components/sections/Hero.tsx [Server Component]
    ./src/app/page.tsx [Server Component] @ http://localhost:3000/_next/static/chunks/node_modules_next_dist_f3530cac._.js:3127
[  108878ms] [ERROR] ./src/components/ui/background-boxes.tsx:1:2
Parsing ecmascript source code failed
> 1 | o'use client'
    |  ^^^^^^^^^^^^
  2 |
  3 | import React, { useEffect, useRef } from 'react'
  4 | import { cn } from '@/lib/utils'

Expected ';', '}' or <eof>

Import traces:
  Client Component Browser:
    ./src/components/ui/background-boxes.tsx [Client Component Browser]
    ./src/components/sections/Hero.tsx [Client Component Browser]
    ./src/components/sections/Hero.tsx [Server Component]
    ./src/app/page.tsx [Server Component]

  Client Component SSR:
    ./src/components/ui/background-boxes.tsx [Client Component SSR]
    ./src/components/sections/Hero.tsx [Client Component SSR]
    ./src/components/sections/Hero.tsx [Server Component]
    ./src/app/page.tsx [Server Component] @ http://localhost:3000/_next/static/chunks/node_modules_next_dist_f3530cac._.js:3127
[  108974ms] [ERROR] ./src/components/ui/background-boxes.tsx:1:2
Parsing ecmascript source code failed
> 1 | o'use client'
    |  ^^^^^^^^^^^^
  2 |
  3 | import React, { useEffect, useRef } from 'react'
  4 | import { cn } from '@/lib/utils'

Expected ';', '}' or <eof>

Import traces:
  Client Component Browser:
    ./src/components/ui/background-boxes.tsx [Client Component Browser]
    ./src/components/sections/Hero.tsx [Client Component Browser]
    ./src/components/sections/Hero.tsx [Server Component]
    ./src/app/page.tsx [Server Component]

  Client Component SSR:
    ./src/components/ui/background-boxes.tsx [Client Component SSR]
    ./src/components/sections/Hero.tsx [Client Component SSR]
    ./src/components/sections/Hero.tsx [Server Component]
    ./src/app/page.tsx [Server Component] @ http://localhost:3000/_next/static/chunks/node_modules_next_dist_f3530cac._.js:3127
[  109049ms] [ERROR] ./src/components/ui/background-boxes.tsx:1:2
Parsing ecmascript source code failed
> 1 | o'use client'
    |  ^^^^^^^^^^^^
  2 |
  3 | import React, { useEffect, useRef } from 'react'
  4 | import { cn } from '@/lib/utils'

Expected ';', '}' or <eof>

Import traces:
  Client Component Browser:
    ./src/components/ui/background-boxes.tsx [Client Component Browser]
    ./src/components/sections/Hero.tsx [Client Component Browser]
    ./src/components/sections/Hero.tsx [Server Component]
    ./src/app/page.tsx [Server Component]

  Client Component SSR:
    ./src/components/ui/background-boxes.tsx [Client Component SSR]
    ./src/components/sections/Hero.tsx [Client Component SSR]
    ./src/components/sections/Hero.tsx [Server Component]
    ./src/app/page.tsx [Server Component] @ http://localhost:3000/_next/static/chunks/node_modules_next_dist_f3530cac._.js:3127
[  109142ms] [ERROR] ./src/components/ui/background-boxes.tsx:1:2
Parsing ecmascript source code failed
> 1 | o'use client'
    |  ^^^^^^^^^^^^
  2 |
  3 | import React, { useEffect, useRef } from 'react'
  4 | import { cn } from '@/lib/utils'

Expected ';', '}' or <eof>

Import traces:
  Client Component Browser:
    ./src/components/ui/background-boxes.tsx [Client Component Browser]
    ./src/components/sections/Hero.tsx [Client Component Browser]
    ./src/components/sections/Hero.tsx [Server Component]
    ./src/app/page.tsx [Server Component]

  Client Component SSR:
    ./src/components/ui/background-boxes.tsx [Client Component SSR]
    ./src/components/sections/Hero.tsx [Client Component SSR]
    ./src/components/sections/Hero.tsx [Server Component]
    ./src/app/page.tsx [Server Component] @ http://localhost:3000/_next/static/chunks/node_modules_next_dist_f3530cac._.js:3127
[  109237ms] [ERROR] ./src/components/ui/background-boxes.tsx:1:2
Parsing ecmascript source code failed
> 1 | o'use client'
    |  ^^^^^^^^^^^^
  2 |
  3 | import React, { useEffect, useRef } from 'react'
  4 | import { cn } from '@/lib/utils'

Expected ';', '}' or <eof>

Import traces:
  Client Component Browser:
    ./src/components/ui/background-boxes.tsx [Client Component Browser]
    ./src/components/sections/Hero.tsx [Client Component Browser]
    ./src/components/sections/Hero.tsx [Server Component]
    ./src/app/page.tsx [Server Component]

  Client Component SSR:
    ./src/components/ui/background-boxes.tsx [Client Component SSR]
    ./src/components/sections/Hero.tsx [Client Component SSR]
    ./src/components/sections/Hero.tsx [Server Component]
    ./src/app/page.tsx [Server Component] @ http://localhost:3000/_next/static/chunks/node_modules_next_dist_f3530cac._.js:3127
[  109333ms] [ERROR] ./src/components/ui/background-boxes.tsx:1:2
Parsing ecmascript source code failed
> 1 | o'use client'
    |  ^^^^^^^^^^^^
  2 |
  3 | import React, { useEffect, useRef } from 'react'
  4 | import { cn } from '@/lib/utils'

Expected ';', '}' or <eof>

Import traces:
  Client Component Browser:
    ./src/components/ui/background-boxes.tsx [Client Component Browser]
    ./src/components/sections/Hero.tsx [Client Component Browser]
    ./src/components/sections/Hero.tsx [Server Component]
    ./src/app/page.tsx [Server Component]

  Client Component SSR:
    ./src/components/ui/background-boxes.tsx [Client Component SSR]
    ./src/components/sections/Hero.tsx [Client Component SSR]
    ./src/components/sections/Hero.tsx [Server Component]
    ./src/app/page.tsx [Server Component] @ http://localhost:3000/_next/static/chunks/node_modules_next_dist_f3530cac._.js:3127
[  109410ms] [ERROR] ./src/components/ui/background-boxes.tsx:1:2
Parsing ecmascript source code failed
> 1 | o'use client'
    |  ^^^^^^^^^^^^
  2 |
  3 | import React, { useEffect, useRef } from 'react'
  4 | import { cn } from '@/lib/utils'

Expected ';', '}' or <eof>

Import traces:
  Client Component Browser:
    ./src/components/ui/background-boxes.tsx [Client Component Browser]
    ./src/components/sections/Hero.tsx [Client Component Browser]
    ./src/components/sections/Hero.tsx [Server Component]
    ./src/app/page.tsx [Server Component]

  Client Component SSR:
    ./src/components/ui/background-boxes.tsx [Client Component SSR]
    ./src/components/sections/Hero.tsx [Client Component SSR]
    ./src/components/sections/Hero.tsx [Server Component]
    ./src/app/page.tsx [Server Component] @ http://localhost:3000/_next/static/chunks/node_modules_next_dist_f3530cac._.js:3127
[  109504ms] [ERROR] ./src/components/ui/background-boxes.tsx:1:2
Parsing ecmascript source code failed
> 1 | o'use client'
    |  ^^^^^^^^^^^^
  2 |
  3 | import React, { useEffect, useRef } from 'react'
  4 | import { cn } from '@/lib/utils'

Expected ';', '}' or <eof>

Import traces:
  Client Component Browser:
    ./src/components/ui/background-boxes.tsx [Client Component Browser]
    ./src/components/sections/Hero.tsx [Client Component Browser]
    ./src/components/sections/Hero.tsx [Server Component]
    ./src/app/page.tsx [Server Component]

  Client Component SSR:
    ./src/components/ui/background-boxes.tsx [Client Component SSR]
    ./src/components/sections/Hero.tsx [Client Component SSR]
    ./src/components/sections/Hero.tsx [Server Component]
    ./src/app/page.tsx [Server Component] @ http://localhost:3000/_next/static/chunks/node_modules_next_dist_f3530cac._.js:3127
[  109583ms] [ERROR] ./src/components/ui/background-boxes.tsx:1:2
Parsing ecmascript source code failed
> 1 | o'use client'
    |  ^^^^^^^^^^^^
  2 |
  3 | import React, { useEffect, useRef } from 'react'
  4 | import { cn } from '@/lib/utils'

Expected ';', '}' or <eof>

Import traces:
  Client Component Browser:
    ./src/components/ui/background-boxes.tsx [Client Component Browser]
    ./src/components/sections/Hero.tsx [Client Component Browser]
    ./src/components/sections/Hero.tsx [Server Component]
    ./src/app/page.tsx [Server Component]

  Client Component SSR:
    ./src/components/ui/background-boxes.tsx [Client Component SSR]
    ./src/components/sections/Hero.tsx [Client Component SSR]
    ./src/components/sections/Hero.tsx [Server Component]
    ./src/app/page.tsx [Server Component] @ http://localhost:3000/_next/static/chunks/node_modules_next_dist_f3530cac._.js:3127
[  109663ms] [ERROR] ./src/components/ui/background-boxes.tsx:1:2
Parsing ecmascript source code failed
> 1 | o'use client'
    |  ^^^^^^^^^^^^
  2 |
  3 | import React, { useEffect, useRef } from 'react'
  4 | import { cn } from '@/lib/utils'

Expected ';', '}' or <eof>

Import traces:
  Client Component Browser:
    ./src/components/ui/background-boxes.tsx [Client Component Browser]
    ./src/components/sections/Hero.tsx [Client Component Browser]
    ./src/components/sections/Hero.tsx [Server Component]
    ./src/app/page.tsx [Server Component]

  Client Component SSR:
    ./src/components/ui/background-boxes.tsx [Client Component SSR]
    ./src/components/sections/Hero.tsx [Client Component SSR]
    ./src/components/sections/Hero.tsx [Server Component]
    ./src/app/page.tsx [Server Component] @ http://localhost:3000/_next/static/chunks/node_modules_next_dist_f3530cac._.js:3127
[  109742ms] [ERROR] ./src/components/ui/background-boxes.tsx:1:2
Parsing ecmascript source code failed
> 1 | o'use client'
    |  ^^^^^^^^^^^^
  2 |
  3 | import React, { useEffect, useRef } from 'react'
  4 | import { cn } from '@/lib/utils'

Expected ';', '}' or <eof>

Import traces:
  Client Component Browser:
    ./src/components/ui/background-boxes.tsx [Client Component Browser]
    ./src/components/sections/Hero.tsx [Client Component Browser]
    ./src/components/sections/Hero.tsx [Server Component]
    ./src/app/page.tsx [Server Component]

  Client Component SSR:
    ./src/components/ui/background-boxes.tsx [Client Component SSR]
    ./src/components/sections/Hero.tsx [Client Component SSR]
    ./src/components/sections/Hero.tsx [Server Component]
    ./src/app/page.tsx [Server Component] @ http://localhost:3000/_next/static/chunks/node_modules_next_dist_f3530cac._.js:3127
[  109823ms] [ERROR] ./src/components/ui/background-boxes.tsx:1:2
Parsing ecmascript source code failed
> 1 | o'use client'
    |  ^^^^^^^^^^^^
  2 |
  3 | import React, { useEffect, useRef } from 'react'
  4 | import { cn } from '@/lib/utils'

Expected ';', '}' or <eof>

Import traces:
  Client Component Browser:
    ./src/components/ui/background-boxes.tsx [Client Component Browser]
    ./src/components/sections/Hero.tsx [Client Component Browser]
    ./src/components/sections/Hero.tsx [Server Component]
    ./src/app/page.tsx [Server Component]

  Client Component SSR:
    ./src/components/ui/background-boxes.tsx [Client Component SSR]
    ./src/components/sections/Hero.tsx [Client Component SSR]
    ./src/components/sections/Hero.tsx [Server Component]
    ./src/app/page.tsx [Server Component] @ http://localhost:3000/_next/static/chunks/node_modules_next_dist_f3530cac._.js:3127
[  109897ms] [ERROR] ./src/components/ui/background-boxes.tsx:1:2
Parsing ecmascript source code failed
> 1 | o'use client'
    |  ^^^^^^^^^^^^
  2 |
  3 | import React, { useEffect, useRef } from 'react'
  4 | import { cn } from '@/lib/utils'

Expected ';', '}' or <eof>

Import traces:
  Client Component Browser:
    ./src/components/ui/background-boxes.tsx [Client Component Browser]
    ./src/components/sections/Hero.tsx [Client Component Browser]
    ./src/components/sections/Hero.tsx [Server Component]
    ./src/app/page.tsx [Server Component]

  Client Component SSR:
    ./src/components/ui/background-boxes.tsx [Client Component SSR]
    ./src/components/sections/Hero.tsx [Client Component SSR]
    ./src/components/sections/Hero.tsx [Server Component]
    ./src/app/page.tsx [Server Component] @ http://localhost:3000/_next/static/chunks/node_modules_next_dist_f3530cac._.js:3127
[  109971ms] [ERROR] ./src/components/ui/background-boxes.tsx:1:2
Parsing ecmascript source code failed
> 1 | o'use client'
    |  ^^^^^^^^^^^^
  2 |
  3 | import React, { useEffect, useRef } from 'react'
  4 | import { cn } from '@/lib/utils'

Expected ';', '}' or <eof>

Import traces:
  Client Component Browser:
    ./src/components/ui/background-boxes.tsx [Client Component Browser]
    ./src/components/sections/Hero.tsx [Client Component Browser]
    ./src/components/sections/Hero.tsx [Server Component]
    ./src/app/page.tsx [Server Component]

  Client Component SSR:
    ./src/components/ui/background-boxes.tsx [Client Component SSR]
    ./src/components/sections/Hero.tsx [Client Component SSR]
    ./src/components/sections/Hero.tsx [Server Component]
    ./src/app/page.tsx [Server Component] @ http://localhost:3000/_next/static/chunks/node_modules_next_dist_f3530cac._.js:3127
[  110065ms] [ERROR] ./src/components/ui/background-boxes.tsx:1:2
Parsing ecmascript source code failed
> 1 | o'use client'
    |  ^^^^^^^^^^^^
  2 |
  3 | import React, { useEffect, useRef } from 'react'
  4 | import { cn } from '@/lib/utils'

Expected ';', '}' or <eof>

Import traces:
  Client Component Browser:
    ./src/components/ui/background-boxes.tsx [Client Component Browser]
    ./src/components/sections/Hero.tsx [Client Component Browser]
    ./src/components/sections/Hero.tsx [Server Component]
    ./src/app/page.tsx [Server Component]

  Client Component SSR:
    ./src/components/ui/background-boxes.tsx [Client Component SSR]
    ./src/components/sections/Hero.tsx [Client Component SSR]
    ./src/components/sections/Hero.tsx [Server Component]
    ./src/app/page.tsx [Server Component] @ http://localhost:3000/_next/static/chunks/node_modules_next_dist_f3530cac._.js:3127
[  110150ms] [ERROR] ./src/components/ui/background-boxes.tsx:1:2
Parsing ecmascript source code failed
> 1 | o'use client'
    |  ^^^^^^^^^^^^
  2 |
  3 | import React, { useEffect, useRef } from 'react'
  4 | import { cn } from '@/lib/utils'

Expected ';', '}' or <eof>

Import traces:
  Client Component Browser:
    ./src/components/ui/background-boxes.tsx [Client Component Browser]
    ./src/components/sections/Hero.tsx [Client Component Browser]
    ./src/components/sections/Hero.tsx [Server Component]
    ./src/app/page.tsx [Server Component]

  Client Component SSR:
    ./src/components/ui/background-boxes.tsx [Client Component SSR]
    ./src/components/sections/Hero.tsx [Client Component SSR]
    ./src/components/sections/Hero.tsx [Server Component]
    ./src/app/page.tsx [Server Component] @ http://localhost:3000/_next/static/chunks/node_modules_next_dist_f3530cac._.js:3127
[  110227ms] [ERROR] ./src/components/ui/background-boxes.tsx:1:2
Parsing ecmascript source code failed
> 1 | o'use client'
    |  ^^^^^^^^^^^^
  2 |
  3 | import React, { useEffect, useRef } from 'react'
  4 | import { cn } from '@/lib/utils'

Expected ';', '}' or <eof>

Import traces:
  Client Component Browser:
    ./src/components/ui/background-boxes.tsx [Client Component Browser]
    ./src/components/sections/Hero.tsx [Client Component Browser]
    ./src/components/sections/Hero.tsx [Server Component]
    ./src/app/page.tsx [Server Component]

  Client Component SSR:
    ./src/components/ui/background-boxes.tsx [Client Component SSR]
    ./src/components/sections/Hero.tsx [Client Component SSR]
    ./src/components/sections/Hero.tsx [Server Component]
    ./src/app/page.tsx [Server Component] @ http://localhost:3000/_next/static/chunks/node_modules_next_dist_f3530cac._.js:3127
[  110300ms] [ERROR] ./src/components/ui/background-boxes.tsx:1:2
Parsing ecmascript source code failed
> 1 | o'use client'
    |  ^^^^^^^^^^^^
  2 |
  3 | import React, { useEffect, useRef } from 'react'
  4 | import { cn } from '@/lib/utils'

Expected ';', '}' or <eof>

Import traces:
  Client Component Browser:
    ./src/components/ui/background-boxes.tsx [Client Component Browser]
    ./src/components/sections/Hero.tsx [Client Component Browser]
    ./src/components/sections/Hero.tsx [Server Component]
    ./src/app/page.tsx [Server Component]

  Client Component SSR:
    ./src/components/ui/background-boxes.tsx [Client Component SSR]
    ./src/components/sections/Hero.tsx [Client Component SSR]
    ./src/components/sections/Hero.tsx [Server Component]
    ./src/app/page.tsx [Server Component] @ http://localhost:3000/_next/static/chunks/node_modules_next_dist_f3530cac._.js:3127
[  110378ms] [ERROR] ./src/components/ui/background-boxes.tsx:1:2
Parsing ecmascript source code failed
> 1 | o'use client'
    |  ^^^^^^^^^^^^
  2 |
  3 | import React, { useEffect, useRef } from 'react'
  4 | import { cn } from '@/lib/utils'

Expected ';', '}' or <eof>

Import traces:
  Client Component Browser:
    ./src/components/ui/background-boxes.tsx [Client Component Browser]
    ./src/components/sections/Hero.tsx [Client Component Browser]
    ./src/components/sections/Hero.tsx [Server Component]
    ./src/app/page.tsx [Server Component]

  Client Component SSR:
    ./src/components/ui/background-boxes.tsx [Client Component SSR]
    ./src/components/sections/Hero.tsx [Client Component SSR]
    ./src/components/sections/Hero.tsx [Server Component]
    ./src/app/page.tsx [Server Component] @ http://localhost:3000/_next/static/chunks/node_modules_next_dist_f3530cac._.js:3127
[  110436ms] [ERROR] ./src/components/ui/background-boxes.tsx:1:2
Parsing ecmascript source code failed
> 1 | o'use client'
    |  ^^^^^^^^^^^^
  2 |
  3 | import React, { useEffect, useRef } from 'react'
  4 | import { cn } from '@/lib/utils'

Expected ';', '}' or <eof>

Import traces:
  Client Component Browser:
    ./src/components/ui/background-boxes.tsx [Client Component Browser]
    ./src/components/sections/Hero.tsx [Client Component Browser]
    ./src/components/sections/Hero.tsx [Server Component]
    ./src/app/page.tsx [Server Component]

  Client Component SSR:
    ./src/components/ui/background-boxes.tsx [Client Component SSR]
    ./src/components/sections/Hero.tsx [Client Component SSR]
    ./src/components/sections/Hero.tsx [Server Component]
    ./src/app/page.tsx [Server Component] @ http://localhost:3000/_next/static/chunks/node_modules_next_dist_f3530cac._.js:3127
[  110529ms] [ERROR] ./src/components/ui/background-boxes.tsx:1:2
Parsing ecmascript source code failed
> 1 | o'use client'
    |  ^^^^^^^^^^^^
  2 |
  3 | import React, { useEffect, useRef } from 'react'
  4 | import { cn } from '@/lib/utils'

Expected ';', '}' or <eof>

Import traces:
  Client Component Browser:
    ./src/components/ui/background-boxes.tsx [Client Component Browser]
    ./src/components/sections/Hero.tsx [Client Component Browser]
    ./src/components/sections/Hero.tsx [Server Component]
    ./src/app/page.tsx [Server Component]

  Client Component SSR:
    ./src/components/ui/background-boxes.tsx [Client Component SSR]
    ./src/components/sections/Hero.tsx [Client Component SSR]
    ./src/components/sections/Hero.tsx [Server Component]
    ./src/app/page.tsx [Server Component] @ http://localhost:3000/_next/static/chunks/node_modules_next_dist_f3530cac._.js:3127
[  110619ms] [ERROR] ./src/components/ui/background-boxes.tsx:1:2
Parsing ecmascript source code failed
> 1 | o'use client'
    |  ^^^^^^^^^^^^
  2 |
  3 | import React, { useEffect, useRef } from 'react'
  4 | import { cn } from '@/lib/utils'

Expected ';', '}' or <eof>

Import traces:
  Client Component Browser:
    ./src/components/ui/background-boxes.tsx [Client Component Browser]
    ./src/components/sections/Hero.tsx [Client Component Browser]
    ./src/components/sections/Hero.tsx [Server Component]
    ./src/app/page.tsx [Server Component]

  Client Component SSR:
    ./src/components/ui/background-boxes.tsx [Client Component SSR]
    ./src/components/sections/Hero.tsx [Client Component SSR]
    ./src/components/sections/Hero.tsx [Server Component]
    ./src/app/page.tsx [Server Component] @ http://localhost:3000/_next/static/chunks/node_modules_next_dist_f3530cac._.js:3127
[  110732ms] [ERROR] ./src/components/ui/background-boxes.tsx:1:2
Parsing ecmascript source code failed
> 1 | o'use client'
    |  ^^^^^^^^^^^^
  2 |
  3 | import React, { useEffect, useRef } from 'react'
  4 | import { cn } from '@/lib/utils'

Expected ';', '}' or <eof>

Import traces:
  Client Component Browser:
    ./src/components/ui/background-boxes.tsx [Client Component Browser]
    ./src/components/sections/Hero.tsx [Client Component Browser]
    ./src/components/sections/Hero.tsx [Server Component]
    ./src/app/page.tsx [Server Component]

  Client Component SSR:
    ./src/components/ui/background-boxes.tsx [Client Component SSR]
    ./src/components/sections/Hero.tsx [Client Component SSR]
    ./src/components/sections/Hero.tsx [Server Component]
    ./src/app/page.tsx [Server Component] @ http://localhost:3000/_next/static/chunks/node_modules_next_dist_f3530cac._.js:3127
[  110816ms] [ERROR] ./src/components/ui/background-boxes.tsx:1:2
Parsing ecmascript source code failed
> 1 | o'use client'
    |  ^^^^^^^^^^^^
  2 |
  3 | import React, { useEffect, useRef } from 'react'
  4 | import { cn } from '@/lib/utils'

Expected ';', '}' or <eof>

Import traces:
  Client Component Browser:
    ./src/components/ui/background-boxes.tsx [Client Component Browser]
    ./src/components/sections/Hero.tsx [Client Component Browser]
    ./src/components/sections/Hero.tsx [Server Component]
    ./src/app/page.tsx [Server Component]

  Client Component SSR:
    ./src/components/ui/background-boxes.tsx [Client Component SSR]
    ./src/components/sections/Hero.tsx [Client Component SSR]
    ./src/components/sections/Hero.tsx [Server Component]
    ./src/app/page.tsx [Server Component] @ http://localhost:3000/_next/static/chunks/node_modules_next_dist_f3530cac._.js:3127
[  110894ms] [ERROR] ./src/components/ui/background-boxes.tsx:1:2
Parsing ecmascript source code failed
> 1 | o'use client'
    |  ^^^^^^^^^^^^
  2 |
  3 | import React, { useEffect, useRef } from 'react'
  4 | import { cn } from '@/lib/utils'

Expected ';', '}' or <eof>

Import traces:
  Client Component Browser:
    ./src/components/ui/background-boxes.tsx [Client Component Browser]
    ./src/components/sections/Hero.tsx [Client Component Browser]
    ./src/components/sections/Hero.tsx [Server Component]
    ./src/app/page.tsx [Server Component]

  Client Component SSR:
    ./src/components/ui/background-boxes.tsx [Client Component SSR]
    ./src/components/sections/Hero.tsx [Client Component SSR]
    ./src/components/sections/Hero.tsx [Server Component]
    ./src/app/page.tsx [Server Component] @ http://localhost:3000/_next/static/chunks/node_modules_next_dist_f3530cac._.js:3127
[  110981ms] [ERROR] ./src/components/ui/background-boxes.tsx:1:2
Parsing ecmascript source code failed
> 1 | o'use client'
    |  ^^^^^^^^^^^^
  2 |
  3 | import React, { useEffect, useRef } from 'react'
  4 | import { cn } from '@/lib/utils'

Expected ';', '}' or <eof>

Import traces:
  Client Component Browser:
    ./src/components/ui/background-boxes.tsx [Client Component Browser]
    ./src/components/sections/Hero.tsx [Client Component Browser]
    ./src/components/sections/Hero.tsx [Server Component]
    ./src/app/page.tsx [Server Component]

  Client Component SSR:
    ./src/components/ui/background-boxes.tsx [Client Component SSR]
    ./src/components/sections/Hero.tsx [Client Component SSR]
    ./src/components/sections/Hero.tsx [Server Component]
    ./src/app/page.tsx [Server Component] @ http://localhost:3000/_next/static/chunks/node_modules_next_dist_f3530cac._.js:3127
[  111075ms] [ERROR] ./src/components/ui/background-boxes.tsx:1:2
Parsing ecmascript source code failed
> 1 | o'use client'
    |  ^^^^^^^^^^^^
  2 |
  3 | import React, { useEffect, useRef } from 'react'
  4 | import { cn } from '@/lib/utils'

Expected ';', '}' or <eof>

Import traces:
  Client Component Browser:
    ./src/components/ui/background-boxes.tsx [Client Component Browser]
    ./src/components/sections/Hero.tsx [Client Component Browser]
    ./src/components/sections/Hero.tsx [Server Component]
    ./src/app/page.tsx [Server Component]

  Client Component SSR:
    ./src/components/ui/background-boxes.tsx [Client Component SSR]
    ./src/components/sections/Hero.tsx [Client Component SSR]
    ./src/components/sections/Hero.tsx [Server Component]
    ./src/app/page.tsx [Server Component] @ http://localhost:3000/_next/static/chunks/node_modules_next_dist_f3530cac._.js:3127
[  111160ms] [ERROR] ./src/components/ui/background-boxes.tsx:1:2
Parsing ecmascript source code failed
> 1 | o'use client'
    |  ^^^^^^^^^^^^
  2 |
  3 | import React, { useEffect, useRef } from 'react'
  4 | import { cn } from '@/lib/utils'

Expected ';', '}' or <eof>

Import traces:
  Client Component Browser:
    ./src/components/ui/background-boxes.tsx [Client Component Browser]
    ./src/components/sections/Hero.tsx [Client Component Browser]
    ./src/components/sections/Hero.tsx [Server Component]
    ./src/app/page.tsx [Server Component]

  Client Component SSR:
    ./src/components/ui/background-boxes.tsx [Client Component SSR]
    ./src/components/sections/Hero.tsx [Client Component SSR]
    ./src/components/sections/Hero.tsx [Server Component]
    ./src/app/page.tsx [Server Component] @ http://localhost:3000/_next/static/chunks/node_modules_next_dist_f3530cac._.js:3127
[  111243ms] [ERROR] ./src/components/ui/background-boxes.tsx:1:2
Parsing ecmascript source code failed
> 1 | o'use client'
    |  ^^^^^^^^^^^^
  2 |
  3 | import React, { useEffect, useRef } from 'react'
  4 | import { cn } from '@/lib/utils'

Expected ';', '}' or <eof>

Import traces:
  Client Component Browser:
    ./src/components/ui/background-boxes.tsx [Client Component Browser]
    ./src/components/sections/Hero.tsx [Client Component Browser]
    ./src/components/sections/Hero.tsx [Server Component]
    ./src/app/page.tsx [Server Component]

  Client Component SSR:
    ./src/components/ui/background-boxes.tsx [Client Component SSR]
    ./src/components/sections/Hero.tsx [Client Component SSR]
    ./src/components/sections/Hero.tsx [Server Component]
    ./src/app/page.tsx [Server Component] @ http://localhost:3000/_next/static/chunks/node_modules_next_dist_f3530cac._.js:3127
[  111333ms] [ERROR] ./src/components/ui/background-boxes.tsx:1:2
Parsing ecmascript source code failed
> 1 | o'use client'
    |  ^^^^^^^^^^^^
  2 |
  3 | import React, { useEffect, useRef } from 'react'
  4 | import { cn } from '@/lib/utils'

Expected ';', '}' or <eof>

Import traces:
  Client Component Browser:
    ./src/components/ui/background-boxes.tsx [Client Component Browser]
    ./src/components/sections/Hero.tsx [Client Component Browser]
    ./src/components/sections/Hero.tsx [Server Component]
    ./src/app/page.tsx [Server Component]

  Client Component SSR:
    ./src/components/ui/background-boxes.tsx [Client Component SSR]
    ./src/components/sections/Hero.tsx [Client Component SSR]
    ./src/components/sections/Hero.tsx [Server Component]
    ./src/app/page.tsx [Server Component] @ http://localhost:3000/_next/static/chunks/node_modules_next_dist_f3530cac._.js:3127
[  111405ms] [ERROR] ./src/components/ui/background-boxes.tsx:1:2
Parsing ecmascript source code failed
> 1 | o'use client'
    |  ^^^^^^^^^^^^
  2 |
  3 | import React, { useEffect, useRef } from 'react'
  4 | import { cn } from '@/lib/utils'

Expected ';', '}' or <eof>

Import traces:
  Client Component Browser:
    ./src/components/ui/background-boxes.tsx [Client Component Browser]
    ./src/components/sections/Hero.tsx [Client Component Browser]
    ./src/components/sections/Hero.tsx [Server Component]
    ./src/app/page.tsx [Server Component]

  Client Component SSR:
    ./src/components/ui/background-boxes.tsx [Client Component SSR]
    ./src/components/sections/Hero.tsx [Client Component SSR]
    ./src/components/sections/Hero.tsx [Server Component]
    ./src/app/page.tsx [Server Component] @ http://localhost:3000/_next/static/chunks/node_modules_next_dist_f3530cac._.js:3127
[  111506ms] [ERROR] ./src/components/ui/background-boxes.tsx:1:2
Parsing ecmascript source code failed
> 1 | o'use client'
    |  ^^^^^^^^^^^^
  2 |
  3 | import React, { useEffect, useRef } from 'react'
  4 | import { cn } from '@/lib/utils'

Expected ';', '}' or <eof>

Import traces:
  Client Component Browser:
    ./src/components/ui/background-boxes.tsx [Client Component Browser]
    ./src/components/sections/Hero.tsx [Client Component Browser]
    ./src/components/sections/Hero.tsx [Server Component]
    ./src/app/page.tsx [Server Component]

  Client Component SSR:
    ./src/components/ui/background-boxes.tsx [Client Component SSR]
    ./src/components/sections/Hero.tsx [Client Component SSR]
    ./src/components/sections/Hero.tsx [Server Component]
    ./src/app/page.tsx [Server Component] @ http://localhost:3000/_next/static/chunks/node_modules_next_dist_f3530cac._.js:3127
[  111603ms] [ERROR] ./src/components/ui/background-boxes.tsx:1:2
Parsing ecmascript source code failed
> 1 | o'use client'
    |  ^^^^^^^^^^^^
  2 |
  3 | import React, { useEffect, useRef } from 'react'
  4 | import { cn } from '@/lib/utils'

Expected ';', '}' or <eof>

Import traces:
  Client Component Browser:
    ./src/components/ui/background-boxes.tsx [Client Component Browser]
    ./src/components/sections/Hero.tsx [Client Component Browser]
    ./src/components/sections/Hero.tsx [Server Component]
    ./src/app/page.tsx [Server Component]

  Client Component SSR:
    ./src/components/ui/background-boxes.tsx [Client Component SSR]
    ./src/components/sections/Hero.tsx [Client Component SSR]
    ./src/components/sections/Hero.tsx [Server Component]
    ./src/app/page.tsx [Server Component] @ http://localhost:3000/_next/static/chunks/node_modules_next_dist_f3530cac._.js:3127
[  111733ms] [LOG] [Fast Refresh] rebuilding @ http://localhost:3000/_next/static/chunks/node_modules_next_dist_f3530cac._.js:2297
[  112249ms] [LOG] [Fast Refresh] done in 290ms @ http://localhost:3000/_next/static/chunks/node_modules_next_dist_f3530cac._.js:2297
[  118185ms] [LOG] [Fast Refresh] rebuilding @ http://localhost:3000/_next/static/chunks/node_modules_next_dist_f3530cac._.js:2297
[  118258ms] [LOG] [Fast Refresh] done in 211ms @ http://localhost:3000/_next/static/chunks/node_modules_next_dist_f3530cac._.js:2297
